[
  {
    "id": "bp-1",
    "name": "Electabuzz",
    "supertype": "Pokémon",
    "subtypes": [
      "Basic"
    ],
    "level": "35",
    "hp": "70",
    "types": [
      "Lightning"
    ],
    "evolvesTo": [
      "Electivire"
    ],
    "attacks": [
      {
        "name": "Thundershock",
        "cost": [
          "Lightning"
        ],
        "convertedEnergyCost": 1,
        "damage": "10",
        "text": "Flip a coin. If heads, the Defending Pokémon is now Paralyzed."
      },
      {
        "name": "Thunderpunch",
        "cost": [
          "Lightning",
          "Colorless"
        ],
        "convertedEnergyCost": 2,
        "damage": "30+",
        "text": "Flip a coin. If heads, this attack does 30 damage plus 10 more damage; if tails, this attack does 30 damage plus Electabuzz does 10 damage to itself."
      }
    ],
    "weaknesses": [
      {
        "type": "Fighting",
        "value": "×2"
      }
    ],
    "retreatCost": [
      "Colorless",
      "Colorless"
    ],
    "convertedRetreatCost": 2,
    "number": "1",
    "artist": "Ken Sugimori",
    "rarity": "Promo",
    "flavorText": "Normally found near power plants, it can wander away and cause major blackouts in cities.",
    "nationalPokedexNumbers": [
      125
    ],
    "legalities": {
      "unlimited": "Legal"
    },
    "images": {
      "small": "https://images.pokemontcg.io/bp/1.png",
      "large": "https://images.pokemontcg.io/bp/1_hires.png"
    }
  },
  {
    "id": "bp-2",
    "name": "Hitmonchan",
    "supertype": "Pokémon",
    "subtypes": [
      "Basic"
    ],
    "level": "33",
    "hp": "70",
    "types": [
      "Fighting"
    ],
    "attacks": [
      {
        "name": "Jab",
        "cost": [
          "Fighting"
        ],
        "convertedEnergyCost": 1,
        "damage": "20",
        "text": ""
      },
      {
        "name": "Special Punch",
        "cost": [
          "Fighting",
          "Fighting",
          "Colorless"
        ],
        "convertedEnergyCost": 3,
        "damage": "40",
        "text": ""
      }
    ],
    "weaknesses": [
      {
        "type": "Psychic",
        "value": "×2"
      }
    ],
    "retreatCost": [
      "Colorless",
      "Colorless"
    ],
    "convertedRetreatCost": 2,
    "number": "2",
    "artist": "Ken Sugimori",
    "rarity": "Promo",
    "flavorText": "While seeming to do nothing, it fires punches in lightning-fast volleys that are impossible to see.",
    "nationalPokedexNumbers": [
      107
    ],
    "legalities": {
      "unlimited": "Legal"
    },
    "images": {
      "small": "https://images.pokemontcg.io/bp/2.png",
      "large": "https://images.pokemontcg.io/bp/2_hires.png"
    }
  },
  {
    "id": "bp-3",
    "name": "Professor Elm",
    "supertype": "Trainer",
    "rules": [
      "Shuffle your hand into your deck. Then, draw 7 cards. You can't play any more Trainer cards this turn."
    ],
    "number": "3",
    "artist": "Ken Sugimori",
    "rarity": "Promo",
    "legalities": {
      "unlimited": "Legal"
    },
    "images": {
      "small": "https://images.pokemontcg.io/bp/3.png",
      "large": "https://images.pokemontcg.io/bp/3_hires.png"
    }
  },
  {
    "id": "bp-4",
    "name": "Rocket's Scizor",
    "supertype": "Pokémon",
    "subtypes": [
      "Basic"
    ],
    "hp": "60",
    "types": [
      "Metal"
    ],
    "attacks": [
      {
        "name": "Focus",
        "cost": [
          "Colorless"
        ],
        "convertedEnergyCost": 1,
        "damage": "",
        "text": "During your next turn, Rocket's Scizor's Agility attack's damage is doubled."
      },
      {
        "name": "Agility",
        "cost": [
          "Metal",
          "Colorless",
          "Colorless"
        ],
        "convertedEnergyCost": 3,
        "damage": "20",
        "text": "Flip a coin. If heads, during your opponent's next turn, prevent all effects of attacks, including damage, done to Rocket's Scizor."
      }
    ],
    "weaknesses": [
      {
        "type": "Fire",
        "value": "×2"
      }
    ],
    "resistances": [
      {
        "type": "Grass",
        "value": "-30"
      }
    ],
    "retreatCost": [
      "Colorless",
      "Colorless"
    ],
    "convertedRetreatCost": 2,
    "number": "4",
    "artist": "K Hoshiba",
    "rarity": "Promo",
    "nationalPokedexNumbers": [
      212
    ],
    "legalities": {
      "unlimited": "Legal"
    },
    "images": {
      "small": "https://images.pokemontcg.io/bp/4.png",
      "large": "https://images.pokemontcg.io/bp/4_hires.png"
    }
  },
  {
    "id": "bp-5",
    "name": "Rocket's Sneasel",
    "supertype": "Pokémon",
    "subtypes": [
      "Basic"
    ],
    "hp": "60",
    "types": [
      "Darkness"
    ],
    "attacks": [
      {
        "name": "Entrap",
        "cost": [
          "Darkness"
        ],
        "convertedEnergyCost": 1,
        "damage": "",
        "text": "The Defending Pokémon can't retreat during your opponent's next turn."
      },
      {
        "name": "Continuous Scratch",
        "cost": [
          "Colorless",
          "Colorless"
        ],
        "convertedEnergyCost": 2,
        "damage": "10×",
        "text": "Flip 4 coins. This attack does 10 damage times the number of heads."
      }
    ],
    "weaknesses": [
      {
        "type": "Fighting",
        "value": "×2"
      }
    ],
    "resistances": [
      {
        "type": "Psychic",
        "value": "-30"
      }
    ],
    "retreatCost": [
      "Colorless"
    ],
    "convertedRetreatCost": 1,
    "number": "5",
    "artist": "Katsura Tabata",
    "rarity": "Promo",
    "nationalPokedexNumbers": [
      215
    ],
    "legalities": {
      "unlimited": "Legal"
    },
    "images": {
      "small": "https://images.pokemontcg.io/bp/5.png",
      "large": "https://images.pokemontcg.io/bp/5_hires.png"
    }
  },
  {
    "id": "bp-6",
    "name": "Dark Ivysaur",
    "supertype": "Pokémon",
    "subtypes": [
      "Stage 1"
    ],
    "hp": "50",
    "types": [
      "Grass"
    ],
    "evolvesFrom": "Bulbasaur",
    "evolvesTo": [
      "Dark Venusaur"
    ],
    "abilities": [
      {
        "name": "Vine Pull",
        "text": "Once during your turn when Dark Ivysaur retreats, choose 1 of your opponent's Benched Pokémon and switch it with his or her Active Pokémon.",
        "type": "Poké-Body"
      }
    ],
    "attacks": [
      {
        "name": "Fury Strikes",
        "cost": [
          "Grass",
          "Grass"
        ],
        "convertedEnergyCost": 2,
        "damage": "",
        "text": "Your opponent puts 3 markers onto his or her Pokémon (divided as he or she chooses). (More than 1 marker can be put on the same Pokémon.) Then, this attack does 10 damage to each Pokémon for each marker on it. Don't apply Weakness and Resistance. Remove the markers at the end of the turn."
      }
    ],
    "weaknesses": [
      {
        "type": "Fire",
        "value": "×2"
      }
    ],
    "retreatCost": [
      "Colorless",
      "Colorless"
    ],
    "convertedRetreatCost": 2,
    "number": "6",
    "artist": "Shin-ichi Yoshida",
    "rarity": "Promo",
    "nationalPokedexNumbers": [
      2
    ],
    "legalities": {
      "unlimited": "Legal"
    },
    "images": {
      "small": "https://images.pokemontcg.io/bp/6.png",
      "large": "https://images.pokemontcg.io/bp/6_hires.png"
    }
  },
  {
    "id": "bp-7",
    "name": "Dark Venusaur",
    "supertype": "Pokémon",
    "subtypes": [
      "Stage 2"
    ],
    "hp": "70",
    "types": [
      "Grass"
    ],
    "evolvesFrom": "Dark Ivysaur",
    "attacks": [
      {
        "name": "Horrid Pollen",
        "cost": [
          "Grass",
          "Grass",
          "Grass"
        ],
        "convertedEnergyCost": 3,
        "damage": "30",
        "text": "Flip 2 coins. If 1 is heads, the Defending Pokémon is now Asleep and Poisoned. If both are heads, the Defending Pokémon is now Confused and Poisoned. If both are tails, the Defending Pokémon is now Paralyzed and Poisoned."
      }
    ],
    "weaknesses": [
      {
        "type": "Fire",
        "value": "×2"
      }
    ],
    "retreatCost": [
      "Colorless",
      "Colorless"
    ],
    "convertedRetreatCost": 2,
    "number": "7",
    "artist": "Shin-ichi Yoshida",
    "rarity": "Promo",
    "nationalPokedexNumbers": [
      3
    ],
    "legalities": {
      "unlimited": "Legal"
    },
    "images": {
      "small": "https://images.pokemontcg.io/bp/7.png",
      "large": "https://images.pokemontcg.io/bp/7_hires.png"
    }
  },
  {
    "id": "bp-8",
    "name": "Rocket's Mewtwo",
    "supertype": "Pokémon",
    "subtypes": [
      "Basic"
    ],
    "level": "35",
    "hp": "70",
    "types": [
      "Psychic"
    ],
    "attacks": [
      {
        "name": "Juxtapose",
        "cost": [
          "Psychic"
        ],
        "convertedEnergyCost": 1,
        "damage": "",
        "text": "Flip a coin. If heads, switch the number of damage counters on Rocket's Mewtwo with the number of damage counters on the Defending Pokémon (even if it would Knock Out either Pokémon). (It's okay if 1 of the Pokémon has no damage counters on it.)"
      },
      {
        "name": "Hypnoblast",
        "cost": [
          "Psychic",
          "Psychic"
        ],
        "convertedEnergyCost": 2,
        "damage": "20",
        "text": "Flip a coin. If heads, the Defending Pokémon is now Asleep."
      },
      {
        "name": "Psyburn",
        "cost": [
          "Psychic",
          "Psychic",
          "Psychic",
          "Colorless"
        ],
        "convertedEnergyCost": 4,
        "damage": "60",
        "text": ""
      }
    ],
    "weaknesses": [
      {
        "type": "Psychic",
        "value": "×2"
      }
    ],
    "retreatCost": [
      "Colorless",
      "Colorless"
    ],
    "convertedRetreatCost": 2,
    "number": "8",
    "artist": "Shin-ichi Yoshida",
    "rarity": "Promo",
    "nationalPokedexNumbers": [
      150
    ],
    "legalities": {
      "unlimited": "Legal"
    },
    "images": {
      "small": "https://images.pokemontcg.io/bp/8.png",
      "large": "https://images.pokemontcg.io/bp/8_hires.png"
    }
  },
  {
    "id": "bp-9",
    "name": "Rocket's Hitmonchan",
    "supertype": "Pokémon",
    "subtypes": [
      "Basic"
    ],
    "level": "29",
    "hp": "60",
    "types": [
      "Fighting"
    ],
    "attacks": [
      {
        "name": "Crosscounter",
        "cost": [
          "Fighting"
        ],
        "convertedEnergyCost": 1,
        "damage": "",
        "text": "If an attack does damage to Rocket's Hitmonchan during your opponent's next turn (even if Rocket's Hitmonchan is Knocked Out), flip a coin. If heads, Rocket's Hitmonchan attacks your opponent's Active Pokémon for double that amount of damage. (If Rocket's Hitmonchan takes 20 damage, it does 40 damage to that Pokémon.)"
      },
      {
        "name": "Magnum Punch",
        "cost": [
          "Fighting",
          "Fighting",
          "Colorless"
        ],
        "convertedEnergyCost": 3,
        "damage": "50",
        "text": ""
      }
    ],
    "weaknesses": [
      {
        "type": "Psychic",
        "value": "×2"
      }
    ],
    "retreatCost": [
      "Colorless"
    ],
    "convertedRetreatCost": 1,
    "number": "9",
    "artist": "Ken Sugimori",
    "rarity": "Promo",
    "nationalPokedexNumbers": [
      107
    ],
    "legalities": {
      "unlimited": "Legal"
    },
    "images": {
      "small": "https://images.pokemontcg.io/bp/9.png",
      "large": "https://images.pokemontcg.io/bp/9_hires.png"
    }
  }
]