[
  {
    "id": "cel25c-2_A",
    "name": "Blastoise",
    "supertype": "Pokémon",
    "subtypes": [
      "Stage 2"
    ],
    "hp": "100",
    "types": [
      "Water"
    ],
    "evolvesFrom": "Wartortle",
    "abilities": [
      {
        "name": "Rain Dance",
        "text": "As often as you like during your turn (before your attack), you may attach 1 Water Energy card to 1 of your Water Pokémon. (This doesn't use up your 1 Energy card attachment for the turn.) This power can't be used if Blastoise is Asleep, Confused, or Paralyzed.",
        "type": "Pokémon Power"
      }
    ],
    "attacks": [
      {
        "cost": [
          "Water",
          "Water",
          "Water"
        ],
        "name": "Hydro Pump",
        "damage": "40+",
        "text": "Does 40 damage plus 10 more damage for each Water Energy attached to Blastoise but not used to pay for this attack’s Energy cost. Extra Water Energy after the 2nd doesn’t count.",
        "convertedEnergyCost": 3
      }
    ],
    "weaknesses": [
      {
        "type": "Lightning",
        "value": "×2"
      }
    ],
    "retreatCost": [
      "Colorless",
      "Colorless",
      "Colorless"
    ],
    "convertedRetreatCost": 3,
    "number": "2",
    "artist": "Ken Sugimori",
    "rarity": "Classic Collection",
    "flavorText": "A brutal Pokémon with pressurized water jets on its shell. They are used for high-speed tackles.",
    "nationalPokedexNumbers": [
      9
    ],
    "legalities": {
      "unlimited": "Legal"
    },
    "images": {
      "small": "https://images.pokemontcg.io/cel25c/2_A.png",
      "large": "https://images.pokemontcg.io/cel25c/2_A_hires.png"
    }
  },
  {
    "id": "cel25c-4_A",
    "name": "Charizard",
    "supertype": "Pokémon",
    "subtypes": [
      "Stage 2"
    ],
    "hp": "120",
    "types": [
      "Fire"
    ],
    "evolvesFrom": "Charmeleon",
    "abilities": [
      {
        "name": "Energy Burn",
        "text": "As often as you like during your turn (before your attack), you may turn all Energy attached to Charizard into Fire Energy for the rest of the turn. This power can't be used if Charizard is Asleep, Confused, or Paralyzed.",
        "type": "Pokémon Power"
      }
    ],
    "attacks": [
      {
        "cost": [
          "Fire",
          "Fire",
          "Fire",
          "Fire"
        ],
        "name": "Fire Spin",
        "damage": "100",
        "text": "Discard 2 Energy cards attached to Charizard in order to use this attack.",
        "convertedEnergyCost": 4
      }
    ],
    "weaknesses": [
      {
        "type": "Water",
        "value": "×2"
      }
    ],
    "resistances": [
      {
        "type": "Fighting",
        "value": "-30"
      }
    ],
    "retreatCost": [
      "Colorless",
      "Colorless",
      "Colorless"
    ],
    "convertedRetreatCost": 3,
    "number": "4",
    "artist": "Mitsuhiro Arita",
    "rarity": "Classic Collection",
    "flavorText": "Spits fire that is hot enough to melt boulders. Known to unintentionally cause forest fires.",
    "nationalPokedexNumbers": [
      6
    ],
    "legalities": {
      "unlimited": "Legal"
    },
    "images": {
      "small": "https://images.pokemontcg.io/cel25c/4_A.png",
      "large": "https://images.pokemontcg.io/cel25c/4_A_hires.png"
    }
  },
  {
    "id": "cel25c-15_A1",
    "name": "Venusaur",
    "supertype": "Pokémon",
    "subtypes": [
      "Stage 2"
    ],
    "hp": "100",
    "types": [
      "Grass"
    ],
    "evolvesFrom": "Ivysaur",
    "abilities": [
      {
        "name": "Energy Trans",
        "text": "As often as you like during your turn (before your attack), you may take 1 Grass Energy card attached to 1 of your Pokémon and attach it to a different one. This power can't be used if Venusaur is Asleep, Confused, or Paralyzed.",
        "type": "Pokémon Power"
      }
    ],
    "attacks": [
      {
        "cost": [
          "Grass",
          "Grass",
          "Grass",
          "Grass"
        ],
        "name": "Solarbeam",
        "damage": "60",
        "text": "",
        "convertedEnergyCost": 4
      }
    ],
    "weaknesses": [
      {
        "type": "Fire",
        "value": "×2"
      }
    ],
    "retreatCost": [
      "Colorless",
      "Colorless"
    ],
    "convertedRetreatCost": 2,
    "number": "15",
    "artist": "Mitsuhiro Arita",
    "rarity": "Classic Collection",
    "flavorText": "This plant blooms when it is absorbing solar energy. It stays on the move to seek sunlight.",
    "nationalPokedexNumbers": [
      3
    ],
    "legalities": {
      "unlimited": "Legal"
    },
    "images": {
      "small": "https://images.pokemontcg.io/cel25c/15_A.png",
      "large": "https://images.pokemontcg.io/cel25c/15_A_hires.png"
    }
  },
  {
    "id": "cel25c-15_A2",
    "name": "Here Comes Team Rocket!",
    "supertype": "Trainer",
    "subtypes": [
      "Supporter"
    ],
    "rules": [
      "Each player plays with his or her Prize cards face up for the rest of the game."
    ],
    "number": "15",
    "artist": "Ken Sugimori",
    "rarity": "Classic Collection",
    "legalities": {
      "unlimited": "Legal"
    },
    "images": {
      "small": "https://images.pokemontcg.io/cel25c/15_B.png",
      "large": "https://images.pokemontcg.io/cel25c/15_B_hires.png"
    }
  },
  {
    "id": "cel25c-15_A3",
    "name": "Rocket’s Zapdos",
    "supertype": "Pokémon",
    "subtypes": [
      "Basic"
    ],
    "hp": "70",
    "types": [
      "Lightning"
    ],
    "attacks": [
      {
        "cost": [
          "Lightning"
        ],
        "name": "Plasma",
        "damage": "20",
        "text": "If there are any Lightning Energy cards in your discard pile, attach 1 of them to Rocket’s Zapdos.",
        "convertedEnergyCost": 1
      },
      {
        "cost": [
          "Lightning",
          "Lightning",
          "Lightning",
          "Colorless"
        ],
        "name": "Electroburn",
        "damage": "70",
        "text": "Rocket’s Zapdos does damage to itself equal to 10 times the number of Lightning Energy cards attached to it.",
        "convertedEnergyCost": 4
      }
    ],
    "resistances": [
      {
        "type": "Fighting",
        "value": "-30"
      }
    ],
    "retreatCost": [
      "Colorless",
      "Colorless"
    ],
    "convertedRetreatCost": 2,
    "number": "15",
    "artist": "Shin-ichi Yoshida",
    "rarity": "Classic Collection",
    "nationalPokedexNumbers": [
      145
    ],
    "legalities": {
      "unlimited": "Legal"
    },
    "images": {
      "small": "https://images.pokemontcg.io/cel25c/15_C.png",
      "large": "https://images.pokemontcg.io/cel25c/15_C_hires.png"
    }
  },
  {
    "id": "cel25c-15_A4",
    "name": "Claydol",
    "supertype": "Pokémon",
    "subtypes": [
      "Stage 1"
    ],
    "level": "45",
    "hp": "80",
    "types": [
      "Fighting"
    ],
    "evolvesFrom": "Baltoy",
    "abilities": [
      {
        "type": "Poké-Power",
        "name": "Cosmic Power",
        "text": "Once during your turn (before your attack), you may choose up to 2 cards from your hand and put them on the bottom of your deck in any order. If you do, draw cards until you have 6 cards in your hand. This power can’t be used if Claydol is affected by a Special Condition."
      }
    ],
    "attacks": [
      {
        "cost": [
          "Fighting",
          "Colorless"
        ],
        "name": "Spinning Attack",
        "damage": "40",
        "text": "",
        "convertedEnergyCost": 2
      }
    ],
    "weaknesses": [
      {
        "type": "Grass",
        "value": "+20"
      }
    ],
    "retreatCost": [
      "Colorless",
      "Colorless"
    ],
    "convertedRetreatCost": 2,
    "number": "15",
    "artist": "Midori Harada",
    "rarity": "Classic Collection",
    "nationalPokedexNumbers": [
      344
    ],
    "legalities": {
      "unlimited": "Legal"
    },
    "images": {
      "small": "https://images.pokemontcg.io/cel25c/15_D.png",
      "large": "https://images.pokemontcg.io/cel25c/15_D_hires.png"
    }
  },
  {
    "id": "cel25c-73_A",
    "name": "Imposter Professor Oak",
    "supertype": "Trainer",
    "subtypes": [
      "Supporter"
    ],
    "rules": [
      "Your opponent shuffles his or her hand into his or her deck, then draws 7 cards."
    ],
    "number": "73",
    "artist": "Ken Sugimori",
    "rarity": "Classic Collection",
    "legalities": {
      "unlimited": "Legal"
    },
    "images": {
      "small": "https://images.pokemontcg.io/cel25c/73_A.png",
      "large": "https://images.pokemontcg.io/cel25c/73_A_hires.png"
    }
  },
  {
    "id": "cel25c-8_A",
    "name": "Dark Gyarados",
    "supertype": "Pokémon",
    "subtypes": [
      "Stage 1"
    ],
    "hp": "70",
    "types": [
      "Water"
    ],
    "evolvesFrom": "Magikarp",
    "abilities": [
      {
        "name": "Final Beam",
        "text": "When Dark Gyarados is Knocked Out by an attack, flip a coin. If heads, this power does 20 damage for each Water Energy attached to Dark Gyarados to the Pokémon that Knocked Out Dark Gyarados. Apply Weakness and Resistance. This power doesn't work if Dark Gyarados is Asleep, Confused, or Paralyzed.",
        "type": "Pokémon Power"
      }
    ],
    "attacks": [
      {
        "cost": [
          "Water",
          "Water",
          "Water"
        ],
        "name": "Ice Beam",
        "damage": "30",
        "text": "Flip a coin. If heads, the Defending Pokémon is now Paralyzed.",
        "convertedEnergyCost": 3
      }
    ],
    "weaknesses": [
      {
        "type": "Grass",
        "value": "×2"
      }
    ],
    "resistances": [
      {
        "type": "Fighting",
        "value": "-30"
      }
    ],
    "retreatCost": [
      "Colorless",
      "Colorless"
    ],
    "convertedRetreatCost": 2,
    "number": "8",
    "artist": "Kagemaru Himeno",
    "rarity": "Classic Collection",
    "flavorText": "Normally found only in the deep ocean, it has recently been seen in shallow waters as well.",
    "nationalPokedexNumbers": [
      130
    ],
    "legalities": {
      "unlimited": "Legal"
    },
    "images": {
      "small": "https://images.pokemontcg.io/cel25c/8_A.png",
      "large": "https://images.pokemontcg.io/cel25c/8_A_hires.png"
    }
  },
  {
    "id": "cel25c-24_A",
    "name": "_____’s Pikachu",
    "supertype": "Pokémon",
    "subtypes": [
      "Basic"
    ],
    "hp": "50",
    "types": [
      "Lightning"
    ],
    "evolvesTo": [
      "Raichu"
    ],
    "attacks": [
      {
        "cost": [
          "Lightning",
          "Lightning"
        ],
        "name": "Birthday Surprise",
        "damage": "30+",
        "text": "If it’s not your birthday, this attack does 30 damage. If it is your birthday, flip a coin. If heads, this attack does 30 damage plus 50 more damage; if tails, this attack does 30 damage.",
        "convertedEnergyCost": 2
      }
    ],
    "weaknesses": [
      {
        "type": "Fighting",
        "value": "×2"
      }
    ],
    "retreatCost": [
      "Colorless"
    ],
    "convertedRetreatCost": 1,
    "number": "24",
    "artist": "Kagemaru Himeno",
    "rarity": "Classic Collection",
    "nationalPokedexNumbers": [
      25
    ],
    "legalities": {
      "unlimited": "Legal"
    },
    "images": {
      "small": "https://images.pokemontcg.io/cel25c/24_A.png",
      "large": "https://images.pokemontcg.io/cel25c/24_A_hires.png"
    }
  },
  {
    "id": "cel25c-20_A",
    "name": "Cleffa",
    "supertype": "Pokémon",
    "subtypes": [
      "Baby"
    ],
    "hp": "30",
    "types": [
      "Colorless"
    ],
    "evolvesTo": [
      "Clefairy"
    ],
    "attacks": [
      {
        "cost": [
          "Colorless"
        ],
        "name": "Eeeeeeek",
        "damage": "",
        "text": "Shuffle your hand into your deck, then draw 7 cards.",
        "convertedEnergyCost": 1
      }
    ],
    "number": "20",
    "artist": "Kagemaru Himeno",
    "rarity": "Classic Collection",
    "nationalPokedexNumbers": [
      173
    ],
    "legalities": {
      "unlimited": "Legal"
    },
    "images": {
      "small": "https://images.pokemontcg.io/cel25c/20_A.png",
      "large": "https://images.pokemontcg.io/cel25c/20_A_hires.png"
    }
  },
  {
    "id": "cel25c-66_A",
    "name": "Shining Magikarp",
    "supertype": "Pokémon",
    "subtypes": [
      "Basic"
    ],
    "hp": "30",
    "types": [
      "Water"
    ],
    "evolvesTo": [
      "Gyarados"
    ],
    "attacks": [
      {
        "cost": [
          "Water"
        ],
        "name": "Gold Scale",
        "damage": "",
        "text": "Your opponent may draw 2 cards. Either way, you may draw 2 cards.",
        "convertedEnergyCost": 1
      },
      {
        "cost": [
          "Psychic"
        ],
        "name": "Dragon Bond",
        "damage": "",
        "text": "Search your deck for a card named Gyarados, Dark Gyarados, or Shining Gyarados. Show it to your opponent and put it into your hand. Shuffle your deck afterward.",
        "convertedEnergyCost": 1
      }
    ],
    "weaknesses": [
      {
        "type": "Lightning",
        "value": "×2"
      }
    ],
    "retreatCost": [
      "Colorless"
    ],
    "convertedRetreatCost": 1,
    "number": "66",
    "artist": "Ken Sugimori",
    "rarity": "Classic Collection",
    "nationalPokedexNumbers": [
      129
    ],
    "legalities": {
      "unlimited": "Legal"
    },
    "images": {
      "small": "https://images.pokemontcg.io/cel25c/66_A.png",
      "large": "https://images.pokemontcg.io/cel25c/66_A_hires.png"
    }
  },
  {
    "id": "cel25c-9_A",
    "name": "Team Magma’s Groudon",
    "supertype": "Pokémon",
    "subtypes": [
      "Basic"
    ],
    "hp": "100",
    "types": [
      "Fighting",
      "Darkness"
    ],
    "abilities": [
      {
        "type": "Poké-Body",
        "name": "Power Saver",
        "text": "As long as the number of Pokémon in play (both yours and your opponent’s) that has Team Magma in its name is 3 or less, Team Magma’s Groudon can’t attack."
      }
    ],
    "attacks": [
      {
        "cost": [
          "Fighting",
          "Colorless"
        ],
        "name": "Linear Attack",
        "damage": "",
        "text": "Choose 1 of your opponent’s Pokémon. This attack does 20 damage to that Pokémon. (Don’t apply Weakness and Resistance for Benched Pokémon.)",
        "convertedEnergyCost": 2
      },
      {
        "cost": [
          "Fighting",
          "Fighting",
          "Colorless"
        ],
        "name": "Pulverize",
        "damage": "50+",
        "text": "If the Defending Pokémon already has at least 2 damage counters on it, this attack does 50 damage plus 20 more damage.",
        "convertedEnergyCost": 3
      }
    ],
    "weaknesses": [
      {
        "type": "Grass",
        "value": "×2"
      }
    ],
    "retreatCost": [
      "Colorless",
      "Colorless",
      "Colorless"
    ],
    "convertedRetreatCost": 3,
    "number": "9",
    "artist": "Kazuo Yazawa",
    "rarity": "Classic Collection",
    "nationalPokedexNumbers": [
      383
    ],
    "legalities": {
      "unlimited": "Legal"
    },
    "images": {
      "small": "https://images.pokemontcg.io/cel25c/9_A.png",
      "large": "https://images.pokemontcg.io/cel25c/9_A_hires.png"
    }
  },
  {
    "id": "cel25c-86_A",
    "name": "Rocket’s Admin.",
    "supertype": "Trainer",
    "subtypes": [
      "Supporter"
    ],
    "rules": [
      "You can play only one Supporter card each turn. When you play this card, put it next to your Active Pokémon. When your turn ends, discard this card.",
      "Each player shuffles his or her hand into his or her deck. Then, each player counts his or her Prize cards left and draws up to that many cards. (You draw your cards first.)"
    ],
    "number": "86",
    "artist": "Ken Sugimori",
    "rarity": "Classic Collection",
    "legalities": {
      "unlimited": "Legal"
    },
    "images": {
      "small": "https://images.pokemontcg.io/cel25c/86_A.png",
      "large": "https://images.pokemontcg.io/cel25c/86_A_hires.png"
    }
  },
  {
    "id": "cel25c-88_A",
    "name": "Mew ex",
    "supertype": "Pokémon",
    "subtypes": [
      "EX"
    ],
    "level": "ex",
    "hp": "90",
    "types": [
      "Psychic"
    ],
    "rules": [
      "When a Pokémon-ex has been knocked out, your opponent takes 2 Prize cards."
    ],
    "abilities": [
      {
        "type": "Poké-Body",
        "name": "Versatile",
        "text": "Mew ex can use the attacks of all Pokémon in play as its own. (You still need the necessary Energy to use each attack.)"
      }
    ],
    "attacks": [
      {
        "cost": [
          "Psychic",
          "Colorless"
        ],
        "name": "Power Move",
        "damage": "",
        "text": "Search your deck for an Energy card and attach it to Mew ex. Shuffle your deck afterward. Then, you may switch Mew ex with 1 of your Benched Pokémon.",
        "convertedEnergyCost": 2
      }
    ],
    "weaknesses": [
      {
        "type": "Psychic",
        "value": "×2"
      }
    ],
    "retreatCost": [
      "Colorless"
    ],
    "convertedRetreatCost": 1,
    "number": "88",
    "artist": "Ryo Ueda",
    "rarity": "Classic Collection",
    "nationalPokedexNumbers": [
      151
    ],
    "legalities": {
      "unlimited": "Legal"
    },
    "images": {
      "small": "https://images.pokemontcg.io/cel25c/88_A.png",
      "large": "https://images.pokemontcg.io/cel25c/88_A_hires.png"
    }
  },
  {
    "id": "cel25c-93_A",
    "name": "Gardevoir ex",
    "supertype": "Pokémon",
    "subtypes": [
      "Stage 2"
    ],
    "level": "ex",
    "hp": "150",
    "types": [
      "Fire"
    ],
    "evolvesFrom": "Kirlia",
    "rules": [
      "When a Pokémon-ex has been knocked out, your opponent takes 2 Prize cards."
    ],
    "abilities": [
      {
        "type": "Poké-Power",
        "name": "Imprison",
        "text": "Once during your turn (before your attack), if Gardevoir ex is your Active Pokémon, you may put an Imprison marker on 1 of your opponent’s Pokémon. Any Pokémon that has any Imprison markers on it can’t use any Poké-Powers or Poké-Bodies. This power can’t be used if Gardevoir ex is affected by a Special Condition."
      }
    ],
    "attacks": [
      {
        "cost": [
          "Fire",
          "Colorless",
          "Colorless"
        ],
        "name": "Flame Ball",
        "damage": "80",
        "text": "You may move a Fire Energy card attached to Gardevoir ex to 1 of your Benched Pokémon.",
        "convertedEnergyCost": 3
      }
    ],
    "weaknesses": [
      {
        "type": "Psychic",
        "value": "×2"
      }
    ],
    "retreatCost": [
      "Colorless",
      "Colorless"
    ],
    "convertedRetreatCost": 2,
    "number": "93",
    "artist": "Masahiko Ishii",
    "rarity": "Classic Collection",
    "nationalPokedexNumbers": [
      282
    ],
    "legalities": {
      "unlimited": "Legal"
    },
    "images": {
      "small": "https://images.pokemontcg.io/cel25c/93_A.png",
      "large": "https://images.pokemontcg.io/cel25c/93_A_hires.png"
    }
  },
  {
    "id": "cel25c-17_A",
    "name": "Umbreon ★",
    "supertype": "Pokémon",
    "subtypes": [
      "Basic"
    ],
    "hp": "70",
    "types": [
      "Darkness"
    ],
    "rules": [
      "You can't have more than 1 Pokémon★ in your deck."
    ],
    "abilities": [
      {
        "type": "Poké-Power",
        "name": "Dark Ray",
        "text": "Once during your turn, when you put Umbreon from your hand onto your Bench, you may choose 1 card from your opponent’s hand without looking and discard it."
      }
    ],
    "attacks": [
      {
        "cost": [
          "Darkness",
          "Darkness"
        ],
        "name": "Feint Attack",
        "damage": "",
        "text": "Choose 1 of your opponent’s Pokémon. This attack does 30 damage to that Pokémon. This attack’s damage isn’t affected by Weakness, Resistance, Poké-Powers, Poké-Bodies, or any other effects on that Pokémon.",
        "convertedEnergyCost": 2
      }
    ],
    "weaknesses": [
      {
        "type": "Fighting",
        "value": "×2"
      }
    ],
    "resistances": [
      {
        "type": "Psychic",
        "value": "-30"
      }
    ],
    "retreatCost": [
      "Colorless"
    ],
    "convertedRetreatCost": 1,
    "number": "17",
    "artist": "Masakazu Fukuda",
    "rarity": "Classic Collection",
    "nationalPokedexNumbers": [
      197
    ],
    "legalities": {
      "unlimited": "Legal"
    },
    "images": {
      "small": "https://images.pokemontcg.io/cel25c/17_A.png",
      "large": "https://images.pokemontcg.io/cel25c/17_A_hires.png"
    }
  },
  {
    "id": "cel25c-109_A",
    "name": "Luxray GL LV.X",
    "supertype": "Pokémon",
    "subtypes": [
      "Level-Up"
    ],
    "level": "X",
    "hp": "110",
    "types": [
      "Lightning"
    ],
    "rules": [
      "Put this card onto your Active Luxray [GL]. Luxray [GL] LV. X can use any attack, Poké-Power, or Poké-Body from its previous Level."
    ],
    "abilities": [
      {
        "type": "Poké-Power",
        "name": "Bright Look",
        "text": "Once during your turn (before your attack), when you put Luxray LV.X from your hand onto your Active Luxray , you may switch the Defending Pokémon with 1 of your opponent’s Benched Pokémon."
      }
    ],
    "attacks": [
      {
        "cost": [
          "Lightning",
          "Colorless"
        ],
        "name": "Flash Impact",
        "damage": "60",
        "text": "Does 30 damage to 1 of your Pokémon, and don’t apply Weakness and Resistance to this damage.",
        "convertedEnergyCost": 2
      }
    ],
    "weaknesses": [
      {
        "type": "Fighting",
        "value": "×2"
      }
    ],
    "resistances": [
      {
        "type": "Metal",
        "value": "-20"
      }
    ],
    "number": "109",
    "artist": "Mitsuhiro Arita",
    "rarity": "Classic Collection",
    "nationalPokedexNumbers": [
      405
    ],
    "legalities": {
      "unlimited": "Legal"
    },
    "images": {
      "small": "https://images.pokemontcg.io/cel25c/109_A.png",
      "large": "https://images.pokemontcg.io/cel25c/109_A_hires.png"
    }
  },
  {
    "id": "cel25c-145_A",
    "name": "Garchomp C LV.X",
    "supertype": "Pokémon",
    "subtypes": [
      "Level-Up"
    ],
    "level": "X",
    "hp": "110",
    "types": [
      "Colorless"
    ],
    "rules": [
      "Put this card onto your Active Garchomp [C]. Garchomp [C] LV. X can use any attack, Poké-Power, or Poké-Body from its previous Level."
    ],
    "abilities": [
      {
        "type": "Poké-Power",
        "name": "Healing Breath",
        "text": "Once during your turn (before your attack), when you put Garchomp LV.X from your hand onto your Active Garchomp , you may remove all damage counters from each of your Pokémon SP."
      }
    ],
    "attacks": [
      {
        "cost": [
          "Colorless",
          "Colorless",
          "Colorless"
        ],
        "name": "Dragon Rush",
        "damage": "",
        "text": "Discard 2 Energy attached to Garchomp [C]. Choose 1 of your opponent’s Pokémon. This attack does 80 damage to that Pokémon. (Don’t apply Weakness and Resistance for Benched Pokémon.) Garchomp [C] can’t use Dragon Rush during your next turn.",
        "convertedEnergyCost": 3
      }
    ],
    "weaknesses": [
      {
        "type": "Colorless",
        "value": "×2"
      }
    ],
    "number": "145",
    "artist": "Shizurow",
    "rarity": "Classic Collection",
    "nationalPokedexNumbers": [
      445
    ],
    "legalities": {
      "unlimited": "Legal"
    },
    "images": {
      "small": "https://images.pokemontcg.io/cel25c/145_A.png",
      "large": "https://images.pokemontcg.io/cel25c/145_A_hires.png"
    }
  },
  {
    "id": "cel25c-107_A",
    "name": "Donphan",
    "supertype": "Pokémon",
    "subtypes": [
      "Stage 1"
    ],
    "hp": "120",
    "types": [
      "Fighting"
    ],
    "evolvesFrom": "Phanpy",
    "abilities": [
      {
        "type": "Poké-Body",
        "name": "Exoskeleton",
        "text": "Any damage done to Donphan by attacks is reduced by 20 (after applying Weakness and Resistance)."
      }
    ],
    "attacks": [
      {
        "cost": [
          "Fighting"
        ],
        "name": "Earthquake",
        "damage": "60",
        "text": "Does 10 damage to each of your Benched Pokémon. (Don’t apply Weakness and Resistance for Benched Pokémon.)",
        "convertedEnergyCost": 1
      },
      {
        "cost": [
          "Fighting",
          "Fighting",
          "Fighting"
        ],
        "name": "Heavy Impact",
        "damage": "90",
        "text": "",
        "convertedEnergyCost": 3
      }
    ],
    "weaknesses": [
      {
        "type": "Water",
        "value": "×2"
      }
    ],
    "resistances": [
      {
        "type": "Lightning",
        "value": "-20"
      }
    ],
    "retreatCost": [
      "Colorless",
      "Colorless",
      "Colorless",
      "Colorless"
    ],
    "convertedRetreatCost": 4,
    "number": "107",
    "artist": "Kent Kanetsuna",
    "rarity": "Classic Collection",
    "nationalPokedexNumbers": [
      232
    ],
    "legalities": {
      "unlimited": "Legal"
    },
    "images": {
      "small": "https://images.pokemontcg.io/cel25c/107_A.png",
      "large": "https://images.pokemontcg.io/cel25c/107_A_hires.png"
    }
  },
  {
    "id": "cel25c-113_A",
    "name": "Reshiram",
    "supertype": "Pokémon",
    "subtypes": [
      "Basic"
    ],
    "hp": "130",
    "types": [
      "Fire"
    ],
    "attacks": [
      {
        "cost": [
          "Colorless",
          "Colorless"
        ],
        "name": "Outrage",
        "damage": "20+",
        "text": "Does 10 more damage for each damage counter on this Pokémon.",
        "convertedEnergyCost": 2
      },
      {
        "cost": [
          "Fire",
          "Fire",
          "Colorless"
        ],
        "name": "Blue Flare",
        "damage": "120",
        "text": "Discard 2 Fire Energy attached to this Pokémon.",
        "convertedEnergyCost": 3
      }
    ],
    "weaknesses": [
      {
        "type": "Water",
        "value": "×2"
      }
    ],
    "retreatCost": [
      "Colorless",
      "Colorless"
    ],
    "convertedRetreatCost": 2,
    "number": "113",
    "artist": "5ban Graphics",
    "rarity": "Classic Collection",
    "nationalPokedexNumbers": [
      643
    ],
    "legalities": {
      "unlimited": "Legal",
      "expanded": "Legal"
    },
    "images": {
      "small": "https://images.pokemontcg.io/cel25c/113_A.png",
      "large": "https://images.pokemontcg.io/cel25c/113_A_hires.png"
    }
  },
  {
    "id": "cel25c-114_A",
    "name": "Zekrom",
    "supertype": "Pokémon",
    "subtypes": [
      "Basic"
    ],
    "hp": "130",
    "types": [
      "Lightning"
    ],
    "attacks": [
      {
        "cost": [
          "Colorless",
          "Colorless"
        ],
        "name": "Outrage",
        "damage": "20+",
        "text": "Does 10 more damage for each damage counter on this Pokémon.",
        "convertedEnergyCost": 2
      },
      {
        "cost": [
          "Lightning",
          "Lightning",
          "Colorless"
        ],
        "name": "Bolt Strike",
        "damage": "120",
        "text": "This Pokémon does 40 damage to itself.",
        "convertedEnergyCost": 3
      }
    ],
    "weaknesses": [
      {
        "type": "Fighting",
        "value": "×2"
      }
    ],
    "retreatCost": [
      "Colorless",
      "Colorless"
    ],
    "convertedRetreatCost": 2,
    "number": "114",
    "artist": "5ban Graphics",
    "rarity": "Classic Collection",
    "nationalPokedexNumbers": [
      644
    ],
    "legalities": {
      "unlimited": "Legal",
      "expanded": "Legal"
    },
    "images": {
      "small": "https://images.pokemontcg.io/cel25c/114_A.png",
      "large": "https://images.pokemontcg.io/cel25c/114_A_hires.png"
    }
  },
  {
    "id": "cel25c-54_A",
    "name": "Mewtwo-EX",
    "supertype": "Pokémon",
    "subtypes": [
      "EX"
    ],
    "hp": "170",
    "types": [
      "Psychic"
    ],
    "rules": [
      "When a Pokémon-EX has been Knocked Out, your opponent takes 2 Prize cards."
    ],
    "attacks": [
      {
        "cost": [
          "Colorless",
          "Colorless"
        ],
        "name": "X Ball",
        "damage": "20×",
        "text": "Does 20 damage times the amount of Energy attached to this Pokémon and the Defending Pokémon.",
        "convertedEnergyCost": 2
      },
      {
        "cost": [
          "Psychic",
          "Psychic",
          "Colorless"
        ],
        "name": "Psydrive",
        "damage": "120",
        "text": "Discard an Energy attached to this Pokémon.",
        "convertedEnergyCost": 3
      }
    ],
    "weaknesses": [
      {
        "type": "Psychic",
        "value": "×2"
      }
    ],
    "retreatCost": [
      "Colorless",
      "Colorless"
    ],
    "convertedRetreatCost": 2,
    "number": "54",
    "artist": "Shizurow",
    "rarity": "Classic Collection",
    "nationalPokedexNumbers": [
      150
    ],
    "legalities": {
      "unlimited": "Legal",
      "expanded": "Legal"
    },
    "images": {
      "small": "https://images.pokemontcg.io/cel25c/54_A.png",
      "large": "https://images.pokemontcg.io/cel25c/54_A_hires.png"
    }
  },
  {
    "id": "cel25c-97_A",
    "name": "Xerneas-EX",
    "supertype": "Pokémon",
    "subtypes": [
      "EX"
    ],
    "hp": "170",
    "types": [
      "Fairy"
    ],
    "rules": [
      "When a Pokémon-EX has been Knocked Out, your opponent takes 2 Prize cards."
    ],
    "attacks": [
      {
        "cost": [
          "Fairy",
          "Colorless",
          "Colorless"
        ],
        "name": "Break Through",
        "damage": "60",
        "text": "This attack does 30 damage to 1 of your opponent’s Benched Pokémon. (Don’t apply Weakness and Resistance for Benched Pokémon.)",
        "convertedEnergyCost": 3
      },
      {
        "cost": [
          "Fairy",
          "Fairy",
          "Colorless",
          "Colorless"
        ],
        "name": "X Blast",
        "damage": "140",
        "text": "This Pokémon can’t use X Blast during your next turn.",
        "convertedEnergyCost": 4
      }
    ],
    "weaknesses": [
      {
        "type": "Metal",
        "value": "×2"
      }
    ],
    "resistances": [
      {
        "type": "Darkness",
        "value": "-20"
      }
    ],
    "retreatCost": [
      "Colorless",
      "Colorless"
    ],
    "convertedRetreatCost": 2,
    "number": "97",
    "artist": "5ban Graphics",
    "rarity": "Classic Collection",
    "nationalPokedexNumbers": [
      716
    ],
    "legalities": {
      "unlimited": "Legal",
      "expanded": "Legal"
    },
    "images": {
      "small": "https://images.pokemontcg.io/cel25c/97_A.png",
      "large": "https://images.pokemontcg.io/cel25c/97_A_hires.png"
    }
  },
  {
    "id": "cel25c-76_A",
    "name": "M Rayquaza-EX",
    "supertype": "Pokémon",
    "subtypes": [
      "MEGA",
      "EX"
    ],
    "hp": "220",
    "types": [
      "Colorless"
    ],
    "evolvesFrom": "Rayquaza-EX",
    "rules": [
      "When a Pokémon-EX has been Knocked Out, your opponent takes 2 Prize cards.",
      "Mega Evolution rule: When 1 of your Pokémon becomes a Mega Evolution Pokémon, your turn ends."
    ],
    "ancientTrait": {
      "name": "Δ Evolution",
      "text": "You may play this card from your hand to evolve a Pokémon during your first turn or the turn you play that Pokémon."
    },
    "attacks": [
      {
        "cost": [
          "Colorless",
          "Colorless",
          "Colorless"
        ],
        "name": "Emerald Break",
        "damage": "30×",
        "text": "This attack does 30 damage times the number of your Benched Pokémon.",
        "convertedEnergyCost": 3
      }
    ],
    "weaknesses": [
      {
        "type": "Lightning",
        "value": "×2"
      }
    ],
    "resistances": [
      {
        "type": "Fighting",
        "value": "-20"
      }
    ],
    "retreatCost": [
      "Colorless"
    ],
    "convertedRetreatCost": 1,
    "number": "76",
    "artist": "5ban Graphics",
    "rarity": "Classic Collection",
    "nationalPokedexNumbers": [
      384
    ],
    "legalities": {
      "unlimited": "Legal",
      "expanded": "Legal"
    },
    "images": {
      "small": "https://images.pokemontcg.io/cel25c/76_A.png",
      "large": "https://images.pokemontcg.io/cel25c/76_A_hires.png"
    }
  },
  {
    "id": "cel25c-60_A",
    "name": "Tapu Lele-GX",
    "supertype": "Pokémon",
    "subtypes": [
      "GX"
    ],
    "hp": "170",
    "types": [
      "Psychic"
    ],
    "rules": [
      "When your Pokémon-GX is Knocked Out, your opponent takes 2 Prize cards."
    ],
    "abilities": [
      {
        "type": "Ability",
        "name": "Wonder Tag",
        "text": "When you play this Pokémon from your hand onto your Bench during your turn, you may search your deck for a Supporter card, reveal it, and put it into your hand. Then, shuffle your deck."
      }
    ],
    "attacks": [
      {
        "cost": [
          "Colorless",
          "Colorless"
        ],
        "name": "Energy Drive",
        "damage": "20×",
        "text": "This attack does 20 damage times the amount of Energy attached to both Active Pokémon. This damage isn’t affected by Weakness or Resistance.",
        "convertedEnergyCost": 2
      },
      {
        "cost": [
          "Psychic"
        ],
        "name": "Tapu Cure-GX",
        "damage": "",
        "text": "Heal all damage from 2 of your Benched Pokémon. (You can’t use more than 1 GX attack in a game.)",
        "convertedEnergyCost": 1
      }
    ],
    "retreatCost": [
      "Colorless"
    ],
    "convertedRetreatCost": 1,
    "number": "60",
    "artist": "5ban Graphics",
    "rarity": "Classic Collection",
    "nationalPokedexNumbers": [
      786
    ],
    "legalities": {
      "unlimited": "Legal",
      "expanded": "Legal"
    },
    "images": {
      "small": "https://images.pokemontcg.io/cel25c/60_A.png",
      "large": "https://images.pokemontcg.io/cel25c/60_A_hires.png"
    }
  }
]
