[
  {
    "id": "dv1-1",
    "name": "Dratini",
    "supertype": "Pokémon",
    "subtypes": [
      "Basic"
    ],
    "hp": "40",
    "types": [
      "Dragon"
    ],
    "evolvesTo": [
      "Dragonair"
    ],
    "attacks": [
      {
        "name": "Wrap",
        "cost": [
          "Grass",
          "Lightning"
        ],
        "convertedEnergyCost": 2,
        "damage": "20",
        "text": "Flip a coin. If heads, the Defending Pokémon is now Paralyzed."
      }
    ],
    "weaknesses": [
      {
        "type": "Dragon",
        "value": "×2"
      }
    ],
    "retreatCost": [
      "Colorless"
    ],
    "convertedRetreatCost": 1,
    "number": "1",
    "artist": "Masakazu Fukuda",
    "rarity": "Rare Holo",
    "flavorText": "It is called the \"Mirage Pokémon\" because so few have seen it. Its shed skin has been found.",
    "nationalPokedexNumbers": [
      147
    ],
    "legalities": {
      "unlimited": "Legal",
      "expanded": "Legal"
    },
    "images": {
      "small": "https://images.pokemontcg.io/dv1/1.png",
      "large": "https://images.pokemontcg.io/dv1/1_hires.png"
    }
  },
  {
    "id": "dv1-2",
    "name": "Dratini",
    "supertype": "Pokémon",
    "subtypes": [
      "Basic"
    ],
    "hp": "40",
    "types": [
      "Dragon"
    ],
    "evolvesTo": [
      "Dragonair"
    ],
    "attacks": [
      {
        "name": "Hypnotic Gaze",
        "cost": [
          "Grass"
        ],
        "convertedEnergyCost": 1,
        "damage": "",
        "text": "The Defending Pokémon is now Asleep."
      },
      {
        "name": "Tail Whap",
        "cost": [
          "Lightning"
        ],
        "convertedEnergyCost": 1,
        "damage": "10",
        "text": ""
      }
    ],
    "weaknesses": [
      {
        "type": "Dragon",
        "value": "×2"
      }
    ],
    "retreatCost": [
      "Colorless"
    ],
    "convertedRetreatCost": 1,
    "number": "2",
    "artist": "Naoki Saito",
    "rarity": "Rare Holo",
    "flavorText": "It is called the \"Mirage Pokémon\" because so few have seen it. Its shed skin has been found.",
    "nationalPokedexNumbers": [
      147
    ],
    "legalities": {
      "unlimited": "Legal",
      "expanded": "Legal"
    },
    "images": {
      "small": "https://images.pokemontcg.io/dv1/2.png",
      "large": "https://images.pokemontcg.io/dv1/2_hires.png"
    }
  },
  {
    "id": "dv1-3",
    "name": "Dragonair",
    "supertype": "Pokémon",
    "subtypes": [
      "Stage 1"
    ],
    "hp": "70",
    "types": [
      "Dragon"
    ],
    "evolvesFrom": "Dratini",
    "evolvesTo": [
      "Dragonite"
    ],
    "attacks": [
      {
        "name": "Tail Whap",
        "cost": [
          "Colorless",
          "Colorless"
        ],
        "convertedEnergyCost": 2,
        "damage": "20",
        "text": ""
      },
      {
        "name": "Dragon Pulse",
        "cost": [
          "Grass",
          "Lightning",
          "Colorless"
        ],
        "convertedEnergyCost": 3,
        "damage": "70",
        "text": "Discard the top card of your deck."
      }
    ],
    "weaknesses": [
      {
        "type": "Dragon",
        "value": "×2"
      }
    ],
    "retreatCost": [
      "Colorless",
      "Colorless"
    ],
    "convertedRetreatCost": 2,
    "number": "3",
    "artist": "Hajime Kusajima",
    "rarity": "Rare Holo",
    "flavorText": "If its body takes on an aura, the weather changes instantly. It is said to live in seas and lakes.",
    "nationalPokedexNumbers": [
      148
    ],
    "legalities": {
      "unlimited": "Legal",
      "expanded": "Legal"
    },
    "images": {
      "small": "https://images.pokemontcg.io/dv1/3.png",
      "large": "https://images.pokemontcg.io/dv1/3_hires.png"
    }
  },
  {
    "id": "dv1-4",
    "name": "Dragonair",
    "supertype": "Pokémon",
    "subtypes": [
      "Stage 1"
    ],
    "hp": "70",
    "types": [
      "Dragon"
    ],
    "evolvesFrom": "Dratini",
    "evolvesTo": [
      "Dragonite"
    ],
    "attacks": [
      {
        "name": "Healing Melody",
        "cost": [
          "Grass"
        ],
        "convertedEnergyCost": 1,
        "damage": "",
        "text": "Heal 10 damage from each of your Pokémon."
      },
      {
        "name": "Slam",
        "cost": [
          "Lightning",
          "Colorless"
        ],
        "convertedEnergyCost": 2,
        "damage": "30×",
        "text": "Flip 2 coins. This attack does 30 damage times the number of heads."
      }
    ],
    "weaknesses": [
      {
        "type": "Dragon",
        "value": "×2"
      }
    ],
    "retreatCost": [
      "Colorless",
      "Colorless"
    ],
    "convertedRetreatCost": 2,
    "number": "4",
    "artist": "Kagemaru Himeno",
    "rarity": "Rare Holo",
    "flavorText": "If its body takes on an aura, the weather changes instantly. It is said to live in seas and lakes.",
    "nationalPokedexNumbers": [
      148
    ],
    "legalities": {
      "unlimited": "Legal",
      "expanded": "Legal"
    },
    "images": {
      "small": "https://images.pokemontcg.io/dv1/4.png",
      "large": "https://images.pokemontcg.io/dv1/4_hires.png"
    }
  },
  {
    "id": "dv1-5",
    "name": "Dragonite",
    "supertype": "Pokémon",
    "subtypes": [
      "Stage 2"
    ],
    "hp": "150",
    "types": [
      "Dragon"
    ],
    "evolvesFrom": "Dragonair",
    "attacks": [
      {
        "name": "Hyper Beam",
        "cost": [
          "Lightning",
          "Colorless",
          "Colorless"
        ],
        "convertedEnergyCost": 3,
        "damage": "50",
        "text": "Flip a coin. If heads, discard an Energy attached to the Defending Pokémon."
      },
      {
        "name": "Hurricane Tail",
        "cost": [
          "Grass",
          "Colorless",
          "Colorless",
          "Colorless"
        ],
        "convertedEnergyCost": 4,
        "damage": "60×",
        "text": "Flip 4 coins. This attack does 60 damage times the number of heads."
      }
    ],
    "weaknesses": [
      {
        "type": "Dragon",
        "value": "×2"
      }
    ],
    "retreatCost": [
      "Colorless",
      "Colorless",
      "Colorless"
    ],
    "convertedRetreatCost": 3,
    "number": "5",
    "artist": "Mitsuhiro Arita",
    "rarity": "Rare Holo",
    "flavorText": "It is said to make its home somewhere in the sea. It guides crews of shipwrecks to shore.",
    "nationalPokedexNumbers": [
      149
    ],
    "legalities": {
      "unlimited": "Legal",
      "expanded": "Legal"
    },
    "images": {
      "small": "https://images.pokemontcg.io/dv1/5.png",
      "large": "https://images.pokemontcg.io/dv1/5_hires.png"
    }
  },
  {
    "id": "dv1-6",
    "name": "Bagon",
    "supertype": "Pokémon",
    "subtypes": [
      "Basic"
    ],
    "hp": "50",
    "types": [
      "Dragon"
    ],
    "evolvesTo": [
      "Shelgon"
    ],
    "attacks": [
      {
        "name": "Headbutt",
        "cost": [
          "Colorless"
        ],
        "convertedEnergyCost": 1,
        "damage": "10",
        "text": ""
      },
      {
        "name": "Dragon Claw",
        "cost": [
          "Fire",
          "Water"
        ],
        "convertedEnergyCost": 2,
        "damage": "20",
        "text": ""
      }
    ],
    "weaknesses": [
      {
        "type": "Dragon",
        "value": "×2"
      }
    ],
    "retreatCost": [
      "Colorless"
    ],
    "convertedRetreatCost": 1,
    "number": "6",
    "artist": "Kouki Saitou",
    "rarity": "Rare Holo",
    "flavorText": "Dreaming of one day flying, it practices by leaping off cliffs every day.",
    "nationalPokedexNumbers": [
      371
    ],
    "legalities": {
      "unlimited": "Legal",
      "expanded": "Legal"
    },
    "images": {
      "small": "https://images.pokemontcg.io/dv1/6.png",
      "large": "https://images.pokemontcg.io/dv1/6_hires.png"
    }
  },
  {
    "id": "dv1-7",
    "name": "Shelgon",
    "supertype": "Pokémon",
    "subtypes": [
      "Stage 1"
    ],
    "hp": "80",
    "types": [
      "Dragon"
    ],
    "evolvesFrom": "Bagon",
    "evolvesTo": [
      "Salamence"
    ],
    "attacks": [
      {
        "name": "Knock Away",
        "cost": [
          "Colorless"
        ],
        "convertedEnergyCost": 1,
        "damage": "10+",
        "text": "Flip a coin. If heads, this attack does 20 more damage."
      },
      {
        "name": "Rollout",
        "cost": [
          "Fire",
          "Water",
          "Colorless"
        ],
        "convertedEnergyCost": 3,
        "damage": "50",
        "text": ""
      }
    ],
    "weaknesses": [
      {
        "type": "Dragon",
        "value": "×2"
      }
    ],
    "retreatCost": [
      "Colorless",
      "Colorless",
      "Colorless"
    ],
    "convertedRetreatCost": 3,
    "number": "7",
    "artist": "Akira Komayama",
    "rarity": "Rare Holo",
    "flavorText": "Within its rugged shell, its cells have begun changing. The shell peels off the instant it evolves.",
    "nationalPokedexNumbers": [
      372
    ],
    "legalities": {
      "unlimited": "Legal",
      "expanded": "Legal"
    },
    "images": {
      "small": "https://images.pokemontcg.io/dv1/7.png",
      "large": "https://images.pokemontcg.io/dv1/7_hires.png"
    }
  },
  {
    "id": "dv1-8",
    "name": "Salamence",
    "supertype": "Pokémon",
    "subtypes": [
      "Stage 2"
    ],
    "hp": "140",
    "types": [
      "Dragon"
    ],
    "evolvesFrom": "Shelgon",
    "abilities": [
      {
        "name": "Scornful Storm",
        "text": "Once during your turn (before your attack), you may have your opponent discard cards from his or her hand until he or she has 4 cards left in his or her hand.",
        "type": "Ability"
      }
    ],
    "attacks": [
      {
        "name": "Shred",
        "cost": [
          "Fire",
          "Water",
          "Colorless",
          "Colorless"
        ],
        "convertedEnergyCost": 4,
        "damage": "90",
        "text": "This attack's damage isn't affected by any effects on the Defending Pokémon."
      }
    ],
    "weaknesses": [
      {
        "type": "Dragon",
        "value": "×2"
      }
    ],
    "retreatCost": [
      "Colorless",
      "Colorless"
    ],
    "convertedRetreatCost": 2,
    "number": "8",
    "artist": "BERUBURI",
    "rarity": "Rare Holo",
    "flavorText": "As a result of its long-held dream of flying, its cellular structure changed, and wings grew out.",
    "nationalPokedexNumbers": [
      373
    ],
    "legalities": {
      "unlimited": "Legal",
      "expanded": "Legal"
    },
    "images": {
      "small": "https://images.pokemontcg.io/dv1/8.png",
      "large": "https://images.pokemontcg.io/dv1/8_hires.png"
    }
  },
  {
    "id": "dv1-9",
    "name": "Latias",
    "supertype": "Pokémon",
    "subtypes": [
      "Basic"
    ],
    "hp": "100",
    "types": [
      "Dragon"
    ],
    "attacks": [
      {
        "name": "Energy Assist",
        "cost": [
          "Colorless"
        ],
        "convertedEnergyCost": 1,
        "damage": "",
        "text": "Attach a basic Energy card from your discard pile to 1 of your Benched Pokémon."
      },
      {
        "name": "Sky Heal",
        "cost": [
          "Fire",
          "Psychic"
        ],
        "convertedEnergyCost": 2,
        "damage": "40",
        "text": "If Latios is on your Bench, heal 20 damage from this Pokémon."
      }
    ],
    "weaknesses": [
      {
        "type": "Dragon",
        "value": "×2"
      }
    ],
    "retreatCost": [
      "Colorless"
    ],
    "convertedRetreatCost": 1,
    "number": "9",
    "artist": "Hideaki Hakozaki",
    "rarity": "Rare Holo",
    "flavorText": "Its body is covered in a down that can refract light in such a way that it becomes invisible.",
    "nationalPokedexNumbers": [
      380
    ],
    "legalities": {
      "unlimited": "Legal",
      "expanded": "Legal"
    },
    "images": {
      "small": "https://images.pokemontcg.io/dv1/9.png",
      "large": "https://images.pokemontcg.io/dv1/9_hires.png"
    }
  },
  {
    "id": "dv1-10",
    "name": "Latios",
    "supertype": "Pokémon",
    "subtypes": [
      "Basic"
    ],
    "hp": "100",
    "types": [
      "Dragon"
    ],
    "attacks": [
      {
        "name": "Sky Blade",
        "cost": [
          "Water",
          "Colorless"
        ],
        "convertedEnergyCost": 2,
        "damage": "20+",
        "text": "If Latias is on your Bench, this attack does 20 more damage."
      },
      {
        "name": "Speed Wing",
        "cost": [
          "Psychic",
          "Colorless",
          "Colorless"
        ],
        "convertedEnergyCost": 3,
        "damage": "60",
        "text": ""
      }
    ],
    "weaknesses": [
      {
        "type": "Dragon",
        "value": "×2"
      }
    ],
    "retreatCost": [
      "Colorless"
    ],
    "convertedRetreatCost": 1,
    "number": "10",
    "artist": "Ryo Ueda",
    "rarity": "Rare Holo",
    "flavorText": "A highly intelligent Pokémon. By folding back its wings in flight, it can overtake jet planes.",
    "nationalPokedexNumbers": [
      381
    ],
    "legalities": {
      "unlimited": "Legal",
      "expanded": "Legal"
    },
    "images": {
      "small": "https://images.pokemontcg.io/dv1/10.png",
      "large": "https://images.pokemontcg.io/dv1/10_hires.png"
    }
  },
  {
    "id": "dv1-11",
    "name": "Rayquaza",
    "supertype": "Pokémon",
    "subtypes": [
      "Basic"
    ],
    "hp": "120",
    "types": [
      "Dragon"
    ],
    "attacks": [
      {
        "name": "Dragon Pulse",
        "cost": [
          "Lightning"
        ],
        "convertedEnergyCost": 1,
        "damage": "40",
        "text": "Discard the top 2 cards of your deck."
      },
      {
        "name": "Shred",
        "cost": [
          "Fire",
          "Lightning",
          "Colorless"
        ],
        "convertedEnergyCost": 3,
        "damage": "90",
        "text": "This attack's damage isn't affected by any effects on the Defending Pokémon."
      }
    ],
    "weaknesses": [
      {
        "type": "Dragon",
        "value": "×2"
      }
    ],
    "retreatCost": [
      "Colorless",
      "Colorless",
      "Colorless"
    ],
    "convertedRetreatCost": 3,
    "number": "11",
    "artist": "5ban Graphics",
    "rarity": "Rare Holo",
    "flavorText": "It lives in the ozone layer far above the clouds and cannot be seen from the ground.",
    "nationalPokedexNumbers": [
      384
    ],
    "legalities": {
      "unlimited": "Legal",
      "expanded": "Legal"
    },
    "images": {
      "small": "https://images.pokemontcg.io/dv1/11.png",
      "large": "https://images.pokemontcg.io/dv1/11_hires.png"
    }
  },
  {
    "id": "dv1-12",
    "name": "Axew",
    "supertype": "Pokémon",
    "subtypes": [
      "Basic"
    ],
    "hp": "40",
    "types": [
      "Dragon"
    ],
    "evolvesTo": [
      "Fraxure"
    ],
    "attacks": [
      {
        "name": "Signs of Evolution",
        "cost": [
          "Fighting"
        ],
        "convertedEnergyCost": 1,
        "damage": "",
        "text": "Flip a coin. If heads, search your deck for Fraxure, reveal it, and put it into your hand, Shuffle your deck afterward."
      },
      {
        "name": "Scratch",
        "cost": [
          "Metal"
        ],
        "convertedEnergyCost": 1,
        "damage": "10",
        "text": ""
      }
    ],
    "weaknesses": [
      {
        "type": "Dragon",
        "value": "×2"
      }
    ],
    "retreatCost": [
      "Colorless"
    ],
    "convertedRetreatCost": 1,
    "number": "12",
    "artist": "Mizue",
    "rarity": "Rare Holo",
    "flavorText": "They use their tusks to crush the berries they eat. Repeated regrowth makes their tusks strong and sharp.",
    "nationalPokedexNumbers": [
      610
    ],
    "legalities": {
      "unlimited": "Legal",
      "expanded": "Legal"
    },
    "images": {
      "small": "https://images.pokemontcg.io/dv1/12.png",
      "large": "https://images.pokemontcg.io/dv1/12_hires.png"
    }
  },
  {
    "id": "dv1-13",
    "name": "Axew",
    "supertype": "Pokémon",
    "subtypes": [
      "Basic"
    ],
    "hp": "50",
    "types": [
      "Dragon"
    ],
    "evolvesTo": [
      "Fraxure"
    ],
    "attacks": [
      {
        "name": "Lunge",
        "cost": [
          "Fighting",
          "Metal"
        ],
        "convertedEnergyCost": 2,
        "damage": "30",
        "text": "Flip a coin. If tails, this attack does nothing."
      }
    ],
    "weaknesses": [
      {
        "type": "Dragon",
        "value": "×2"
      }
    ],
    "retreatCost": [
      "Colorless"
    ],
    "convertedRetreatCost": 1,
    "number": "13",
    "artist": "TOKIYA",
    "rarity": "Rare Holo",
    "flavorText": "They mark their territory by leaving gashes in trees with their tusks. If a tusk breaks, a new one grows in quickly.",
    "nationalPokedexNumbers": [
      610
    ],
    "legalities": {
      "unlimited": "Legal",
      "expanded": "Legal"
    },
    "images": {
      "small": "https://images.pokemontcg.io/dv1/13.png",
      "large": "https://images.pokemontcg.io/dv1/13_hires.png"
    }
  },
  {
    "id": "dv1-14",
    "name": "Fraxure",
    "supertype": "Pokémon",
    "subtypes": [
      "Stage 1"
    ],
    "hp": "70",
    "types": [
      "Dragon"
    ],
    "evolvesFrom": "Axew",
    "evolvesTo": [
      "Haxorus"
    ],
    "abilities": [
      {
        "name": "Grit",
        "text": "If this Pokémon is affected by a Special Condition, each of its attacks does 40 more damage (before applying Weakness and Resistance).",
        "type": "Ability"
      }
    ],
    "attacks": [
      {
        "name": "Dragon Claw",
        "cost": [
          "Fighting",
          "Metal",
          "Colorless"
        ],
        "convertedEnergyCost": 3,
        "damage": "60",
        "text": ""
      }
    ],
    "weaknesses": [
      {
        "type": "Dragon",
        "value": "×2"
      }
    ],
    "retreatCost": [
      "Colorless"
    ],
    "convertedRetreatCost": 1,
    "number": "14",
    "artist": "Shin Nagasawa",
    "rarity": "Rare Holo",
    "flavorText": "Since a broken tusk will not grow back, they diligently sharpen their tusks on river rocks after they've been fighting.",
    "nationalPokedexNumbers": [
      611
    ],
    "legalities": {
      "unlimited": "Legal",
      "expanded": "Legal"
    },
    "images": {
      "small": "https://images.pokemontcg.io/dv1/14.png",
      "large": "https://images.pokemontcg.io/dv1/14_hires.png"
    }
  },
  {
    "id": "dv1-15",
    "name": "Fraxure",
    "supertype": "Pokémon",
    "subtypes": [
      "Stage 1"
    ],
    "hp": "80",
    "types": [
      "Dragon"
    ],
    "evolvesFrom": "Axew",
    "evolvesTo": [
      "Haxorus"
    ],
    "attacks": [
      {
        "name": "Scratch",
        "cost": [
          "Metal",
          "Colorless"
        ],
        "convertedEnergyCost": 2,
        "damage": "20",
        "text": ""
      },
      {
        "name": "Sharp Fang",
        "cost": [
          "Fighting",
          "Colorless",
          "Colorless"
        ],
        "convertedEnergyCost": 3,
        "damage": "40",
        "text": ""
      }
    ],
    "weaknesses": [
      {
        "type": "Dragon",
        "value": "×2"
      }
    ],
    "retreatCost": [
      "Colorless",
      "Colorless"
    ],
    "convertedRetreatCost": 2,
    "number": "15",
    "artist": "match",
    "rarity": "Rare Holo",
    "flavorText": "Their tusks can shatter rocks. Territory battles between Fraxure can be intensely violent.",
    "nationalPokedexNumbers": [
      611
    ],
    "legalities": {
      "unlimited": "Legal",
      "expanded": "Legal"
    },
    "images": {
      "small": "https://images.pokemontcg.io/dv1/15.png",
      "large": "https://images.pokemontcg.io/dv1/15_hires.png"
    }
  },
  {
    "id": "dv1-16",
    "name": "Haxorus",
    "supertype": "Pokémon",
    "subtypes": [
      "Stage 2"
    ],
    "hp": "140",
    "types": [
      "Dragon"
    ],
    "evolvesFrom": "Fraxure",
    "attacks": [
      {
        "name": "Axe Slugger",
        "cost": [
          "Colorless",
          "Colorless"
        ],
        "convertedEnergyCost": 2,
        "damage": "60+",
        "text": "If the Defending Pokémon is a Colorless Pokémon, this attack does 60 more damage."
      },
      {
        "name": "Dragon Pulse",
        "cost": [
          "Fighting",
          "Metal",
          "Colorless",
          "Colorless"
        ],
        "convertedEnergyCost": 4,
        "damage": "100",
        "text": "Discard the top card of your deck."
      }
    ],
    "weaknesses": [
      {
        "type": "Dragon",
        "value": "×2"
      }
    ],
    "retreatCost": [
      "Colorless",
      "Colorless"
    ],
    "convertedRetreatCost": 2,
    "number": "16",
    "artist": "Eske Yoshinob",
    "rarity": "Rare Holo",
    "flavorText": "They are kind but can be relentless when defending territory. They challenge foes with tusks that can cut steel.",
    "nationalPokedexNumbers": [
      612
    ],
    "legalities": {
      "unlimited": "Legal",
      "expanded": "Legal"
    },
    "images": {
      "small": "https://images.pokemontcg.io/dv1/16.png",
      "large": "https://images.pokemontcg.io/dv1/16_hires.png"
    }
  },
  {
    "id": "dv1-17",
    "name": "Druddigon",
    "supertype": "Pokémon",
    "subtypes": [
      "Basic"
    ],
    "hp": "110",
    "types": [
      "Dragon"
    ],
    "attacks": [
      {
        "name": "Tight Jaw",
        "cost": [
          "Colorless",
          "Colorless"
        ],
        "convertedEnergyCost": 2,
        "damage": "20",
        "text": "Flip a coin. If heads, the Defending Pokémon is now Paralyzed."
      },
      {
        "name": "Dragon Tail",
        "cost": [
          "Fire",
          "Water",
          "Colorless"
        ],
        "convertedEnergyCost": 3,
        "damage": "80×",
        "text": "Flip 2 coins. This attack does 80 damage times the number of heads."
      }
    ],
    "weaknesses": [
      {
        "type": "Dragon",
        "value": "×2"
      }
    ],
    "retreatCost": [
      "Colorless",
      "Colorless"
    ],
    "convertedRetreatCost": 2,
    "number": "17",
    "artist": "kawayoo",
    "rarity": "Rare Holo",
    "flavorText": "It races through narrow caves, using its sharp claws to catch prey. The skin on its face is harder than a rock.",
    "nationalPokedexNumbers": [
      621
    ],
    "legalities": {
      "unlimited": "Legal",
      "expanded": "Legal"
    },
    "images": {
      "small": "https://images.pokemontcg.io/dv1/17.png",
      "large": "https://images.pokemontcg.io/dv1/17_hires.png"
    }
  },
  {
    "id": "dv1-18",
    "name": "Exp. Share",
    "supertype": "Trainer",
    "subtypes": [
      "Pokémon Tool"
    ],
    "rules": [
      "Attach a Pokémon Tool to 1 of your Pokémon that doesn't already have a Pokémon Tool attached to it.",
      "When your Active Pokémon is Knocked Out by damage from an opponent's attack, you may move 1 basic Energy card that was attached to that Pokémon to the Pokémon this card is attached to.",
      "You may play as many Item cards as you like during your turn (before your attack)."
    ],
    "number": "18",
    "artist": "Ryo Ueda",
    "legalities": {
      "unlimited": "Legal",
      "standard": "Legal",
      "expanded": "Legal"
    },
    "images": {
      "small": "https://images.pokemontcg.io/dv1/18.png",
      "large": "https://images.pokemontcg.io/dv1/18_hires.png"
    }
  },
  {
    "id": "dv1-19",
    "name": "First Ticket",
    "supertype": "Trainer",
    "subtypes": [
      "Item"
    ],
    "rules": [
      "Before you flip a coin to decide who goes first in a game, you may play this card. Don't flip that coin, and you go first. If both players play First Ticket, flip the coin as normal. (You may play only 1 First Ticket before you flip that coin.)",
      "You may play as many Item cards as you like during your turn (before your attack)."
    ],
    "number": "19",
    "artist": "5ban Graphics",
    "legalities": {
      "unlimited": "Legal",
      "expanded": "Legal"
    },
    "images": {
      "small": "https://images.pokemontcg.io/dv1/19.png",
      "large": "https://images.pokemontcg.io/dv1/19_hires.png"
    }
  },
  {
    "id": "dv1-20",
    "name": "Super Rod",
    "supertype": "Trainer",
    "subtypes": [
      "Item"
    ],
    "rules": [
      "Shuffle 3 in any combination of Pokémon and basic Energy cards from your discard pile back into your deck.",
      "You may play as many Item cards as you like during your turn (before your attack)."
    ],
    "number": "20",
    "artist": "5ban Graphics",
    "rarity": "Rare Holo",
    "legalities": {
      "unlimited": "Legal",
      "expanded": "Legal"
    },
    "images": {
      "small": "https://images.pokemontcg.io/dv1/20.png",
      "large": "https://images.pokemontcg.io/dv1/20_hires.png"
    }
  },
  {
    "id": "dv1-21",
    "name": "Kyurem",
    "supertype": "Pokémon",
    "subtypes": [
      "Basic"
    ],
    "hp": "130",
    "types": [
      "Dragon"
    ],
    "attacks": [
      {
        "name": "Dragon Claw",
        "cost": [
          "Colorless",
          "Colorless",
          "Colorless"
        ],
        "convertedEnergyCost": 3,
        "damage": "60",
        "text": ""
      },
      {
        "name": "Blizzard",
        "cost": [
          "Water",
          "Psychic",
          "Colorless",
          "Colorless"
        ],
        "convertedEnergyCost": 4,
        "damage": "90",
        "text": "Does 10 damage to each of your opponent's Benched Pokémon. (Don't apply Weakness and Resistance for Benched Pokémon.)"
      }
    ],
    "weaknesses": [
      {
        "type": "Dragon",
        "value": "×2"
      }
    ],
    "retreatCost": [
      "Colorless",
      "Colorless"
    ],
    "convertedRetreatCost": 2,
    "number": "21",
    "artist": "Ryo Ueda",
    "flavorText": "It can produce ultracold air. Its body is frozen.",
    "nationalPokedexNumbers": [
      646
    ],
    "legalities": {
      "unlimited": "Legal",
      "expanded": "Legal"
    },
    "images": {
      "small": "https://images.pokemontcg.io/dv1/21.png",
      "large": "https://images.pokemontcg.io/dv1/21_hires.png"
    }
  }
]