[
  {
    "id": "ru1-1",
    "name": "Venusaur",
    "supertype": "Pokémon",
    "subtypes": [
      "Stage 2"
    ],
    "hp": "140",
    "types": [
      "Grass"
    ],
    "evolvesFrom": "Ivysaur",
    "attacks": [
      {
        "name": "Giga Drain",
        "cost": [
          "Grass",
          "Grass",
          "Colorless",
          "Colorless"
        ],
        "convertedEnergyCost": 4,
        "damage": "50",
        "text": "Remove from Venusaur the number of damage counters equal to the damage you did to the Defending Pokémon."
      }
    ],
    "weaknesses": [
      {
        "type": "Fire",
        "value": "×2"
      }
    ],
    "retreatCost": [
      "Colorless",
      "Colorless",
      "Colorless",
      "Colorless"
    ],
    "convertedRetreatCost": 4,
    "number": "1",
    "artist": "Pokemon Rumble",
    "nationalPokedexNumbers": [
      3
    ],
    "legalities": {
      "unlimited": "Legal"
    },
    "images": {
      "small": "https://images.pokemontcg.io/ru1/1.png",
      "large": "https://images.pokemontcg.io/ru1/1_hires.png"
    }
  },
  {
    "id": "ru1-2",
    "name": "Cherrim",
    "supertype": "Pokémon",
    "subtypes": [
      "Stage 1"
    ],
    "hp": "80",
    "types": [
      "Grass"
    ],
    "evolvesFrom": "Cherubi",
    "attacks": [
      {
        "name": "Solarbeam",
        "cost": [
          "Grass",
          "Colorless",
          "Colorless"
        ],
        "convertedEnergyCost": 3,
        "damage": "60",
        "text": ""
      }
    ],
    "weaknesses": [
      {
        "type": "Fire",
        "value": "×2"
      }
    ],
    "resistances": [
      {
        "type": "Water",
        "value": "-20"
      }
    ],
    "retreatCost": [
      "Colorless"
    ],
    "convertedRetreatCost": 1,
    "number": "2",
    "artist": "Pokemon Rumble",
    "nationalPokedexNumbers": [
      421
    ],
    "legalities": {
      "unlimited": "Legal"
    },
    "images": {
      "small": "https://images.pokemontcg.io/ru1/2.png",
      "large": "https://images.pokemontcg.io/ru1/2_hires.png"
    }
  },
  {
    "id": "ru1-3",
    "name": "Ninetales",
    "supertype": "Pokémon",
    "subtypes": [
      "Stage 1"
    ],
    "hp": "90",
    "types": [
      "Fire"
    ],
    "evolvesFrom": "Vulpix",
    "attacks": [
      {
        "name": "Flame Tail",
        "cost": [
          "Fire",
          "Colorless",
          "Colorless"
        ],
        "convertedEnergyCost": 3,
        "damage": "60",
        "text": ""
      }
    ],
    "weaknesses": [
      {
        "type": "Water",
        "value": "×2"
      }
    ],
    "retreatCost": [
      "Colorless"
    ],
    "convertedRetreatCost": 1,
    "number": "3",
    "artist": "Pokemon Rumble",
    "nationalPokedexNumbers": [
      38
    ],
    "legalities": {
      "unlimited": "Legal"
    },
    "images": {
      "small": "https://images.pokemontcg.io/ru1/3.png",
      "large": "https://images.pokemontcg.io/ru1/3_hires.png"
    }
  },
  {
    "id": "ru1-4",
    "name": "Heatran",
    "supertype": "Pokémon",
    "subtypes": [
      "Basic"
    ],
    "hp": "110",
    "types": [
      "Fire"
    ],
    "attacks": [
      {
        "name": "Heat Boiler",
        "cost": [
          "Fire",
          "Colorless",
          "Colorless",
          "Colorless"
        ],
        "convertedEnergyCost": 4,
        "damage": "60+",
        "text": "If the Defending Pokémon is a Water Pokémon, this attack does 60 damage plus 40 more damage."
      }
    ],
    "weaknesses": [
      {
        "type": "Water",
        "value": "×2"
      }
    ],
    "retreatCost": [
      "Colorless",
      "Colorless",
      "Colorless",
      "Colorless"
    ],
    "convertedRetreatCost": 4,
    "number": "4",
    "artist": "Pokemon Rumble",
    "nationalPokedexNumbers": [
      485
    ],
    "legalities": {
      "unlimited": "Legal"
    },
    "images": {
      "small": "https://images.pokemontcg.io/ru1/4.png",
      "large": "https://images.pokemontcg.io/ru1/4_hires.png"
    }
  },
  {
    "id": "ru1-5",
    "name": "Starmie",
    "supertype": "Pokémon",
    "subtypes": [
      "Stage 1"
    ],
    "hp": "80",
    "types": [
      "Water"
    ],
    "evolvesFrom": "Staryu",
    "attacks": [
      {
        "name": "Spiral Drain",
        "cost": [
          "Water",
          "Colorless",
          "Colorless"
        ],
        "convertedEnergyCost": 3,
        "damage": "50",
        "text": "Remove 1 damage counter from Starmie."
      }
    ],
    "weaknesses": [
      {
        "type": "Lightning",
        "value": "×2"
      }
    ],
    "retreatCost": [
      "Colorless"
    ],
    "convertedRetreatCost": 1,
    "number": "5",
    "artist": "Pokemon Rumble",
    "nationalPokedexNumbers": [
      121
    ],
    "legalities": {
      "unlimited": "Legal"
    },
    "images": {
      "small": "https://images.pokemontcg.io/ru1/5.png",
      "large": "https://images.pokemontcg.io/ru1/5_hires.png"
    }
  },
  {
    "id": "ru1-6",
    "name": "Gyarados",
    "supertype": "Pokémon",
    "subtypes": [
      "Stage 1"
    ],
    "hp": "130",
    "types": [
      "Water"
    ],
    "evolvesFrom": "Magikarp",
    "attacks": [
      {
        "name": "Thrash Tackle",
        "cost": [
          "Water",
          "Colorless",
          "Colorless",
          "Colorless"
        ],
        "convertedEnergyCost": 4,
        "damage": "80",
        "text": "Gyarados does 20 damage to itself."
      }
    ],
    "weaknesses": [
      {
        "type": "Lightning",
        "value": "×2"
      }
    ],
    "resistances": [
      {
        "type": "Fighting",
        "value": "-20"
      }
    ],
    "retreatCost": [
      "Colorless",
      "Colorless",
      "Colorless"
    ],
    "convertedRetreatCost": 3,
    "number": "6",
    "artist": "Pokemon Rumble",
    "nationalPokedexNumbers": [
      130
    ],
    "legalities": {
      "unlimited": "Legal"
    },
    "images": {
      "small": "https://images.pokemontcg.io/ru1/6.png",
      "large": "https://images.pokemontcg.io/ru1/6_hires.png"
    }
  },
  {
    "id": "ru1-7",
    "name": "Pikachu",
    "supertype": "Pokémon",
    "subtypes": [
      "Basic"
    ],
    "hp": "60",
    "types": [
      "Lightning"
    ],
    "evolvesTo": [
      "Raichu"
    ],
    "attacks": [
      {
        "name": "Volt Tackle",
        "cost": [
          "Lightning",
          "Colorless",
          "Colorless"
        ],
        "convertedEnergyCost": 3,
        "damage": "60",
        "text": "Pikachu does 10 damage to itself."
      }
    ],
    "weaknesses": [
      {
        "type": "Fighting",
        "value": "×2"
      }
    ],
    "resistances": [
      {
        "type": "Metal",
        "value": "-20"
      }
    ],
    "retreatCost": [
      "Colorless"
    ],
    "convertedRetreatCost": 1,
    "number": "7",
    "artist": "Pokemon Rumble",
    "nationalPokedexNumbers": [
      25
    ],
    "legalities": {
      "unlimited": "Legal"
    },
    "images": {
      "small": "https://images.pokemontcg.io/ru1/7.png",
      "large": "https://images.pokemontcg.io/ru1/7_hires.png"
    }
  },
  {
    "id": "ru1-8",
    "name": "Zapdos",
    "supertype": "Pokémon",
    "subtypes": [
      "Basic"
    ],
    "hp": "100",
    "types": [
      "Lightning"
    ],
    "attacks": [
      {
        "name": "Drill Peck",
        "cost": [
          "Lightning",
          "Colorless",
          "Colorless",
          "Colorless"
        ],
        "convertedEnergyCost": 4,
        "damage": "70",
        "text": ""
      }
    ],
    "weaknesses": [
      {
        "type": "Lightning",
        "value": "×2"
      }
    ],
    "resistances": [
      {
        "type": "Fighting",
        "value": "-20"
      }
    ],
    "retreatCost": [
      "Colorless",
      "Colorless"
    ],
    "convertedRetreatCost": 2,
    "number": "8",
    "artist": "Pokemon Rumble",
    "nationalPokedexNumbers": [
      145
    ],
    "legalities": {
      "unlimited": "Legal"
    },
    "images": {
      "small": "https://images.pokemontcg.io/ru1/8.png",
      "large": "https://images.pokemontcg.io/ru1/8_hires.png"
    }
  },
  {
    "id": "ru1-9",
    "name": "Mewtwo",
    "supertype": "Pokémon",
    "subtypes": [
      "Basic"
    ],
    "hp": "100",
    "types": [
      "Psychic"
    ],
    "attacks": [
      {
        "name": "Super Psy Bolt",
        "cost": [
          "Psychic",
          "Psychic",
          "Colorless"
        ],
        "convertedEnergyCost": 3,
        "damage": "70",
        "text": ""
      }
    ],
    "weaknesses": [
      {
        "type": "Psychic",
        "value": "×2"
      }
    ],
    "retreatCost": [
      "Colorless",
      "Colorless"
    ],
    "convertedRetreatCost": 2,
    "number": "9",
    "artist": "Pokemon Rumble",
    "nationalPokedexNumbers": [
      150
    ],
    "legalities": {
      "unlimited": "Legal"
    },
    "images": {
      "small": "https://images.pokemontcg.io/ru1/9.png",
      "large": "https://images.pokemontcg.io/ru1/9_hires.png"
    }
  },
  {
    "id": "ru1-10",
    "name": "Mew",
    "supertype": "Pokémon",
    "subtypes": [
      "Basic"
    ],
    "hp": "60",
    "types": [
      "Psychic"
    ],
    "attacks": [
      {
        "name": "Cut",
        "cost": [
          "Colorless",
          "Colorless"
        ],
        "convertedEnergyCost": 2,
        "damage": "30",
        "text": ""
      },
      {
        "name": "Will-o'-the-wisp",
        "cost": [
          "Psychic",
          "Colorless",
          "Colorless"
        ],
        "convertedEnergyCost": 3,
        "damage": "60",
        "text": ""
      }
    ],
    "weaknesses": [
      {
        "type": "Psychic",
        "value": "×2"
      }
    ],
    "number": "10",
    "artist": "Pokemon Rumble",
    "nationalPokedexNumbers": [
      151
    ],
    "legalities": {
      "unlimited": "Legal"
    },
    "images": {
      "small": "https://images.pokemontcg.io/ru1/10.png",
      "large": "https://images.pokemontcg.io/ru1/10_hires.png"
    }
  },
  {
    "id": "ru1-11",
    "name": "Diglett",
    "supertype": "Pokémon",
    "subtypes": [
      "Basic"
    ],
    "hp": "30",
    "types": [
      "Fighting"
    ],
    "evolvesTo": [
      "Dugtrio"
    ],
    "attacks": [
      {
        "name": "Dig",
        "cost": [
          "Colorless",
          "Colorless"
        ],
        "convertedEnergyCost": 2,
        "damage": "20",
        "text": ""
      }
    ],
    "weaknesses": [
      {
        "type": "Grass",
        "value": "×2"
      }
    ],
    "resistances": [
      {
        "type": "Lightning",
        "value": "-20"
      }
    ],
    "retreatCost": [
      "Colorless"
    ],
    "convertedRetreatCost": 1,
    "number": "11",
    "artist": "Pokemon Rumble",
    "nationalPokedexNumbers": [
      50
    ],
    "legalities": {
      "unlimited": "Legal"
    },
    "images": {
      "small": "https://images.pokemontcg.io/ru1/11.png",
      "large": "https://images.pokemontcg.io/ru1/11_hires.png"
    }
  },
  {
    "id": "ru1-12",
    "name": "Lucario",
    "supertype": "Pokémon",
    "subtypes": [
      "Stage 1"
    ],
    "hp": "90",
    "types": [
      "Fighting"
    ],
    "evolvesFrom": "Riolu",
    "attacks": [
      {
        "name": "Metal Claw",
        "cost": [
          "Fighting",
          "Colorless",
          "Colorless"
        ],
        "convertedEnergyCost": 3,
        "damage": "40",
        "text": ""
      },
      {
        "name": "Pulse Blast",
        "cost": [
          "Fighting",
          "Metal",
          "Colorless",
          "Colorless"
        ],
        "convertedEnergyCost": 4,
        "damage": "80",
        "text": ""
      }
    ],
    "weaknesses": [
      {
        "type": "Psychic",
        "value": "×2"
      }
    ],
    "retreatCost": [
      "Colorless"
    ],
    "convertedRetreatCost": 1,
    "number": "12",
    "artist": "Pokemon Rumble",
    "nationalPokedexNumbers": [
      448
    ],
    "legalities": {
      "unlimited": "Legal"
    },
    "images": {
      "small": "https://images.pokemontcg.io/ru1/12.png",
      "large": "https://images.pokemontcg.io/ru1/12_hires.png"
    }
  },
  {
    "id": "ru1-13",
    "name": "Skuntank",
    "supertype": "Pokémon",
    "subtypes": [
      "Stage 1"
    ],
    "hp": "90",
    "types": [
      "Darkness"
    ],
    "evolvesFrom": "Stunky",
    "attacks": [
      {
        "name": "Rage",
        "cost": [
          "Darkness",
          "Colorless",
          "Colorless"
        ],
        "convertedEnergyCost": 3,
        "damage": "20+",
        "text": "Does 20 damage plus 10 more damage for each damage counter on Skuntank."
      }
    ],
    "weaknesses": [
      {
        "type": "Fighting",
        "value": "×2"
      }
    ],
    "resistances": [
      {
        "type": "Psychic",
        "value": "-20"
      }
    ],
    "retreatCost": [
      "Colorless",
      "Colorless"
    ],
    "convertedRetreatCost": 2,
    "number": "13",
    "artist": "Pokemon Rumble",
    "nationalPokedexNumbers": [
      435
    ],
    "legalities": {
      "unlimited": "Legal"
    },
    "images": {
      "small": "https://images.pokemontcg.io/ru1/13.png",
      "large": "https://images.pokemontcg.io/ru1/13_hires.png"
    }
  },
  {
    "id": "ru1-14",
    "name": "Bastiodon",
    "supertype": "Pokémon",
    "subtypes": [
      "Stage 2"
    ],
    "hp": "120",
    "types": [
      "Metal"
    ],
    "evolvesFrom": "Shieldon",
    "attacks": [
      {
        "name": "Strength",
        "cost": [
          "Metal",
          "Colorless",
          "Colorless"
        ],
        "convertedEnergyCost": 3,
        "damage": "40",
        "text": ""
      }
    ],
    "weaknesses": [
      {
        "type": "Fire",
        "value": "×2"
      }
    ],
    "resistances": [
      {
        "type": "Psychic",
        "value": "-20"
      }
    ],
    "retreatCost": [
      "Colorless",
      "Colorless",
      "Colorless",
      "Colorless"
    ],
    "convertedRetreatCost": 4,
    "number": "14",
    "artist": "Pokemon Rumble",
    "nationalPokedexNumbers": [
      411
    ],
    "legalities": {
      "unlimited": "Legal"
    },
    "images": {
      "small": "https://images.pokemontcg.io/ru1/14.png",
      "large": "https://images.pokemontcg.io/ru1/14_hires.png"
    }
  },
  {
    "id": "ru1-15",
    "name": "Rattata",
    "supertype": "Pokémon",
    "subtypes": [
      "Basic"
    ],
    "hp": "30",
    "types": [
      "Colorless"
    ],
    "evolvesTo": [
      "Raticate"
    ],
    "attacks": [
      {
        "name": "Bite",
        "cost": [
          "Colorless",
          "Colorless"
        ],
        "convertedEnergyCost": 2,
        "damage": "20",
        "text": ""
      }
    ],
    "weaknesses": [
      {
        "type": "Fighting",
        "value": "×2"
      }
    ],
    "retreatCost": [
      "Colorless"
    ],
    "convertedRetreatCost": 1,
    "number": "15",
    "artist": "Pokemon Rumble",
    "nationalPokedexNumbers": [
      19
    ],
    "legalities": {
      "unlimited": "Legal"
    },
    "images": {
      "small": "https://images.pokemontcg.io/ru1/15.png",
      "large": "https://images.pokemontcg.io/ru1/15_hires.png"
    }
  },
  {
    "id": "ru1-16",
    "name": "Bibarel",
    "supertype": "Pokémon",
    "subtypes": [
      "Stage 1"
    ],
    "hp": "90",
    "types": [
      "Colorless"
    ],
    "evolvesFrom": "Bidoof",
    "attacks": [
      {
        "name": "Rollout",
        "cost": [
          "Colorless",
          "Colorless",
          "Colorless",
          "Colorless"
        ],
        "convertedEnergyCost": 4,
        "damage": "50",
        "text": ""
      }
    ],
    "weaknesses": [
      {
        "type": "Fighting",
        "value": "×2"
      }
    ],
    "retreatCost": [
      "Colorless",
      "Colorless",
      "Colorless"
    ],
    "convertedRetreatCost": 3,
    "number": "16",
    "artist": "Pokemon Rumble",
    "nationalPokedexNumbers": [
      400
    ],
    "legalities": {
      "unlimited": "Legal"
    },
    "images": {
      "small": "https://images.pokemontcg.io/ru1/16.png",
      "large": "https://images.pokemontcg.io/ru1/16_hires.png"
    }
  }
]