[
  {
    "id": "swsh35-1",
    "name": "Venusaur V",
    "supertype": "Pokémon",
    "subtypes": [
      "Basic",
      "V"
    ],
    "hp": "220",
    "types": [
      "Grass"
    ],
    "rules": [
      "V rule: When your Pokémon V is Knocked Out, your opponent takes 2 Prize cards."
    ],
    "attacks": [
      {
        "name": "Pollen Bomb",
        "cost": [
          "Grass",
          "Grass",
          "Colorless"
        ],
        "convertedEnergyCost": 3,
        "damage": "80",
        "text": "Your opponent's Active Pokémon is now Asleep and Poisoned."
      },
      {
        "name": "Solar Typhoon",
        "cost": [
          "Grass",
          "Grass",
          "Grass",
          "Colorless"
        ],
        "convertedEnergyCost": 4,
        "damage": "220",
        "text": "During your next turn, this Pokémon can't use Solar Typhoon."
      }
    ],
    "weaknesses": [
      {
        "type": "Fire",
        "value": "×2"
      }
    ],
    "retreatCost": [
      "Colorless",
      "Colorless",
      "Colorless"
    ],
    "convertedRetreatCost": 3,
    "number": "1",
    "artist": "PLANETA Mochizuki",
    "rarity": "Rare Holo V",
    "nationalPokedexNumbers": [
      3
    ],
    "legalities": {
      "unlimited": "Legal",
      "standard": "Legal",
      "expanded": "Legal"
    },
    "regulationMark": "D",
    "images": {
      "small": "https://images.pokemontcg.io/swsh35/1.png",
      "large": "https://images.pokemontcg.io/swsh35/1_hires.png"
    }
  },
  {
    "id": "swsh35-2",
    "name": "Weedle",
    "supertype": "Pokémon",
    "subtypes": [
      "Basic"
    ],
    "hp": "60",
    "types": [
      "Grass"
    ],
    "evolvesTo": [
      "Kakuna"
    ],
    "attacks": [
      {
        "name": "Call for Family",
        "cost": [
          "Colorless"
        ],
        "convertedEnergyCost": 1,
        "damage": "",
        "text": "Search your deck for a Basic Pokémon and put it onto your Bench. Then, shuffle your deck."
      }
    ],
    "weaknesses": [
      {
        "type": "Fire",
        "value": "×2"
      }
    ],
    "retreatCost": [
      "Colorless"
    ],
    "convertedRetreatCost": 1,
    "number": "2",
    "artist": "Yuka Morii",
    "rarity": "Common",
    "flavorText": "Its poison stinger is very powerful. Its bright-colored body is intended to warn off its enemies.",
    "nationalPokedexNumbers": [
      13
    ],
    "legalities": {
      "unlimited": "Legal",
      "standard": "Legal",
      "expanded": "Legal"
    },
    "regulationMark": "D",
    "images": {
      "small": "https://images.pokemontcg.io/swsh35/2.png",
      "large": "https://images.pokemontcg.io/swsh35/2_hires.png"
    }
  },
  {
    "id": "swsh35-3",
    "name": "Kakuna",
    "supertype": "Pokémon",
    "subtypes": [
      "Stage 1"
    ],
    "hp": "80",
    "types": [
      "Grass"
    ],
    "evolvesFrom": "Weedle",
    "evolvesTo": [
      "Beedrill"
    ],
    "attacks": [
      {
        "name": "Bug Bite",
        "cost": [
          "Grass"
        ],
        "convertedEnergyCost": 1,
        "damage": "30",
        "text": ""
      }
    ],
    "weaknesses": [
      {
        "type": "Fire",
        "value": "×2"
      }
    ],
    "retreatCost": [
      "Colorless",
      "Colorless",
      "Colorless"
    ],
    "convertedRetreatCost": 3,
    "number": "3",
    "artist": "Miki Tanaka",
    "rarity": "Common",
    "flavorText": "While awaiting evolution, it hides from predators under leaves and in nooks of branches.",
    "nationalPokedexNumbers": [
      14
    ],
    "legalities": {
      "unlimited": "Legal",
      "standard": "Legal",
      "expanded": "Legal"
    },
    "regulationMark": "D",
    "images": {
      "small": "https://images.pokemontcg.io/swsh35/3.png",
      "large": "https://images.pokemontcg.io/swsh35/3_hires.png"
    }
  },
  {
    "id": "swsh35-4",
    "name": "Beedrill",
    "supertype": "Pokémon",
    "subtypes": [
      "Stage 2"
    ],
    "hp": "140",
    "types": [
      "Grass"
    ],
    "evolvesFrom": "Kakuna",
    "attacks": [
      {
        "name": "Poison Jab",
        "cost": [
          "Grass"
        ],
        "convertedEnergyCost": 1,
        "damage": "80",
        "text": "Your opponent's Active Pokémon is now Poisoned."
      }
    ],
    "weaknesses": [
      {
        "type": "Fire",
        "value": "×2"
      }
    ],
    "retreatCost": [
      "Colorless"
    ],
    "convertedRetreatCost": 1,
    "number": "4",
    "artist": "Hideki Ishikawa",
    "rarity": "Uncommon",
    "flavorText": "May appear in a swarm. Flies at violent speeds, all the while stabbing with the toxic stinger on its rear.",
    "nationalPokedexNumbers": [
      15
    ],
    "legalities": {
      "unlimited": "Legal",
      "standard": "Legal",
      "expanded": "Legal"
    },
    "regulationMark": "D",
    "images": {
      "small": "https://images.pokemontcg.io/swsh35/4.png",
      "large": "https://images.pokemontcg.io/swsh35/4_hires.png"
    }
  },
  {
    "id": "swsh35-5",
    "name": "Eldegoss V",
    "supertype": "Pokémon",
    "subtypes": [
      "Basic",
      "V"
    ],
    "hp": "180",
    "types": [
      "Grass"
    ],
    "rules": [
      "V rule: When your Pokémon V is Knocked Out, your opponent takes 2 Prize cards."
    ],
    "abilities": [
      {
        "name": "Happy Match",
        "text": "When you play this Pokémon from your hand onto your Bench during your turn, you may put a Supporter card from your discard pile into your hand.",
        "type": "Ability"
      }
    ],
    "attacks": [
      {
        "name": "Float Up",
        "cost": [
          "Colorless",
          "Colorless"
        ],
        "convertedEnergyCost": 2,
        "damage": "50",
        "text": "You may shuffle this Pokémon and all cards attached to it into your deck."
      }
    ],
    "weaknesses": [
      {
        "type": "Fire",
        "value": "×2"
      }
    ],
    "retreatCost": [
      "Colorless"
    ],
    "convertedRetreatCost": 1,
    "number": "5",
    "artist": "5ban Graphics",
    "rarity": "Rare Holo V",
    "nationalPokedexNumbers": [
      830
    ],
    "legalities": {
      "unlimited": "Legal",
      "standard": "Legal",
      "expanded": "Legal"
    },
    "regulationMark": "D",
    "images": {
      "small": "https://images.pokemontcg.io/swsh35/5.png",
      "large": "https://images.pokemontcg.io/swsh35/5_hires.png"
    }
  },
  {
    "id": "swsh35-6",
    "name": "Vulpix",
    "supertype": "Pokémon",
    "subtypes": [
      "Basic"
    ],
    "hp": "60",
    "types": [
      "Fire"
    ],
    "evolvesTo": [
      "Ninetales"
    ],
    "attacks": [
      {
        "name": "Gnaw",
        "cost": [
          "Colorless"
        ],
        "convertedEnergyCost": 1,
        "damage": "10",
        "text": ""
      },
      {
        "name": "Singe",
        "cost": [
          "Fire",
          "Colorless"
        ],
        "convertedEnergyCost": 2,
        "damage": "",
        "text": "Your opponent's Active Pokémon is now Burned."
      }
    ],
    "weaknesses": [
      {
        "type": "Water",
        "value": "×2"
      }
    ],
    "retreatCost": [
      "Colorless"
    ],
    "convertedRetreatCost": 1,
    "number": "6",
    "artist": "Shibuzoh.",
    "rarity": "Common",
    "flavorText": "While young, it has six gorgeous tails. When it grows, several new tails are sprouted.",
    "nationalPokedexNumbers": [
      37
    ],
    "legalities": {
      "unlimited": "Legal",
      "standard": "Legal",
      "expanded": "Legal"
    },
    "regulationMark": "D",
    "images": {
      "small": "https://images.pokemontcg.io/swsh35/6.png",
      "large": "https://images.pokemontcg.io/swsh35/6_hires.png"
    }
  },
  {
    "id": "swsh35-7",
    "name": "Victini",
    "supertype": "Pokémon",
    "subtypes": [
      "Basic"
    ],
    "hp": "70",
    "types": [
      "Fire"
    ],
    "attacks": [
      {
        "name": "Quick Draw",
        "cost": [
          "Colorless"
        ],
        "convertedEnergyCost": 1,
        "damage": "",
        "text": "Draw a card."
      },
      {
        "name": "Combustion",
        "cost": [
          "Fire",
          "Colorless"
        ],
        "convertedEnergyCost": 2,
        "damage": "30",
        "text": ""
      }
    ],
    "weaknesses": [
      {
        "type": "Water",
        "value": "×2"
      }
    ],
    "retreatCost": [
      "Colorless"
    ],
    "convertedRetreatCost": 1,
    "number": "7",
    "artist": "Taira Akitsu",
    "rarity": "Uncommon",
    "flavorText": "When it shares the infinite energy it creates, that being's entire body will be overflowing with power.",
    "nationalPokedexNumbers": [
      494
    ],
    "legalities": {
      "unlimited": "Legal",
      "standard": "Legal",
      "expanded": "Legal"
    },
    "regulationMark": "D",
    "images": {
      "small": "https://images.pokemontcg.io/swsh35/7.png",
      "large": "https://images.pokemontcg.io/swsh35/7_hires.png"
    }
  },
  {
    "id": "swsh35-8",
    "name": "Incineroar V",
    "supertype": "Pokémon",
    "subtypes": [
      "Basic",
      "V"
    ],
    "hp": "220",
    "types": [
      "Fire"
    ],
    "rules": [
      "V rule: When your Pokémon V is Knocked Out, your opponent takes 2 Prize cards."
    ],
    "attacks": [
      {
        "name": "Grand Flame",
        "cost": [
          "Fire",
          "Fire",
          "Colorless"
        ],
        "convertedEnergyCost": 3,
        "damage": "90",
        "text": "Attach up to 2 Fire Energy cards from your discard pile to 1 of your Benched Pokémon."
      },
      {
        "name": "Flare Blitzer",
        "cost": [
          "Fire",
          "Fire",
          "Fire",
          "Colorless"
        ],
        "convertedEnergyCost": 4,
        "damage": "220",
        "text": "This Pokémon also does 30 damage to itself."
      }
    ],
    "weaknesses": [
      {
        "type": "Water",
        "value": "×2"
      }
    ],
    "retreatCost": [
      "Colorless",
      "Colorless",
      "Colorless"
    ],
    "convertedRetreatCost": 3,
    "number": "8",
    "artist": "Kouki Saitou",
    "rarity": "Rare Holo V",
    "nationalPokedexNumbers": [
      727
    ],
    "legalities": {
      "unlimited": "Legal",
      "standard": "Legal",
      "expanded": "Legal"
    },
    "regulationMark": "D",
    "images": {
      "small": "https://images.pokemontcg.io/swsh35/8.png",
      "large": "https://images.pokemontcg.io/swsh35/8_hires.png"
    }
  },
  {
    "id": "swsh35-9",
    "name": "Sizzlipede",
    "supertype": "Pokémon",
    "subtypes": [
      "Basic"
    ],
    "hp": "70",
    "types": [
      "Fire"
    ],
    "evolvesTo": [
      "Centiskorch"
    ],
    "attacks": [
      {
        "name": "Bite",
        "cost": [
          "Colorless"
        ],
        "convertedEnergyCost": 1,
        "damage": "10",
        "text": ""
      },
      {
        "name": "Combustion",
        "cost": [
          "Fire",
          "Colorless",
          "Colorless"
        ],
        "convertedEnergyCost": 3,
        "damage": "50",
        "text": ""
      }
    ],
    "weaknesses": [
      {
        "type": "Water",
        "value": "×2"
      }
    ],
    "retreatCost": [
      "Colorless"
    ],
    "convertedRetreatCost": 1,
    "number": "9",
    "artist": "Akira Komayama",
    "rarity": "Common",
    "flavorText": "It stores flammable gas in its body and uses it to generate heat. The yellow sections on its belly get particularly hot.",
    "nationalPokedexNumbers": [
      850
    ],
    "legalities": {
      "unlimited": "Legal",
      "standard": "Legal",
      "expanded": "Legal"
    },
    "regulationMark": "D",
    "images": {
      "small": "https://images.pokemontcg.io/swsh35/9.png",
      "large": "https://images.pokemontcg.io/swsh35/9_hires.png"
    }
  },
  {
    "id": "swsh35-10",
    "name": "Centiskorch",
    "supertype": "Pokémon",
    "subtypes": [
      "Stage 1"
    ],
    "hp": "130",
    "types": [
      "Fire"
    ],
    "evolvesFrom": "Sizzlipede",
    "attacks": [
      {
        "name": "Searing Flame",
        "cost": [
          "Fire",
          "Colorless",
          "Colorless"
        ],
        "convertedEnergyCost": 3,
        "damage": "50",
        "text": "Your opponent's Active Pokémon is now Burned."
      },
      {
        "name": "Heat Crawler",
        "cost": [
          "Fire",
          "Fire",
          "Colorless",
          "Colorless"
        ],
        "convertedEnergyCost": 4,
        "damage": "140",
        "text": ""
      }
    ],
    "weaknesses": [
      {
        "type": "Water",
        "value": "×2"
      }
    ],
    "retreatCost": [
      "Colorless",
      "Colorless",
      "Colorless"
    ],
    "convertedRetreatCost": 3,
    "number": "10",
    "artist": "Shin Nagasawa",
    "rarity": "Rare Holo",
    "flavorText": "When it heats up, its body temperature reaches about 1,500 degrees Fahrenheit. It lashes its body like a whip and launches itself at enemies.",
    "nationalPokedexNumbers": [
      851
    ],
    "legalities": {
      "unlimited": "Legal",
      "standard": "Legal",
      "expanded": "Legal"
    },
    "regulationMark": "D",
    "images": {
      "small": "https://images.pokemontcg.io/swsh35/10.png",
      "large": "https://images.pokemontcg.io/swsh35/10_hires.png"
    }
  },
  {
    "id": "swsh35-11",
    "name": "Carvanha",
    "supertype": "Pokémon",
    "subtypes": [
      "Basic"
    ],
    "hp": "60",
    "types": [
      "Water"
    ],
    "evolvesTo": [
      "Sharpedo"
    ],
    "attacks": [
      {
        "name": "Bite",
        "cost": [
          "Water"
        ],
        "convertedEnergyCost": 1,
        "damage": "10",
        "text": ""
      }
    ],
    "weaknesses": [
      {
        "type": "Lightning",
        "value": "×2"
      }
    ],
    "retreatCost": [
      "Colorless"
    ],
    "convertedRetreatCost": 1,
    "number": "11",
    "artist": "Shigenori Negishi",
    "rarity": "Common",
    "flavorText": "With its sturdy jaws and fangs, it can easily chomp wooden boats to splinters. It fights with Basculin over food.",
    "nationalPokedexNumbers": [
      318
    ],
    "legalities": {
      "unlimited": "Legal",
      "standard": "Legal",
      "expanded": "Legal"
    },
    "regulationMark": "D",
    "images": {
      "small": "https://images.pokemontcg.io/swsh35/11.png",
      "large": "https://images.pokemontcg.io/swsh35/11_hires.png"
    }
  },
  {
    "id": "swsh35-12",
    "name": "Sharpedo",
    "supertype": "Pokémon",
    "subtypes": [
      "Stage 1"
    ],
    "hp": "110",
    "types": [
      "Water"
    ],
    "evolvesFrom": "Carvanha",
    "attacks": [
      {
        "name": "Aqua Jet",
        "cost": [
          "Water"
        ],
        "convertedEnergyCost": 1,
        "damage": "50",
        "text": "This attack also does 20 damage to 1 of your opponent's Benched Pokémon. (Don't apply Weakness and Resistance for Benched Pokémon.)"
      }
    ],
    "weaknesses": [
      {
        "type": "Lightning",
        "value": "×2"
      }
    ],
    "retreatCost": [
      "Colorless"
    ],
    "convertedRetreatCost": 1,
    "number": "12",
    "artist": "Ryuta Fuse",
    "rarity": "Uncommon",
    "flavorText": "It drinks in seawater and jets it from its rear to propel itself. It's very sensitive to the scent of blood.",
    "nationalPokedexNumbers": [
      319
    ],
    "legalities": {
      "unlimited": "Legal",
      "standard": "Legal",
      "expanded": "Legal"
    },
    "regulationMark": "D",
    "images": {
      "small": "https://images.pokemontcg.io/swsh35/12.png",
      "large": "https://images.pokemontcg.io/swsh35/12_hires.png"
    }
  },
  {
    "id": "swsh35-13",
    "name": "Wailord V",
    "supertype": "Pokémon",
    "subtypes": [
      "Basic",
      "V"
    ],
    "hp": "280",
    "types": [
      "Water"
    ],
    "rules": [
      "V rule: When your Pokémon V is Knocked Out, your opponent takes 2 Prize cards."
    ],
    "attacks": [
      {
        "name": "Draw Up",
        "cost": [
          "Water"
        ],
        "convertedEnergyCost": 1,
        "damage": "",
        "text": "Attach up to 3 Water Energy cards from your discard pile to this Pokémon."
      },
      {
        "name": "Ocean Waves",
        "cost": [
          "Water",
          "Water",
          "Water",
          "Water"
        ],
        "convertedEnergyCost": 4,
        "damage": "120×",
        "text": "Flip 3 coins. This attack does 120 damage for each heads."
      }
    ],
    "weaknesses": [
      {
        "type": "Lightning",
        "value": "×2"
      }
    ],
    "retreatCost": [
      "Colorless",
      "Colorless",
      "Colorless",
      "Colorless"
    ],
    "convertedRetreatCost": 4,
    "number": "13",
    "artist": "PLANETA Mochizuki",
    "rarity": "Rare Holo V",
    "nationalPokedexNumbers": [
      321
    ],
    "legalities": {
      "unlimited": "Legal",
      "standard": "Legal",
      "expanded": "Legal"
    },
    "regulationMark": "D",
    "images": {
      "small": "https://images.pokemontcg.io/swsh35/13.png",
      "large": "https://images.pokemontcg.io/swsh35/13_hires.png"
    }
  },
  {
    "id": "swsh35-14",
    "name": "Drednaw V",
    "supertype": "Pokémon",
    "subtypes": [
      "Basic",
      "V"
    ],
    "hp": "210",
    "types": [
      "Water"
    ],
    "rules": [
      "V rule: When your Pokémon V is Knocked Out, your opponent takes 2 Prize cards."
    ],
    "abilities": [
      {
        "name": "Solid Shell",
        "text": "This Pokémon takes 30 less damage from attacks (after applying Weakness and Resistance).",
        "type": "Ability"
      }
    ],
    "attacks": [
      {
        "name": "Powerful Bite",
        "cost": [
          "Water",
          "Water",
          "Colorless"
        ],
        "convertedEnergyCost": 3,
        "damage": "130",
        "text": "During your opponent's next turn, the Defending Pokémon can't retreat."
      }
    ],
    "weaknesses": [
      {
        "type": "Lightning",
        "value": "×2"
      }
    ],
    "retreatCost": [
      "Colorless",
      "Colorless",
      "Colorless",
      "Colorless"
    ],
    "convertedRetreatCost": 4,
    "number": "14",
    "artist": "aky CG Works",
    "rarity": "Rare Holo V",
    "nationalPokedexNumbers": [
      834
    ],
    "legalities": {
      "unlimited": "Legal",
      "standard": "Legal",
      "expanded": "Legal"
    },
    "regulationMark": "D",
    "images": {
      "small": "https://images.pokemontcg.io/swsh35/14.png",
      "large": "https://images.pokemontcg.io/swsh35/14_hires.png"
    }
  },
  {
    "id": "swsh35-15",
    "name": "Drednaw VMAX",
    "supertype": "Pokémon",
    "subtypes": [
      "VMAX"
    ],
    "hp": "320",
    "types": [
      "Water"
    ],
    "evolvesFrom": "Drednaw V",
    "rules": [
      "VMAX rule: When your Pokémon VMAX is Knocked Out, your opponent takes 3 Prize cards."
    ],
    "abilities": [
      {
        "name": "Solid Shell",
        "text": "This Pokémon takes 30 less damage from attacks (after applying Weakness and Resistance).",
        "type": "Ability"
      }
    ],
    "attacks": [
      {
        "name": "G-Max Headbutt",
        "cost": [
          "Water",
          "Water",
          "Colorless"
        ],
        "convertedEnergyCost": 3,
        "damage": "160+",
        "text": "Flip a coin. If heads, this attack does 80 more damage."
      }
    ],
    "weaknesses": [
      {
        "type": "Lightning",
        "value": "×2"
      }
    ],
    "retreatCost": [
      "Colorless",
      "Colorless",
      "Colorless",
      "Colorless"
    ],
    "convertedRetreatCost": 4,
    "number": "15",
    "artist": "aky CG Works",
    "rarity": "Rare Holo VMAX",
    "nationalPokedexNumbers": [
      834
    ],
    "legalities": {
      "unlimited": "Legal",
      "standard": "Legal",
      "expanded": "Legal"
    },
    "regulationMark": "D",
    "images": {
      "small": "https://images.pokemontcg.io/swsh35/15.png",
      "large": "https://images.pokemontcg.io/swsh35/15_hires.png"
    }
  },
  {
    "id": "swsh35-16",
    "name": "Gardevoir V",
    "supertype": "Pokémon",
    "subtypes": [
      "Basic",
      "V"
    ],
    "hp": "210",
    "types": [
      "Psychic"
    ],
    "rules": [
      "V rule: When your Pokémon V is Knocked Out, your opponent takes 2 Prize cards."
    ],
    "attacks": [
      {
        "name": "Magical Shot",
        "cost": [
          "Psychic"
        ],
        "convertedEnergyCost": 1,
        "damage": "30",
        "text": ""
      },
      {
        "name": "Swelling Pulse",
        "cost": [
          "Psychic",
          "Psychic",
          "Colorless"
        ],
        "convertedEnergyCost": 3,
        "damage": "120+",
        "text": "If this Pokémon was healed during this turn, this attack does 80 more damage."
      }
    ],
    "weaknesses": [
      {
        "type": "Metal",
        "value": "×2"
      }
    ],
    "retreatCost": [
      "Colorless",
      "Colorless"
    ],
    "convertedRetreatCost": 2,
    "number": "16",
    "artist": "Kagemaru Himeno",
    "rarity": "Rare Holo V",
    "nationalPokedexNumbers": [
      282
    ],
    "legalities": {
      "unlimited": "Legal",
      "standard": "Legal",
      "expanded": "Legal"
    },
    "regulationMark": "D",
    "images": {
      "small": "https://images.pokemontcg.io/swsh35/16.png",
      "large": "https://images.pokemontcg.io/swsh35/16_hires.png"
    }
  },
  {
    "id": "swsh35-17",
    "name": "Gardevoir VMAX",
    "supertype": "Pokémon",
    "subtypes": [
      "VMAX"
    ],
    "hp": "320",
    "types": [
      "Psychic"
    ],
    "evolvesFrom": "Gardevoir V",
    "rules": [
      "VMAX rule: When your Pokémon VMAX is Knocked Out, your opponent takes 3 Prize cards."
    ],
    "attacks": [
      {
        "name": "Max Cure",
        "cost": [
          "Psychic",
          "Psychic",
          "Colorless"
        ],
        "convertedEnergyCost": 3,
        "damage": "180",
        "text": "Heal 50 damage from this Pokémon."
      }
    ],
    "weaknesses": [
      {
        "type": "Metal",
        "value": "×2"
      }
    ],
    "retreatCost": [
      "Colorless",
      "Colorless"
    ],
    "convertedRetreatCost": 2,
    "number": "17",
    "artist": "5ban Graphics",
    "rarity": "Rare Holo VMAX",
    "nationalPokedexNumbers": [
      282
    ],
    "legalities": {
      "unlimited": "Legal",
      "standard": "Legal",
      "expanded": "Legal"
    },
    "regulationMark": "D",
    "images": {
      "small": "https://images.pokemontcg.io/swsh35/17.png",
      "large": "https://images.pokemontcg.io/swsh35/17_hires.png"
    }
  },
  {
    "id": "swsh35-18",
    "name": "Hatenna",
    "supertype": "Pokémon",
    "subtypes": [
      "Basic"
    ],
    "hp": "60",
    "types": [
      "Psychic"
    ],
    "evolvesTo": [
      "Hattrem"
    ],
    "attacks": [
      {
        "name": "Stampede",
        "cost": [
          "Psychic"
        ],
        "convertedEnergyCost": 1,
        "damage": "10",
        "text": ""
      },
      {
        "name": "Magical Shot",
        "cost": [
          "Psychic",
          "Colorless"
        ],
        "convertedEnergyCost": 2,
        "damage": "30",
        "text": ""
      }
    ],
    "weaknesses": [
      {
        "type": "Darkness",
        "value": "×2"
      }
    ],
    "resistances": [
      {
        "type": "Fighting",
        "value": "-30"
      }
    ],
    "retreatCost": [
      "Colorless"
    ],
    "convertedRetreatCost": 1,
    "number": "18",
    "artist": "Akira Komayama",
    "rarity": "Common",
    "flavorText": "Via the protrusion on its head, it senses other creatures' emotions. If you don't have a calm disposition, it will never warm up to you.",
    "nationalPokedexNumbers": [
      856
    ],
    "legalities": {
      "unlimited": "Legal",
      "standard": "Legal",
      "expanded": "Legal"
    },
    "regulationMark": "D",
    "images": {
      "small": "https://images.pokemontcg.io/swsh35/18.png",
      "large": "https://images.pokemontcg.io/swsh35/18_hires.png"
    }
  },
  {
    "id": "swsh35-19",
    "name": "Hattrem",
    "supertype": "Pokémon",
    "subtypes": [
      "Stage 1"
    ],
    "hp": "90",
    "types": [
      "Psychic"
    ],
    "evolvesFrom": "Hatenna",
    "evolvesTo": [
      "Hatterene"
    ],
    "attacks": [
      {
        "name": "Beat",
        "cost": [
          "Psychic"
        ],
        "convertedEnergyCost": 1,
        "damage": "20",
        "text": ""
      },
      {
        "name": "Super Psy Bolt",
        "cost": [
          "Psychic",
          "Colorless"
        ],
        "convertedEnergyCost": 2,
        "damage": "40",
        "text": ""
      }
    ],
    "weaknesses": [
      {
        "type": "Darkness",
        "value": "×2"
      }
    ],
    "resistances": [
      {
        "type": "Fighting",
        "value": "-30"
      }
    ],
    "retreatCost": [
      "Colorless",
      "Colorless"
    ],
    "convertedRetreatCost": 2,
    "number": "19",
    "artist": "Hitoshi Ariga",
    "rarity": "Uncommon",
    "flavorText": "No matter who you are, if you bring strong emotions near this Pokémon, it will silence you violently.",
    "nationalPokedexNumbers": [
      857
    ],
    "legalities": {
      "unlimited": "Legal",
      "standard": "Legal",
      "expanded": "Legal"
    },
    "regulationMark": "D",
    "images": {
      "small": "https://images.pokemontcg.io/swsh35/19.png",
      "large": "https://images.pokemontcg.io/swsh35/19_hires.png"
    }
  },
  {
    "id": "swsh35-20",
    "name": "Hatterene",
    "supertype": "Pokémon",
    "subtypes": [
      "Stage 2"
    ],
    "hp": "150",
    "types": [
      "Psychic"
    ],
    "evolvesFrom": "Hattrem",
    "abilities": [
      {
        "name": "Hazard Sensor",
        "text": "If this Pokémon is in the Active Spot and is damaged by an attack from your opponent's Pokémon (even if this Pokémon is Knocked Out), the Attacking Pokémon is now Confused.",
        "type": "Ability"
      }
    ],
    "attacks": [
      {
        "name": "Life Sucker",
        "cost": [
          "Psychic",
          "Colorless"
        ],
        "convertedEnergyCost": 2,
        "damage": "100",
        "text": "Heal 30 damage from this Pokémon."
      }
    ],
    "weaknesses": [
      {
        "type": "Darkness",
        "value": "×2"
      }
    ],
    "resistances": [
      {
        "type": "Fighting",
        "value": "-30"
      }
    ],
    "retreatCost": [
      "Colorless",
      "Colorless"
    ],
    "convertedRetreatCost": 2,
    "number": "20",
    "artist": "Naoki Saito",
    "rarity": "Rare Holo",
    "flavorText": "It emits psychic power strong enough to cause headaches as a deterrent to the approach of others.",
    "nationalPokedexNumbers": [
      858
    ],
    "legalities": {
      "unlimited": "Legal",
      "standard": "Legal",
      "expanded": "Legal"
    },
    "regulationMark": "D",
    "images": {
      "small": "https://images.pokemontcg.io/swsh35/20.png",
      "large": "https://images.pokemontcg.io/swsh35/20_hires.png"
    }
  },
  {
    "id": "swsh35-21",
    "name": "Galarian Cursola V",
    "supertype": "Pokémon",
    "subtypes": [
      "Basic",
      "V"
    ],
    "hp": "190",
    "types": [
      "Psychic"
    ],
    "rules": [
      "V rule: When your Pokémon V is Knocked Out, your opponent takes 2 Prize cards."
    ],
    "abilities": [
      {
        "name": "Gnawing Aura",
        "text": "As long as this Pokémon is in the Active Spot, whenever your opponent attaches an Energy card from their hand to 1 of their Pokémon, put 3 damage counters on that Pokémon.",
        "type": "Ability"
      }
    ],
    "attacks": [
      {
        "name": "Hollow Missile",
        "cost": [
          "Psychic",
          "Colorless"
        ],
        "convertedEnergyCost": 2,
        "damage": "60",
        "text": "Put 3 damage counters on your opponent's Benched Pokémon in any way you like."
      }
    ],
    "weaknesses": [
      {
        "type": "Darkness",
        "value": "×2"
      }
    ],
    "resistances": [
      {
        "type": "Fighting",
        "value": "-30"
      }
    ],
    "retreatCost": [
      "Colorless",
      "Colorless"
    ],
    "convertedRetreatCost": 2,
    "number": "21",
    "artist": "5ban Graphics",
    "rarity": "Rare Holo V",
    "nationalPokedexNumbers": [
      864
    ],
    "legalities": {
      "unlimited": "Legal",
      "standard": "Legal",
      "expanded": "Legal"
    },
    "regulationMark": "D",
    "images": {
      "small": "https://images.pokemontcg.io/swsh35/21.png",
      "large": "https://images.pokemontcg.io/swsh35/21_hires.png"
    }
  },
  {
    "id": "swsh35-22",
    "name": "Alcremie V",
    "supertype": "Pokémon",
    "subtypes": [
      "Basic",
      "V"
    ],
    "hp": "170",
    "types": [
      "Psychic"
    ],
    "rules": [
      "V rule: When your Pokémon V is Knocked Out, your opponent takes 2 Prize cards."
    ],
    "attacks": [
      {
        "name": "Sugary Sprinkles",
        "cost": [
          "Psychic"
        ],
        "convertedEnergyCost": 1,
        "damage": "",
        "text": "Heal 30 damage from each of your Benched Pokémon."
      },
      {
        "name": "Sweet Splash",
        "cost": [
          "Psychic",
          "Colorless",
          "Colorless"
        ],
        "convertedEnergyCost": 3,
        "damage": "100",
        "text": "If the Defending Pokémon is a Basic Pokémon, it can't attack during your opponent's next turn."
      }
    ],
    "weaknesses": [
      {
        "type": "Metal",
        "value": "×2"
      }
    ],
    "retreatCost": [
      "Colorless",
      "Colorless"
    ],
    "convertedRetreatCost": 2,
    "number": "22",
    "artist": "Ayaka Yoshida",
    "rarity": "Rare Holo V",
    "nationalPokedexNumbers": [
      869
    ],
    "legalities": {
      "unlimited": "Legal",
      "standard": "Legal",
      "expanded": "Legal"
    },
    "regulationMark": "D",
    "images": {
      "small": "https://images.pokemontcg.io/swsh35/22.png",
      "large": "https://images.pokemontcg.io/swsh35/22_hires.png"
    }
  },
  {
    "id": "swsh35-23",
    "name": "Alcremie VMAX",
    "supertype": "Pokémon",
    "subtypes": [
      "VMAX"
    ],
    "hp": "310",
    "types": [
      "Psychic"
    ],
    "evolvesFrom": "Alcremie V",
    "rules": [
      "VMAX rule: When your Pokémon VMAX is Knocked Out, your opponent takes 3 Prize cards."
    ],
    "attacks": [
      {
        "name": "Adornment",
        "cost": [
          "Colorless"
        ],
        "convertedEnergyCost": 1,
        "damage": "",
        "text": "For each of your Benched Pokémon, search your deck for a Psychic Energy card and attach it to that Pokémon. Then, shuffle your deck."
      },
      {
        "name": "G-Max Whisk",
        "cost": [
          "Psychic",
          "Psychic"
        ],
        "convertedEnergyCost": 2,
        "damage": "60×",
        "text": "Discard any amount of Energy from your Pokémon. This attack does 60 damage for each card you discarded in this way."
      }
    ],
    "weaknesses": [
      {
        "type": "Metal",
        "value": "×2"
      }
    ],
    "retreatCost": [
      "Colorless",
      "Colorless",
      "Colorless"
    ],
    "convertedRetreatCost": 3,
    "number": "23",
    "artist": "5ban Graphics",
    "rarity": "Rare Holo VMAX",
    "nationalPokedexNumbers": [
      869
    ],
    "legalities": {
      "unlimited": "Legal",
      "standard": "Legal",
      "expanded": "Legal"
    },
    "regulationMark": "D",
    "images": {
      "small": "https://images.pokemontcg.io/swsh35/23.png",
      "large": "https://images.pokemontcg.io/swsh35/23_hires.png"
    }
  },
  {
    "id": "swsh35-24",
    "name": "Machop",
    "supertype": "Pokémon",
    "subtypes": [
      "Basic"
    ],
    "hp": "70",
    "types": [
      "Fighting"
    ],
    "evolvesTo": [
      "Machoke"
    ],
    "attacks": [
      {
        "name": "Low Kick",
        "cost": [
          "Fighting"
        ],
        "convertedEnergyCost": 1,
        "damage": "10",
        "text": ""
      },
      {
        "name": "Steady Punch",
        "cost": [
          "Fighting",
          "Colorless"
        ],
        "convertedEnergyCost": 2,
        "damage": "20+",
        "text": "Flip a coin. If heads, this attack does 40 more damage."
      }
    ],
    "weaknesses": [
      {
        "type": "Psychic",
        "value": "×2"
      }
    ],
    "retreatCost": [
      "Colorless",
      "Colorless"
    ],
    "convertedRetreatCost": 2,
    "number": "24",
    "artist": "Shibuzoh.",
    "rarity": "Common",
    "flavorText": "Its whole body is composed of muscles. Even though it's the size of a human child, it can hurl 100 grown-ups.",
    "nationalPokedexNumbers": [
      66
    ],
    "legalities": {
      "unlimited": "Legal",
      "standard": "Legal",
      "expanded": "Legal"
    },
    "regulationMark": "D",
    "images": {
      "small": "https://images.pokemontcg.io/swsh35/24.png",
      "large": "https://images.pokemontcg.io/swsh35/24_hires.png"
    }
  },
  {
    "id": "swsh35-25",
    "name": "Machoke",
    "supertype": "Pokémon",
    "subtypes": [
      "Stage 1"
    ],
    "hp": "110",
    "types": [
      "Fighting"
    ],
    "evolvesFrom": "Machop",
    "evolvesTo": [
      "Machamp"
    ],
    "attacks": [
      {
        "name": "Low Kick",
        "cost": [
          "Fighting"
        ],
        "convertedEnergyCost": 1,
        "damage": "30",
        "text": ""
      },
      {
        "name": "Pummel",
        "cost": [
          "Fighting",
          "Fighting",
          "Colorless"
        ],
        "convertedEnergyCost": 3,
        "damage": "50+",
        "text": "Flip a coin. If heads, this attack does 70 more damage."
      }
    ],
    "weaknesses": [
      {
        "type": "Psychic",
        "value": "×2"
      }
    ],
    "retreatCost": [
      "Colorless",
      "Colorless",
      "Colorless"
    ],
    "convertedRetreatCost": 3,
    "number": "25",
    "artist": "AKIRA EGAWA",
    "rarity": "Uncommon",
    "flavorText": "Its muscular body is so powerful, it must wear a power-save belt to be able to regulate its motions.",
    "nationalPokedexNumbers": [
      67
    ],
    "legalities": {
      "unlimited": "Legal",
      "standard": "Legal",
      "expanded": "Legal"
    },
    "regulationMark": "D",
    "images": {
      "small": "https://images.pokemontcg.io/swsh35/25.png",
      "large": "https://images.pokemontcg.io/swsh35/25_hires.png"
    }
  },
  {
    "id": "swsh35-26",
    "name": "Machamp",
    "supertype": "Pokémon",
    "subtypes": [
      "Stage 2"
    ],
    "hp": "170",
    "types": [
      "Fighting"
    ],
    "evolvesFrom": "Machoke",
    "attacks": [
      {
        "name": "Macho Revenge",
        "cost": [
          "Fighting",
          "Colorless"
        ],
        "convertedEnergyCost": 2,
        "damage": "20×",
        "text": "This attack does 20 damage for each Fighting Pokémon in your discard pile."
      },
      {
        "name": "Dynamite Punch",
        "cost": [
          "Fighting",
          "Fighting",
          "Colorless"
        ],
        "convertedEnergyCost": 3,
        "damage": "200",
        "text": "This Pokémon also does 50 damage to itself."
      }
    ],
    "weaknesses": [
      {
        "type": "Psychic",
        "value": "×2"
      }
    ],
    "retreatCost": [
      "Colorless",
      "Colorless",
      "Colorless"
    ],
    "convertedRetreatCost": 3,
    "number": "26",
    "artist": "Anesaki Dynamic",
    "rarity": "Rare Holo",
    "flavorText": "It quickly swings its four arms to rock its opponents with ceaseless punches and chops from all angles.",
    "nationalPokedexNumbers": [
      68
    ],
    "legalities": {
      "unlimited": "Legal",
      "standard": "Legal",
      "expanded": "Legal"
    },
    "regulationMark": "D",
    "images": {
      "small": "https://images.pokemontcg.io/swsh35/26.png",
      "large": "https://images.pokemontcg.io/swsh35/26_hires.png"
    }
  },
  {
    "id": "swsh35-27",
    "name": "Lucario V",
    "supertype": "Pokémon",
    "subtypes": [
      "Basic",
      "V"
    ],
    "hp": "210",
    "types": [
      "Fighting"
    ],
    "rules": [
      "V rule: When your Pokémon V is Knocked Out, your opponent takes 2 Prize cards."
    ],
    "attacks": [
      {
        "name": "Aura Sphere",
        "cost": [
          "Fighting"
        ],
        "convertedEnergyCost": 1,
        "damage": "40",
        "text": "This attack also does 20 damage to 1 of your opponent's Benched Pokémon. (Don't apply Weakness and Resistance for Benched Pokémon.)"
      },
      {
        "name": "Beatdown Smash",
        "cost": [
          "Fighting",
          "Fighting",
          "Colorless"
        ],
        "convertedEnergyCost": 3,
        "damage": "180",
        "text": "During your next turn, this Pokémon can't use Beatdown Smash."
      }
    ],
    "weaknesses": [
      {
        "type": "Psychic",
        "value": "×2"
      }
    ],
    "retreatCost": [
      "Colorless",
      "Colorless"
    ],
    "convertedRetreatCost": 2,
    "number": "27",
    "artist": "AKIRA EGAWA",
    "rarity": "Rare Holo V",
    "nationalPokedexNumbers": [
      448
    ],
    "legalities": {
      "unlimited": "Legal",
      "standard": "Legal",
      "expanded": "Legal"
    },
    "regulationMark": "D",
    "images": {
      "small": "https://images.pokemontcg.io/swsh35/27.png",
      "large": "https://images.pokemontcg.io/swsh35/27_hires.png"
    }
  },
  {
    "id": "swsh35-28",
    "name": "Zygarde",
    "supertype": "Pokémon",
    "subtypes": [
      "Basic"
    ],
    "hp": "140",
    "types": [
      "Fighting"
    ],
    "attacks": [
      {
        "name": "Bite",
        "cost": [
          "Colorless"
        ],
        "convertedEnergyCost": 1,
        "damage": "30",
        "text": ""
      },
      {
        "name": "Power Blast",
        "cost": [
          "Fighting",
          "Fighting",
          "Colorless",
          "Colorless"
        ],
        "convertedEnergyCost": 4,
        "damage": "130",
        "text": "Discard a Fighting Energy from this Pokémon."
      }
    ],
    "weaknesses": [
      {
        "type": "Grass",
        "value": "×2"
      }
    ],
    "retreatCost": [
      "Colorless",
      "Colorless",
      "Colorless"
    ],
    "convertedRetreatCost": 3,
    "number": "28",
    "artist": "Shin Nagasawa",
    "rarity": "Rare Holo",
    "flavorText": "Some say it can change to an even more powerful form when battling those who threaten the ecosystem.",
    "nationalPokedexNumbers": [
      718
    ],
    "legalities": {
      "unlimited": "Legal",
      "standard": "Legal",
      "expanded": "Legal"
    },
    "regulationMark": "D",
    "images": {
      "small": "https://images.pokemontcg.io/swsh35/28.png",
      "large": "https://images.pokemontcg.io/swsh35/28_hires.png"
    }
  },
  {
    "id": "swsh35-29",
    "name": "Rockruff",
    "supertype": "Pokémon",
    "subtypes": [
      "Basic"
    ],
    "hp": "70",
    "types": [
      "Fighting"
    ],
    "evolvesTo": [
      "Lycanroc"
    ],
    "attacks": [
      {
        "name": "Collect",
        "cost": [
          "Colorless"
        ],
        "convertedEnergyCost": 1,
        "damage": "",
        "text": "Draw a card."
      },
      {
        "name": "Bite",
        "cost": [
          "Fighting",
          "Colorless"
        ],
        "convertedEnergyCost": 2,
        "damage": "20",
        "text": ""
      }
    ],
    "weaknesses": [
      {
        "type": "Grass",
        "value": "×2"
      }
    ],
    "retreatCost": [
      "Colorless"
    ],
    "convertedRetreatCost": 1,
    "number": "29",
    "artist": "Naoyo Kimura",
    "rarity": "Common",
    "flavorText": "When it rubs the rocks on its neck against you, that's proof of its love for you. However, the rocks are sharp, so the gesture is quite painful!",
    "nationalPokedexNumbers": [
      744
    ],
    "legalities": {
      "unlimited": "Legal",
      "standard": "Legal",
      "expanded": "Legal"
    },
    "regulationMark": "D",
    "images": {
      "small": "https://images.pokemontcg.io/swsh35/29.png",
      "large": "https://images.pokemontcg.io/swsh35/29_hires.png"
    }
  },
  {
    "id": "swsh35-30",
    "name": "Lycanroc",
    "supertype": "Pokémon",
    "subtypes": [
      "Stage 1"
    ],
    "hp": "120",
    "types": [
      "Fighting"
    ],
    "evolvesFrom": "Rockruff",
    "attacks": [
      {
        "name": "Rock Throw",
        "cost": [
          "Colorless"
        ],
        "convertedEnergyCost": 1,
        "damage": "30",
        "text": ""
      },
      {
        "name": "Slashing Strike",
        "cost": [
          "Fighting",
          "Fighting",
          "Colorless"
        ],
        "convertedEnergyCost": 3,
        "damage": "150",
        "text": "During your next turn, this Pokémon can't use Slashing Strike."
      }
    ],
    "weaknesses": [
      {
        "type": "Grass",
        "value": "×2"
      }
    ],
    "retreatCost": [
      "Colorless",
      "Colorless"
    ],
    "convertedRetreatCost": 2,
    "number": "30",
    "artist": "Ryuta Fuse",
    "rarity": "Rare Holo",
    "flavorText": "The rocks in its mane are sharper than a knife. Fragments that break off are treasured as good luck charms.",
    "nationalPokedexNumbers": [
      745
    ],
    "legalities": {
      "unlimited": "Legal",
      "standard": "Legal",
      "expanded": "Legal"
    },
    "regulationMark": "D",
    "images": {
      "small": "https://images.pokemontcg.io/swsh35/30.png",
      "large": "https://images.pokemontcg.io/swsh35/30_hires.png"
    }
  },
  {
    "id": "swsh35-31",
    "name": "Rolycoly",
    "supertype": "Pokémon",
    "subtypes": [
      "Basic"
    ],
    "hp": "70",
    "types": [
      "Fighting"
    ],
    "evolvesTo": [
      "Carkol"
    ],
    "attacks": [
      {
        "name": "Ram",
        "cost": [
          "Colorless"
        ],
        "convertedEnergyCost": 1,
        "damage": "10",
        "text": ""
      }
    ],
    "weaknesses": [
      {
        "type": "Grass",
        "value": "×2"
      }
    ],
    "retreatCost": [
      "Colorless",
      "Colorless"
    ],
    "convertedRetreatCost": 2,
    "number": "31",
    "artist": "Masakazu Fukuda",
    "rarity": "Common",
    "flavorText": "Most of its body has the same composition as coal. Fittingly, this Pokémon was first discovered in coal mines about 400 years ago.",
    "nationalPokedexNumbers": [
      837
    ],
    "legalities": {
      "unlimited": "Legal",
      "standard": "Legal",
      "expanded": "Legal"
    },
    "regulationMark": "D",
    "images": {
      "small": "https://images.pokemontcg.io/swsh35/31.png",
      "large": "https://images.pokemontcg.io/swsh35/31_hires.png"
    }
  },
  {
    "id": "swsh35-32",
    "name": "Grapploct V",
    "supertype": "Pokémon",
    "subtypes": [
      "Basic",
      "V"
    ],
    "hp": "210",
    "types": [
      "Fighting"
    ],
    "rules": [
      "V rule: When your Pokémon V is Knocked Out, your opponent takes 2 Prize cards."
    ],
    "attacks": [
      {
        "name": "Tie Up",
        "cost": [
          "Fighting"
        ],
        "convertedEnergyCost": 1,
        "damage": "20",
        "text": "If the Defending Pokémon is a Basic Pokémon, it can't attack during your opponent's next turn."
      },
      {
        "name": "Moonsault Press",
        "cost": [
          "Fighting",
          "Fighting",
          "Colorless"
        ],
        "convertedEnergyCost": 3,
        "damage": "120+",
        "text": "Flip a coin. If heads, this attack does 100 more damage."
      }
    ],
    "weaknesses": [
      {
        "type": "Psychic",
        "value": "×2"
      }
    ],
    "retreatCost": [
      "Colorless",
      "Colorless"
    ],
    "convertedRetreatCost": 2,
    "number": "32",
    "artist": "PLANETA Igarashi",
    "rarity": "Rare Holo V",
    "nationalPokedexNumbers": [
      853
    ],
    "legalities": {
      "unlimited": "Legal",
      "standard": "Legal",
      "expanded": "Legal"
    },
    "regulationMark": "D",
    "images": {
      "small": "https://images.pokemontcg.io/swsh35/32.png",
      "large": "https://images.pokemontcg.io/swsh35/32_hires.png"
    }
  },
  {
    "id": "swsh35-33",
    "name": "Ekans",
    "supertype": "Pokémon",
    "subtypes": [
      "Basic"
    ],
    "hp": "70",
    "types": [
      "Darkness"
    ],
    "evolvesTo": [
      "Arbok"
    ],
    "attacks": [
      {
        "name": "Ram",
        "cost": [
          "Colorless"
        ],
        "convertedEnergyCost": 1,
        "damage": "10",
        "text": ""
      },
      {
        "name": "Tail Snap",
        "cost": [
          "Darkness",
          "Colorless"
        ],
        "convertedEnergyCost": 2,
        "damage": "30",
        "text": ""
      }
    ],
    "weaknesses": [
      {
        "type": "Fighting",
        "value": "×2"
      }
    ],
    "retreatCost": [
      "Colorless"
    ],
    "convertedRetreatCost": 1,
    "number": "33",
    "artist": "Uta",
    "rarity": "Common",
    "flavorText": "The eggs of bird Pokémon are its favorite food. It swallows eggs whole, so sometimes an egg gets stuck, and Ekans faints.",
    "nationalPokedexNumbers": [
      23
    ],
    "legalities": {
      "unlimited": "Legal",
      "standard": "Legal",
      "expanded": "Legal"
    },
    "regulationMark": "D",
    "images": {
      "small": "https://images.pokemontcg.io/swsh35/33.png",
      "large": "https://images.pokemontcg.io/swsh35/33_hires.png"
    }
  },
  {
    "id": "swsh35-34",
    "name": "Arbok",
    "supertype": "Pokémon",
    "subtypes": [
      "Stage 1"
    ],
    "hp": "120",
    "types": [
      "Darkness"
    ],
    "evolvesFrom": "Ekans",
    "attacks": [
      {
        "name": "Sharp Fang",
        "cost": [
          "Colorless"
        ],
        "convertedEnergyCost": 1,
        "damage": "30",
        "text": ""
      },
      {
        "name": "Tail Snap",
        "cost": [
          "Darkness",
          "Colorless"
        ],
        "convertedEnergyCost": 2,
        "damage": "70",
        "text": ""
      }
    ],
    "weaknesses": [
      {
        "type": "Fighting",
        "value": "×2"
      }
    ],
    "retreatCost": [
      "Colorless"
    ],
    "convertedRetreatCost": 1,
    "number": "34",
    "artist": "nagimiso",
    "rarity": "Uncommon",
    "flavorText": "After stunning its opponents with the pattern on its stomach, it quickly wraps them up in its body and waits for them to stop moving.",
    "nationalPokedexNumbers": [
      24
    ],
    "legalities": {
      "unlimited": "Legal",
      "standard": "Legal",
      "expanded": "Legal"
    },
    "regulationMark": "D",
    "images": {
      "small": "https://images.pokemontcg.io/swsh35/34.png",
      "large": "https://images.pokemontcg.io/swsh35/34_hires.png"
    }
  },
  {
    "id": "swsh35-35",
    "name": "Galarian Zigzagoon",
    "supertype": "Pokémon",
    "subtypes": [
      "Basic"
    ],
    "hp": "70",
    "types": [
      "Darkness"
    ],
    "evolvesTo": [
      "Linoone"
    ],
    "attacks": [
      {
        "name": "Pin Missile",
        "cost": [
          "Colorless"
        ],
        "convertedEnergyCost": 1,
        "damage": "10×",
        "text": "Flip 4 coins. This attack does 10 damage for each heads."
      }
    ],
    "weaknesses": [
      {
        "type": "Grass",
        "value": "×2"
      }
    ],
    "retreatCost": [
      "Colorless",
      "Colorless"
    ],
    "convertedRetreatCost": 2,
    "number": "35",
    "artist": "Kouki Saitou",
    "rarity": "Common",
    "flavorText": "Its restlessness has it constantly running around. If it sees another Pokémon, it will purposely run into them in order to start a fight.",
    "nationalPokedexNumbers": [
      263
    ],
    "legalities": {
      "unlimited": "Legal",
      "standard": "Legal",
      "expanded": "Legal"
    },
    "regulationMark": "D",
    "images": {
      "small": "https://images.pokemontcg.io/swsh35/35.png",
      "large": "https://images.pokemontcg.io/swsh35/35_hires.png"
    }
  },
  {
    "id": "swsh35-36",
    "name": "Galarian Linoone",
    "supertype": "Pokémon",
    "subtypes": [
      "Stage 1"
    ],
    "hp": "100",
    "types": [
      "Darkness"
    ],
    "evolvesFrom": "Galarian Zigzagoon",
    "evolvesTo": [
      "Obstagoon"
    ],
    "attacks": [
      {
        "name": "Double-Edge",
        "cost": [
          "Colorless",
          "Colorless"
        ],
        "convertedEnergyCost": 2,
        "damage": "60",
        "text": "This Pokémon also does 20 damage to itself."
      }
    ],
    "weaknesses": [
      {
        "type": "Grass",
        "value": "×2"
      }
    ],
    "retreatCost": [
      "Colorless",
      "Colorless"
    ],
    "convertedRetreatCost": 2,
    "number": "36",
    "artist": "Akira Komayama",
    "rarity": "Common",
    "flavorText": "It uses its long tongue to taunt opponents. Once the opposition is enraged, this Pokémon hurls itself at the opponent, tackling them forcefully.",
    "nationalPokedexNumbers": [
      264
    ],
    "legalities": {
      "unlimited": "Legal",
      "standard": "Legal",
      "expanded": "Legal"
    },
    "regulationMark": "D",
    "images": {
      "small": "https://images.pokemontcg.io/swsh35/36.png",
      "large": "https://images.pokemontcg.io/swsh35/36_hires.png"
    }
  },
  {
    "id": "swsh35-37",
    "name": "Galarian Obstagoon",
    "supertype": "Pokémon",
    "subtypes": [
      "Stage 2"
    ],
    "hp": "170",
    "types": [
      "Darkness"
    ],
    "evolvesFrom": "Galarian Linoone",
    "abilities": [
      {
        "name": "Wicked Ruler",
        "text": "Once during your turn, you may have your opponent discard cards from their hand until they have 4 cards in their hand.",
        "type": "Ability"
      }
    ],
    "attacks": [
      {
        "name": "Knuckle Impact",
        "cost": [
          "Colorless",
          "Colorless",
          "Colorless"
        ],
        "convertedEnergyCost": 3,
        "damage": "180",
        "text": "During your next turn, this Pokémon can't attack."
      }
    ],
    "weaknesses": [
      {
        "type": "Grass",
        "value": "×2"
      }
    ],
    "retreatCost": [
      "Colorless",
      "Colorless"
    ],
    "convertedRetreatCost": 2,
    "number": "37",
    "artist": "Shin Nagasawa",
    "rarity": "Rare Holo",
    "flavorText": "Its voice is staggering in volume. Obstagoon has a tendency to take on a threatening posture and shout—this move is known as Obstruct.",
    "nationalPokedexNumbers": [
      862
    ],
    "legalities": {
      "unlimited": "Legal",
      "standard": "Legal",
      "expanded": "Legal"
    },
    "regulationMark": "D",
    "images": {
      "small": "https://images.pokemontcg.io/swsh35/37.png",
      "large": "https://images.pokemontcg.io/swsh35/37_hires.png"
    }
  },
  {
    "id": "swsh35-38",
    "name": "Absol",
    "supertype": "Pokémon",
    "subtypes": [
      "Basic"
    ],
    "hp": "100",
    "types": [
      "Darkness"
    ],
    "attacks": [
      {
        "name": "Dark Cutter",
        "cost": [
          "Darkness",
          "Darkness"
        ],
        "convertedEnergyCost": 2,
        "damage": "70",
        "text": ""
      }
    ],
    "weaknesses": [
      {
        "type": "Grass",
        "value": "×2"
      }
    ],
    "retreatCost": [
      "Colorless"
    ],
    "convertedRetreatCost": 1,
    "number": "38",
    "artist": "kodama",
    "rarity": "Uncommon",
    "flavorText": "The elderly call it the disaster Pokémon and detest it, but interest in its power to predict disasters is on the rise.",
    "nationalPokedexNumbers": [
      359
    ],
    "legalities": {
      "unlimited": "Legal",
      "standard": "Legal",
      "expanded": "Legal"
    },
    "regulationMark": "D",
    "images": {
      "small": "https://images.pokemontcg.io/swsh35/38.png",
      "large": "https://images.pokemontcg.io/swsh35/38_hires.png"
    }
  },
  {
    "id": "swsh35-39",
    "name": "Purrloin",
    "supertype": "Pokémon",
    "subtypes": [
      "Basic"
    ],
    "hp": "70",
    "types": [
      "Darkness"
    ],
    "evolvesTo": [
      "Liepard"
    ],
    "attacks": [
      {
        "name": "Dig Claws",
        "cost": [
          "Darkness"
        ],
        "convertedEnergyCost": 1,
        "damage": "10",
        "text": ""
      },
      {
        "name": "Fake Out",
        "cost": [
          "Colorless",
          "Colorless"
        ],
        "convertedEnergyCost": 2,
        "damage": "20",
        "text": "Flip a coin. If heads, your opponent's Active Pokémon is now Paralyzed."
      }
    ],
    "weaknesses": [
      {
        "type": "Grass",
        "value": "×2"
      }
    ],
    "retreatCost": [
      "Colorless"
    ],
    "convertedRetreatCost": 1,
    "number": "39",
    "artist": "sowsow",
    "rarity": "Common",
    "flavorText": "It steals things from people just to amuse itself with their frustration. A rivalry exists between this Pokémon and Nickit.",
    "nationalPokedexNumbers": [
      509
    ],
    "legalities": {
      "unlimited": "Legal",
      "standard": "Legal",
      "expanded": "Legal"
    },
    "regulationMark": "D",
    "images": {
      "small": "https://images.pokemontcg.io/swsh35/39.png",
      "large": "https://images.pokemontcg.io/swsh35/39_hires.png"
    }
  },
  {
    "id": "swsh35-40",
    "name": "Liepard",
    "supertype": "Pokémon",
    "subtypes": [
      "Stage 1"
    ],
    "hp": "100",
    "types": [
      "Darkness"
    ],
    "evolvesFrom": "Purrloin",
    "abilities": [
      {
        "name": "Limber",
        "text": "This Pokémon can't be Paralyzed.",
        "type": "Ability"
      }
    ],
    "attacks": [
      {
        "name": "Slashing Claw",
        "cost": [
          "Darkness",
          "Colorless",
          "Colorless"
        ],
        "convertedEnergyCost": 3,
        "damage": "90",
        "text": ""
      }
    ],
    "weaknesses": [
      {
        "type": "Grass",
        "value": "×2"
      }
    ],
    "retreatCost": [
      "Colorless"
    ],
    "convertedRetreatCost": 1,
    "number": "40",
    "artist": "Hasuno",
    "rarity": "Uncommon",
    "flavorText": "Don't be fooled by its gorgeous fur and elegant figure. This is a moody and vicious Pokémon.",
    "nationalPokedexNumbers": [
      510
    ],
    "legalities": {
      "unlimited": "Legal",
      "standard": "Legal",
      "expanded": "Legal"
    },
    "regulationMark": "D",
    "images": {
      "small": "https://images.pokemontcg.io/swsh35/40.png",
      "large": "https://images.pokemontcg.io/swsh35/40_hires.png"
    }
  },
  {
    "id": "swsh35-41",
    "name": "Scraggy",
    "supertype": "Pokémon",
    "subtypes": [
      "Basic"
    ],
    "hp": "70",
    "types": [
      "Darkness"
    ],
    "evolvesTo": [
      "Scrafty"
    ],
    "attacks": [
      {
        "name": "Stampede",
        "cost": [
          "Colorless"
        ],
        "convertedEnergyCost": 1,
        "damage": "10",
        "text": ""
      },
      {
        "name": "Ram",
        "cost": [
          "Darkness",
          "Colorless"
        ],
        "convertedEnergyCost": 2,
        "damage": "20",
        "text": ""
      }
    ],
    "weaknesses": [
      {
        "type": "Grass",
        "value": "×2"
      }
    ],
    "retreatCost": [
      "Colorless"
    ],
    "convertedRetreatCost": 1,
    "number": "41",
    "artist": "miki kudo",
    "rarity": "Common",
    "flavorText": "If it locks eyes with you, watch out! Nothing and no one is safe from the reckless headbutts of this troublesome Pokémon.",
    "nationalPokedexNumbers": [
      559
    ],
    "legalities": {
      "unlimited": "Legal",
      "standard": "Legal",
      "expanded": "Legal"
    },
    "regulationMark": "D",
    "images": {
      "small": "https://images.pokemontcg.io/swsh35/41.png",
      "large": "https://images.pokemontcg.io/swsh35/41_hires.png"
    }
  },
  {
    "id": "swsh35-42",
    "name": "Scrafty",
    "supertype": "Pokémon",
    "subtypes": [
      "Stage 1"
    ],
    "hp": "120",
    "types": [
      "Darkness"
    ],
    "evolvesFrom": "Scraggy",
    "attacks": [
      {
        "name": "Corner",
        "cost": [
          "Darkness"
        ],
        "convertedEnergyCost": 1,
        "damage": "30",
        "text": "During your opponent's next turn, the Defending Pokémon can't retreat."
      },
      {
        "name": "Bad Brawl",
        "cost": [
          "Darkness",
          "Colorless",
          "Colorless"
        ],
        "convertedEnergyCost": 3,
        "damage": "90+",
        "text": "If you played Piers from your hand during this turn, this attack does 90 more damage."
      }
    ],
    "weaknesses": [
      {
        "type": "Grass",
        "value": "×2"
      }
    ],
    "retreatCost": [
      "Colorless",
      "Colorless"
    ],
    "convertedRetreatCost": 2,
    "number": "42",
    "artist": "tetsuya koizumi",
    "rarity": "Rare Holo",
    "flavorText": "As halfhearted as this Pokémon's kicks may seem, they pack enough power to shatter Conkeldurr's concrete pillars.",
    "nationalPokedexNumbers": [
      560
    ],
    "legalities": {
      "unlimited": "Legal",
      "standard": "Legal",
      "expanded": "Legal"
    },
    "regulationMark": "D",
    "images": {
      "small": "https://images.pokemontcg.io/swsh35/42.png",
      "large": "https://images.pokemontcg.io/swsh35/42_hires.png"
    }
  },
  {
    "id": "swsh35-43",
    "name": "Trubbish",
    "supertype": "Pokémon",
    "subtypes": [
      "Basic"
    ],
    "hp": "60",
    "types": [
      "Darkness"
    ],
    "evolvesTo": [
      "Garbodor"
    ],
    "attacks": [
      {
        "name": "Venoshock",
        "cost": [
          "Colorless",
          "Colorless"
        ],
        "convertedEnergyCost": 2,
        "damage": "20+",
        "text": "If your opponent's Active Pokémon is Poisoned, this attack does 50 more damage."
      }
    ],
    "weaknesses": [
      {
        "type": "Fighting",
        "value": "×2"
      }
    ],
    "retreatCost": [
      "Colorless"
    ],
    "convertedRetreatCost": 1,
    "number": "43",
    "artist": "nagimiso",
    "rarity": "Common",
    "flavorText": "Its favorite places are unsanitary ones. If you leave trash lying around, you could even find one of these Pokémon living in your room.",
    "nationalPokedexNumbers": [
      568
    ],
    "legalities": {
      "unlimited": "Legal",
      "standard": "Legal",
      "expanded": "Legal"
    },
    "regulationMark": "D",
    "images": {
      "small": "https://images.pokemontcg.io/swsh35/43.png",
      "large": "https://images.pokemontcg.io/swsh35/43_hires.png"
    }
  },
  {
    "id": "swsh35-44",
    "name": "Inkay",
    "supertype": "Pokémon",
    "subtypes": [
      "Basic"
    ],
    "hp": "60",
    "types": [
      "Darkness"
    ],
    "evolvesTo": [
      "Malamar"
    ],
    "attacks": [
      {
        "name": "Tackle",
        "cost": [
          "Darkness"
        ],
        "convertedEnergyCost": 1,
        "damage": "10",
        "text": ""
      },
      {
        "name": "Attack from Behind",
        "cost": [
          "Colorless",
          "Colorless"
        ],
        "convertedEnergyCost": 2,
        "damage": "20+",
        "text": "If your opponent's Active Pokémon is Confused, this attack does 50 more damage."
      }
    ],
    "weaknesses": [
      {
        "type": "Grass",
        "value": "×2"
      }
    ],
    "retreatCost": [
      "Colorless"
    ],
    "convertedRetreatCost": 1,
    "number": "44",
    "artist": "sui",
    "rarity": "Common",
    "flavorText": "It spins while making its luminescent spots flash. These spots allow it to communicate with others by using different patterns of light.",
    "nationalPokedexNumbers": [
      686
    ],
    "legalities": {
      "unlimited": "Legal",
      "standard": "Legal",
      "expanded": "Legal"
    },
    "regulationMark": "D",
    "images": {
      "small": "https://images.pokemontcg.io/swsh35/44.png",
      "large": "https://images.pokemontcg.io/swsh35/44_hires.png"
    }
  },
  {
    "id": "swsh35-45",
    "name": "Malamar",
    "supertype": "Pokémon",
    "subtypes": [
      "Stage 1"
    ],
    "hp": "120",
    "types": [
      "Darkness"
    ],
    "evolvesFrom": "Inkay",
    "attacks": [
      {
        "name": "Eerie Wave",
        "cost": [
          "Darkness",
          "Colorless"
        ],
        "convertedEnergyCost": 2,
        "damage": "50",
        "text": "Your opponent's Active Pokémon is now Confused."
      },
      {
        "name": "Random Peck",
        "cost": [
          "Darkness",
          "Darkness",
          "Colorless"
        ],
        "convertedEnergyCost": 3,
        "damage": "80+",
        "text": "Flip 2 coins. This attack does 40 more damage for each heads."
      }
    ],
    "weaknesses": [
      {
        "type": "Grass",
        "value": "×2"
      }
    ],
    "retreatCost": [
      "Colorless",
      "Colorless",
      "Colorless"
    ],
    "convertedRetreatCost": 3,
    "number": "45",
    "artist": "kawayoo",
    "rarity": "Uncommon",
    "flavorText": "Gazing at its luminescent spots will quickly induce a hypnotic state, putting the observer under Malamar's control.",
    "nationalPokedexNumbers": [
      687
    ],
    "legalities": {
      "unlimited": "Legal",
      "standard": "Legal",
      "expanded": "Legal"
    },
    "regulationMark": "D",
    "images": {
      "small": "https://images.pokemontcg.io/swsh35/45.png",
      "large": "https://images.pokemontcg.io/swsh35/45_hires.png"
    }
  },
  {
    "id": "swsh35-46",
    "name": "Nickit",
    "supertype": "Pokémon",
    "subtypes": [
      "Basic"
    ],
    "hp": "70",
    "types": [
      "Darkness"
    ],
    "evolvesTo": [
      "Thievul"
    ],
    "attacks": [
      {
        "name": "Filch",
        "cost": [
          "Colorless"
        ],
        "convertedEnergyCost": 1,
        "damage": "",
        "text": "Draw a card."
      },
      {
        "name": "Tail Smack",
        "cost": [
          "Darkness",
          "Colorless"
        ],
        "convertedEnergyCost": 2,
        "damage": "30",
        "text": ""
      }
    ],
    "weaknesses": [
      {
        "type": "Grass",
        "value": "×2"
      }
    ],
    "retreatCost": [
      "Colorless"
    ],
    "convertedRetreatCost": 1,
    "number": "46",
    "artist": "Naoki Saito",
    "rarity": "Common",
    "flavorText": "Aided by the soft pads on its feet, it silently raids the food stores of other Pokémon. It survives off its ill-gotten gains.",
    "nationalPokedexNumbers": [
      827
    ],
    "legalities": {
      "unlimited": "Legal",
      "standard": "Legal",
      "expanded": "Legal"
    },
    "regulationMark": "D",
    "images": {
      "small": "https://images.pokemontcg.io/swsh35/46.png",
      "large": "https://images.pokemontcg.io/swsh35/46_hires.png"
    }
  },
  {
    "id": "swsh35-47",
    "name": "Duraludon V",
    "supertype": "Pokémon",
    "subtypes": [
      "Basic",
      "V"
    ],
    "hp": "220",
    "types": [
      "Metal"
    ],
    "rules": [
      "V rule: When your Pokémon V is Knocked Out, your opponent takes 2 Prize cards."
    ],
    "abilities": [
      {
        "name": "Hard Coat",
        "text": "This Pokémon takes 30 less damage from attacks (after applying Weakness and Resistance).",
        "type": "Ability"
      }
    ],
    "attacks": [
      {
        "name": "Gatling Slug",
        "cost": [
          "Colorless",
          "Colorless",
          "Colorless"
        ],
        "convertedEnergyCost": 3,
        "damage": "10+",
        "text": "This attack does 40 more damage for each Metal Energy attached to this Pokémon."
      }
    ],
    "weaknesses": [
      {
        "type": "Fire",
        "value": "×2"
      }
    ],
    "resistances": [
      {
        "type": "Grass",
        "value": "-30"
      }
    ],
    "retreatCost": [
      "Colorless",
      "Colorless",
      "Colorless"
    ],
    "convertedRetreatCost": 3,
    "number": "47",
    "artist": "aky CG Works",
    "rarity": "Rare Holo V",
    "nationalPokedexNumbers": [
      884
    ],
    "legalities": {
      "unlimited": "Legal",
      "standard": "Legal",
      "expanded": "Legal"
    },
    "regulationMark": "D",
    "images": {
      "small": "https://images.pokemontcg.io/swsh35/47.png",
      "large": "https://images.pokemontcg.io/swsh35/47_hires.png"
    }
  },
  {
    "id": "swsh35-48",
    "name": "Swablu",
    "supertype": "Pokémon",
    "subtypes": [
      "Basic"
    ],
    "hp": "50",
    "types": [
      "Colorless"
    ],
    "evolvesTo": [
      "Altaria"
    ],
    "attacks": [
      {
        "name": "Peck",
        "cost": [
          "Colorless"
        ],
        "convertedEnergyCost": 1,
        "damage": "20",
        "text": ""
      }
    ],
    "weaknesses": [
      {
        "type": "Lightning",
        "value": "×2"
      }
    ],
    "resistances": [
      {
        "type": "Fighting",
        "value": "-30"
      }
    ],
    "retreatCost": [
      "Colorless"
    ],
    "convertedRetreatCost": 1,
    "number": "48",
    "artist": "0313",
    "rarity": "Common",
    "flavorText": "It constantly grooms its cotton-like wings. It takes a shower to clean itself if it becomes dirty.",
    "nationalPokedexNumbers": [
      333
    ],
    "legalities": {
      "unlimited": "Legal",
      "standard": "Legal",
      "expanded": "Legal"
    },
    "regulationMark": "D",
    "images": {
      "small": "https://images.pokemontcg.io/swsh35/48.png",
      "large": "https://images.pokemontcg.io/swsh35/48_hires.png"
    }
  },
  {
    "id": "swsh35-49",
    "name": "Altaria",
    "supertype": "Pokémon",
    "subtypes": [
      "Stage 1"
    ],
    "hp": "110",
    "types": [
      "Colorless"
    ],
    "evolvesFrom": "Swablu",
    "abilities": [
      {
        "name": "Miraculous Charm",
        "text": "Prevent all damage done to this Pokémon by attacks from your opponent's Pokémon V and Pokémon-GX.",
        "type": "Ability"
      }
    ],
    "attacks": [
      {
        "name": "Speed Dive",
        "cost": [
          "Colorless",
          "Colorless"
        ],
        "convertedEnergyCost": 2,
        "damage": "60",
        "text": ""
      }
    ],
    "weaknesses": [
      {
        "type": "Lightning",
        "value": "×2"
      }
    ],
    "resistances": [
      {
        "type": "Fighting",
        "value": "-30"
      }
    ],
    "retreatCost": [
      "Colorless"
    ],
    "convertedRetreatCost": 1,
    "number": "49",
    "artist": "Taira Akitsu",
    "rarity": "Rare Holo",
    "flavorText": "On sunny days, it flies freely through the sky and blends into the clouds. It sings in a beautiful soprano.",
    "nationalPokedexNumbers": [
      334
    ],
    "legalities": {
      "unlimited": "Legal",
      "standard": "Legal",
      "expanded": "Legal"
    },
    "regulationMark": "D",
    "images": {
      "small": "https://images.pokemontcg.io/swsh35/49.png",
      "large": "https://images.pokemontcg.io/swsh35/49_hires.png"
    }
  },
  {
    "id": "swsh35-50",
    "name": "Bede",
    "supertype": "Trainer",
    "subtypes": [
      "Supporter"
    ],
    "rules": [
      "Attach a basic Energy card from your hand to 1 of your Benched Pokémon.",
      "You may play only 1 Supporter card during your turn."
    ],
    "number": "50",
    "artist": "Naoki Saito",
    "rarity": "Uncommon",
    "legalities": {
      "unlimited": "Legal",
      "standard": "Legal",
      "expanded": "Legal"
    },
    "regulationMark": "D",
    "images": {
      "small": "https://images.pokemontcg.io/swsh35/50.png",
      "large": "https://images.pokemontcg.io/swsh35/50_hires.png"
    }
  },
  {
    "id": "swsh35-51",
    "name": "Full Heal",
    "supertype": "Trainer",
    "subtypes": [
      "Item"
    ],
    "rules": [
      "Remove all Special Conditions from your Active Pokémon.",
      "You may play any number of Item cards during your turn."
    ],
    "number": "51",
    "artist": "Yoshinobu Saito",
    "rarity": "Uncommon",
    "legalities": {
      "unlimited": "Legal",
      "standard": "Legal",
      "expanded": "Legal"
    },
    "regulationMark": "D",
    "images": {
      "small": "https://images.pokemontcg.io/swsh35/51.png",
      "large": "https://images.pokemontcg.io/swsh35/51_hires.png"
    }
  },
  {
    "id": "swsh35-52",
    "name": "Great Ball",
    "supertype": "Trainer",
    "subtypes": [
      "Item"
    ],
    "rules": [
      "Look at the top 7 cards of your deck. You may reveal a Pokémon you find there and put it into your hand. Shuffle the other cards back into your deck.",
      "You may play any number of Item cards during your turn."
    ],
    "number": "52",
    "artist": "Toyste Beach",
    "rarity": "Uncommon",
    "legalities": {
      "unlimited": "Legal",
      "standard": "Legal",
      "expanded": "Legal"
    },
    "regulationMark": "D",
    "images": {
      "small": "https://images.pokemontcg.io/swsh35/52.png",
      "large": "https://images.pokemontcg.io/swsh35/52_hires.png"
    }
  },
  {
    "id": "swsh35-53",
    "name": "Hop",
    "supertype": "Trainer",
    "subtypes": [
      "Supporter"
    ],
    "rules": [
      "Draw 3 cards.",
      "You may play only 1 Supporter card during your turn."
    ],
    "number": "53",
    "artist": "Sanosuke Sakuma",
    "rarity": "Uncommon",
    "legalities": {
      "unlimited": "Legal",
      "standard": "Legal",
      "expanded": "Legal"
    },
    "regulationMark": "D",
    "images": {
      "small": "https://images.pokemontcg.io/swsh35/53.png",
      "large": "https://images.pokemontcg.io/swsh35/53_hires.png"
    }
  },
  {
    "id": "swsh35-54",
    "name": "Hyper Potion",
    "supertype": "Trainer",
    "subtypes": [
      "Item"
    ],
    "rules": [
      "Heal 120 damage from 1 of your Pokémon that has at least 2 Energy attached. If you healed any damage in this way, discard 2 Energy from it.",
      "You may play any number of Item cards during your turn."
    ],
    "number": "54",
    "artist": "Ryo Ueda",
    "rarity": "Uncommon",
    "legalities": {
      "unlimited": "Legal",
      "standard": "Legal",
      "expanded": "Legal"
    },
    "regulationMark": "D",
    "images": {
      "small": "https://images.pokemontcg.io/swsh35/54.png",
      "large": "https://images.pokemontcg.io/swsh35/54_hires.png"
    }
  },
  {
    "id": "swsh35-55",
    "name": "Kabu",
    "supertype": "Trainer",
    "subtypes": [
      "Supporter"
    ],
    "rules": [
      "Shuffle your hand into your deck. Then, draw 4 cards. If your Active Pokémon is your only Pokémon in play, draw 8 cards instead.",
      "You may play only 1 Supporter card during your turn."
    ],
    "number": "55",
    "artist": "take",
    "rarity": "Uncommon",
    "legalities": {
      "unlimited": "Legal",
      "standard": "Legal",
      "expanded": "Legal"
    },
    "regulationMark": "D",
    "images": {
      "small": "https://images.pokemontcg.io/swsh35/55.png",
      "large": "https://images.pokemontcg.io/swsh35/55_hires.png"
    }
  },
  {
    "id": "swsh35-56",
    "name": "Marnie",
    "supertype": "Trainer",
    "subtypes": [
      "Supporter"
    ],
    "rules": [
      "Each player shuffles their hand and puts it on the bottom of their deck. If either player put any cards on the bottom of their deck in this way, you draw 5 cards, and your opponent draws 4 cards.",
      "You may play only 1 Supporter card during your turn."
    ],
    "number": "56",
    "artist": "kirisAki",
    "rarity": "Rare Holo",
    "legalities": {
      "unlimited": "Legal",
      "standard": "Legal",
      "expanded": "Legal"
    },
    "regulationMark": "D",
    "images": {
      "small": "https://images.pokemontcg.io/swsh35/56.png",
      "large": "https://images.pokemontcg.io/swsh35/56_hires.png"
    }
  },
  {
    "id": "swsh35-57",
    "name": "Milo",
    "supertype": "Trainer",
    "subtypes": [
      "Supporter"
    ],
    "rules": [
      "Discard up to 2 cards from your hand, and draw 2 cards for each card you discarded in this way.",
      "You may play only 1 Supporter card during your turn."
    ],
    "number": "57",
    "artist": "take",
    "rarity": "Uncommon",
    "legalities": {
      "unlimited": "Legal",
      "standard": "Legal",
      "expanded": "Legal"
    },
    "regulationMark": "D",
    "images": {
      "small": "https://images.pokemontcg.io/swsh35/57.png",
      "large": "https://images.pokemontcg.io/swsh35/57_hires.png"
    }
  },
  {
    "id": "swsh35-58",
    "name": "Piers",
    "supertype": "Trainer",
    "subtypes": [
      "Supporter"
    ],
    "rules": [
      "Search your deck for an Energy card and a Darkness Pokémon, reveal them, and put them into your hand. Then, shuffle your deck.",
      "You may play only 1 Supporter card during your turn."
    ],
    "number": "58",
    "artist": "take",
    "rarity": "Uncommon",
    "legalities": {
      "unlimited": "Legal",
      "standard": "Legal",
      "expanded": "Legal"
    },
    "regulationMark": "D",
    "images": {
      "small": "https://images.pokemontcg.io/swsh35/58.png",
      "large": "https://images.pokemontcg.io/swsh35/58_hires.png"
    }
  },
  {
    "id": "swsh35-59",
    "name": "Poké Ball",
    "supertype": "Trainer",
    "subtypes": [
      "Item"
    ],
    "rules": [
      "Flip a coin. If heads, search your deck for a Pokémon, reveal it, and put it into your hand. Then, shuffle your deck.",
      "You may play any number of Item cards during your turn."
    ],
    "number": "59",
    "artist": "Studio Bora Inc.",
    "rarity": "Common",
    "legalities": {
      "unlimited": "Legal",
      "standard": "Legal",
      "expanded": "Legal"
    },
    "regulationMark": "D",
    "images": {
      "small": "https://images.pokemontcg.io/swsh35/59.png",
      "large": "https://images.pokemontcg.io/swsh35/59_hires.png"
    }
  },
  {
    "id": "swsh35-60",
    "name": "Pokémon Center Lady",
    "supertype": "Trainer",
    "subtypes": [
      "Supporter"
    ],
    "rules": [
      "Heal 60 damage from 1 of your Pokémon, and it recovers from all Special Conditions.",
      "You may play only 1 Supporter card during your turn."
    ],
    "number": "60",
    "artist": "kirisAki",
    "rarity": "Uncommon",
    "legalities": {
      "unlimited": "Legal",
      "standard": "Legal",
      "expanded": "Legal"
    },
    "images": {
      "small": "https://images.pokemontcg.io/swsh35/60.png",
      "large": "https://images.pokemontcg.io/swsh35/60_hires.png"
    }
  },
  {
    "id": "swsh35-61",
    "name": "Potion",
    "supertype": "Trainer",
    "subtypes": [
      "Item"
    ],
    "rules": [
      "Heal 30 damage from 1 of your Pokémon.",
      "You may play any number of Item cards during your turn."
    ],
    "number": "61",
    "artist": "Ryo Ueda",
    "rarity": "Common",
    "legalities": {
      "unlimited": "Legal",
      "standard": "Legal",
      "expanded": "Legal"
    },
    "regulationMark": "D",
    "images": {
      "small": "https://images.pokemontcg.io/swsh35/61.png",
      "large": "https://images.pokemontcg.io/swsh35/61_hires.png"
    }
  },
  {
    "id": "swsh35-62",
    "name": "Professor's Research (Professor Magnolia)",
    "supertype": "Trainer",
    "subtypes": [
      "Supporter"
    ],
    "rules": [
      "Discard your hand and draw 7 cards.",
      "You may play only 1 Supporter card during your turn."
    ],
    "number": "62",
    "artist": "Yusuke Ohmura",
    "rarity": "Rare Holo",
    "legalities": {
      "unlimited": "Legal",
      "standard": "Legal",
      "expanded": "Legal"
    },
    "regulationMark": "D",
    "images": {
      "small": "https://images.pokemontcg.io/swsh35/62.png",
      "large": "https://images.pokemontcg.io/swsh35/62_hires.png"
    }
  },
  {
    "id": "swsh35-63",
    "name": "Rotom Bike",
    "supertype": "Trainer",
    "subtypes": [
      "Item"
    ],
    "rules": [
      "Draw cards until you have 6 cards in your hand. Your turn ends.",
      "You may play any number of Item cards during your turn."
    ],
    "number": "63",
    "artist": "5ban Graphics",
    "rarity": "Uncommon",
    "legalities": {
      "unlimited": "Legal",
      "standard": "Legal",
      "expanded": "Legal"
    },
    "regulationMark": "D",
    "images": {
      "small": "https://images.pokemontcg.io/swsh35/63.png",
      "large": "https://images.pokemontcg.io/swsh35/63_hires.png"
    }
  },
  {
    "id": "swsh35-64",
    "name": "Rotom Phone",
    "supertype": "Trainer",
    "subtypes": [
      "Item"
    ],
    "rules": [
      "Look at the top 5 cards of your deck, choose 1 of them, and shuffle the other cards back into your deck. Then, put the card you chose on top of your deck.",
      "You may play any number of Item cards during your turn."
    ],
    "number": "64",
    "artist": "Ryo Ueda",
    "rarity": "Uncommon",
    "legalities": {
      "unlimited": "Legal",
      "standard": "Legal",
      "expanded": "Legal"
    },
    "regulationMark": "D",
    "images": {
      "small": "https://images.pokemontcg.io/swsh35/64.png",
      "large": "https://images.pokemontcg.io/swsh35/64_hires.png"
    }
  },
  {
    "id": "swsh35-65",
    "name": "Sonia",
    "supertype": "Trainer",
    "subtypes": [
      "Supporter"
    ],
    "rules": [
      "Search your deck for up to 2 Basic Pokémon or up to 2 basic Energy cards, reveal them, and put them into your hand. Then, shuffle your deck.",
      "You may play only 1 Supporter card during your turn."
    ],
    "number": "65",
    "artist": "Yusuke Ohmura",
    "rarity": "Uncommon",
    "legalities": {
      "unlimited": "Legal",
      "standard": "Legal",
      "expanded": "Legal"
    },
    "regulationMark": "D",
    "images": {
      "small": "https://images.pokemontcg.io/swsh35/65.png",
      "large": "https://images.pokemontcg.io/swsh35/65_hires.png"
    }
  },
  {
    "id": "swsh35-66",
    "name": "Suspicious Food Tin",
    "supertype": "Trainer",
    "subtypes": [
      "Item"
    ],
    "rules": [
      "Heal 80 damage from 1 of your Pokémon that has at least 1 Psychic Energy attached. If you healed any damage in this way, discard a Psychic Energy from it.",
      "You may play any number of Item cards during your turn."
    ],
    "number": "66",
    "artist": "Ryo Ueda",
    "rarity": "Uncommon",
    "legalities": {
      "unlimited": "Legal",
      "standard": "Legal",
      "expanded": "Legal"
    },
    "regulationMark": "D",
    "images": {
      "small": "https://images.pokemontcg.io/swsh35/66.png",
      "large": "https://images.pokemontcg.io/swsh35/66_hires.png"
    }
  },
  {
    "id": "swsh35-67",
    "name": "Team Yell Grunt",
    "supertype": "Trainer",
    "subtypes": [
      "Supporter"
    ],
    "rules": [
      "Put an Energy attached to 1 of your opponent's Pokémon into their hand.",
      "You may play only 1 Supporter card during your turn."
    ],
    "number": "67",
    "artist": "nagimiso",
    "rarity": "Uncommon",
    "legalities": {
      "unlimited": "Legal",
      "standard": "Legal",
      "expanded": "Legal"
    },
    "regulationMark": "D",
    "images": {
      "small": "https://images.pokemontcg.io/swsh35/67.png",
      "large": "https://images.pokemontcg.io/swsh35/67_hires.png"
    }
  },
  {
    "id": "swsh35-68",
    "name": "Turffield Stadium",
    "supertype": "Trainer",
    "subtypes": [
      "Stadium"
    ],
    "rules": [
      "Once during each player's turn, that player may search their deck for an Evolution Grass Pokémon, reveal it, and put it into their hand. Then, that player shuffles their deck.",
      "This Stadium stays in play when you play it. Discard it if another Stadium comes into play. If a Stadium with the same name is in play, you can't play this card."
    ],
    "number": "68",
    "artist": "aky CG Works",
    "rarity": "Uncommon",
    "legalities": {
      "unlimited": "Legal",
      "standard": "Legal",
      "expanded": "Legal"
    },
    "regulationMark": "D",
    "images": {
      "small": "https://images.pokemontcg.io/swsh35/68.png",
      "large": "https://images.pokemontcg.io/swsh35/68_hires.png"
    }
  },
  {
    "id": "swsh35-69",
    "name": "Drednaw V",
    "supertype": "Pokémon",
    "subtypes": [
      "Basic",
      "V"
    ],
    "hp": "210",
    "types": [
      "Water"
    ],
    "rules": [
      "V rule: When your Pokémon V is Knocked Out, your opponent takes 2 Prize cards."
    ],
    "abilities": [
      {
        "name": "Solid Shell",
        "text": "This Pokémon takes 30 less damage from attacks (after applying Weakness and Resistance).",
        "type": "Ability"
      }
    ],
    "attacks": [
      {
        "name": "Powerful Bite",
        "cost": [
          "Water",
          "Water",
          "Colorless"
        ],
        "convertedEnergyCost": 3,
        "damage": "130",
        "text": "During your opponent's next turn, the Defending Pokémon can't retreat."
      }
    ],
    "weaknesses": [
      {
        "type": "Lightning",
        "value": "×2"
      }
    ],
    "retreatCost": [
      "Colorless",
      "Colorless",
      "Colorless",
      "Colorless"
    ],
    "convertedRetreatCost": 4,
    "number": "69",
    "artist": "aky CG Works",
    "rarity": "Rare Ultra",
    "nationalPokedexNumbers": [
      834
    ],
    "legalities": {
      "unlimited": "Legal",
      "standard": "Legal",
      "expanded": "Legal"
    },
    "regulationMark": "D",
    "images": {
      "small": "https://images.pokemontcg.io/swsh35/69.png",
      "large": "https://images.pokemontcg.io/swsh35/69_hires.png"
    }
  },
  {
    "id": "swsh35-70",
    "name": "Gardevoir V",
    "supertype": "Pokémon",
    "subtypes": [
      "Basic",
      "V"
    ],
    "hp": "210",
    "types": [
      "Psychic"
    ],
    "rules": [
      "V rule: When your Pokémon V is Knocked Out, your opponent takes 2 Prize cards."
    ],
    "attacks": [
      {
        "name": "Magical Shot",
        "cost": [
          "Psychic"
        ],
        "convertedEnergyCost": 1,
        "damage": "30",
        "text": ""
      },
      {
        "name": "Swelling Pulse",
        "cost": [
          "Psychic",
          "Psychic",
          "Colorless"
        ],
        "convertedEnergyCost": 3,
        "damage": "120+",
        "text": "If this Pokémon was healed during this turn, this attack does 80 more damage."
      }
    ],
    "weaknesses": [
      {
        "type": "Metal",
        "value": "×2"
      }
    ],
    "retreatCost": [
      "Colorless",
      "Colorless"
    ],
    "convertedRetreatCost": 2,
    "number": "70",
    "artist": "PLANETA Mochizuki",
    "rarity": "Rare Ultra",
    "nationalPokedexNumbers": [
      282
    ],
    "legalities": {
      "unlimited": "Legal",
      "standard": "Legal",
      "expanded": "Legal"
    },
    "regulationMark": "D",
    "images": {
      "small": "https://images.pokemontcg.io/swsh35/70.png",
      "large": "https://images.pokemontcg.io/swsh35/70_hires.png"
    }
  },
  {
    "id": "swsh35-71",
    "name": "Galarian Cursola V",
    "supertype": "Pokémon",
    "subtypes": [
      "Basic",
      "V"
    ],
    "hp": "190",
    "types": [
      "Psychic"
    ],
    "rules": [
      "V rule: When your Pokémon V is Knocked Out, your opponent takes 2 Prize cards."
    ],
    "abilities": [
      {
        "name": "Gnawing Aura",
        "text": "As long as this Pokémon is in the Active Spot, whenever your opponent attaches an Energy card from their hand to 1 of their Pokémon, put 3 damage counters on that Pokémon.",
        "type": "Ability"
      }
    ],
    "attacks": [
      {
        "name": "Hollow Missile",
        "cost": [
          "Psychic",
          "Colorless"
        ],
        "convertedEnergyCost": 2,
        "damage": "60",
        "text": "Put 3 damage counters on your opponent's Benched Pokémon in any way you like."
      }
    ],
    "weaknesses": [
      {
        "type": "Darkness",
        "value": "×2"
      }
    ],
    "resistances": [
      {
        "type": "Fighting",
        "value": "-30"
      }
    ],
    "retreatCost": [
      "Colorless",
      "Colorless"
    ],
    "convertedRetreatCost": 2,
    "number": "71",
    "artist": "5ban Graphics",
    "rarity": "Rare Ultra",
    "nationalPokedexNumbers": [
      864
    ],
    "legalities": {
      "unlimited": "Legal",
      "standard": "Legal",
      "expanded": "Legal"
    },
    "regulationMark": "D",
    "images": {
      "small": "https://images.pokemontcg.io/swsh35/71.png",
      "large": "https://images.pokemontcg.io/swsh35/71_hires.png"
    }
  },
  {
    "id": "swsh35-72",
    "name": "Grapploct V",
    "supertype": "Pokémon",
    "subtypes": [
      "Basic",
      "V"
    ],
    "hp": "210",
    "types": [
      "Fighting"
    ],
    "rules": [
      "V rule: When your Pokémon V is Knocked Out, your opponent takes 2 Prize cards."
    ],
    "attacks": [
      {
        "name": "Tie Up",
        "cost": [
          "Fighting"
        ],
        "convertedEnergyCost": 1,
        "damage": "20",
        "text": "If the Defending Pokémon is a Basic Pokémon, it can't attack during your opponent's next turn."
      },
      {
        "name": "Moonsault Press",
        "cost": [
          "Fighting",
          "Fighting",
          "Colorless"
        ],
        "convertedEnergyCost": 3,
        "damage": "120+",
        "text": "Flip a coin. If heads, this attack does 100 more damage."
      }
    ],
    "weaknesses": [
      {
        "type": "Psychic",
        "value": "×2"
      }
    ],
    "retreatCost": [
      "Colorless",
      "Colorless"
    ],
    "convertedRetreatCost": 2,
    "number": "72",
    "artist": "PLANETA Igarashi",
    "rarity": "Rare Ultra",
    "nationalPokedexNumbers": [
      853
    ],
    "legalities": {
      "unlimited": "Legal",
      "standard": "Legal",
      "expanded": "Legal"
    },
    "regulationMark": "D",
    "images": {
      "small": "https://images.pokemontcg.io/swsh35/72.png",
      "large": "https://images.pokemontcg.io/swsh35/72_hires.png"
    }
  },
  {
    "id": "swsh35-73",
    "name": "Hop",
    "supertype": "Trainer",
    "subtypes": [
      "Supporter"
    ],
    "rules": [
      "Draw 3 cards.",
      "You may play only 1 Supporter card during your turn."
    ],
    "number": "73",
    "artist": "Naoki Saito",
    "rarity": "Rare Ultra",
    "legalities": {
      "unlimited": "Legal",
      "standard": "Legal",
      "expanded": "Legal"
    },
    "regulationMark": "D",
    "images": {
      "small": "https://images.pokemontcg.io/swsh35/73.png",
      "large": "https://images.pokemontcg.io/swsh35/73_hires.png"
    }
  },
  {
    "id": "swsh35-74",
    "name": "Charizard VMAX",
    "supertype": "Pokémon",
    "subtypes": [
      "VMAX"
    ],
    "hp": "330",
    "types": [
      "Fire"
    ],
    "evolvesFrom": "Charizard V",
    "rules": [
      "VMAX rule: When your Pokémon VMAX is Knocked Out, your opponent takes 3 Prize cards."
    ],
    "attacks": [
      {
        "name": "Claw Slash",
        "cost": [
          "Colorless",
          "Colorless",
          "Colorless"
        ],
        "convertedEnergyCost": 3,
        "damage": "100",
        "text": ""
      },
      {
        "name": "G-Max Wildfire",
        "cost": [
          "Fire",
          "Fire",
          "Fire",
          "Colorless",
          "Colorless"
        ],
        "convertedEnergyCost": 5,
        "damage": "300",
        "text": "Discard 2 Energy from this Pokémon."
      }
    ],
    "weaknesses": [
      {
        "type": "Water",
        "value": "×2"
      }
    ],
    "retreatCost": [
      "Colorless",
      "Colorless",
      "Colorless"
    ],
    "convertedRetreatCost": 3,
    "number": "74",
    "artist": "aky CG Works",
    "rarity": "Rare Rainbow",
    "nationalPokedexNumbers": [
      6
    ],
    "legalities": {
      "unlimited": "Legal",
      "standard": "Legal",
      "expanded": "Legal"
    },
    "regulationMark": "D",
    "images": {
      "small": "https://images.pokemontcg.io/swsh35/74.png",
      "large": "https://images.pokemontcg.io/swsh35/74_hires.png"
    }
  },
  {
    "id": "swsh35-75",
    "name": "Drednaw VMAX",
    "supertype": "Pokémon",
    "subtypes": [
      "VMAX"
    ],
    "hp": "320",
    "types": [
      "Water"
    ],
    "evolvesFrom": "Drednaw V",
    "rules": [
      "VMAX rule: When your Pokémon VMAX is Knocked Out, your opponent takes 3 Prize cards."
    ],
    "abilities": [
      {
        "name": "Solid Shell",
        "text": "This Pokémon takes 30 less damage from attacks (after applying Weakness and Resistance).",
        "type": "Ability"
      }
    ],
    "attacks": [
      {
        "name": "G-Max Headbutt",
        "cost": [
          "Water",
          "Water",
          "Colorless"
        ],
        "convertedEnergyCost": 3,
        "damage": "160+",
        "text": "Flip a coin. If heads, this attack does 80 more damage."
      }
    ],
    "weaknesses": [
      {
        "type": "Lightning",
        "value": "×2"
      }
    ],
    "retreatCost": [
      "Colorless",
      "Colorless",
      "Colorless",
      "Colorless"
    ],
    "convertedRetreatCost": 4,
    "number": "75",
    "artist": "aky CG Works",
    "rarity": "Rare Rainbow",
    "nationalPokedexNumbers": [
      834
    ],
    "legalities": {
      "unlimited": "Legal",
      "standard": "Legal",
      "expanded": "Legal"
    },
    "regulationMark": "D",
    "images": {
      "small": "https://images.pokemontcg.io/swsh35/75.png",
      "large": "https://images.pokemontcg.io/swsh35/75_hires.png"
    }
  },
  {
    "id": "swsh35-76",
    "name": "Gardevoir VMAX",
    "supertype": "Pokémon",
    "subtypes": [
      "VMAX"
    ],
    "hp": "320",
    "types": [
      "Psychic"
    ],
    "evolvesFrom": "Gardevoir V",
    "rules": [
      "VMAX rule: When your Pokémon VMAX is Knocked Out, your opponent takes 3 Prize cards."
    ],
    "attacks": [
      {
        "name": "Max Cure",
        "cost": [
          "Psychic",
          "Psychic",
          "Colorless"
        ],
        "convertedEnergyCost": 3,
        "damage": "180",
        "text": "Heal 50 damage from this Pokémon."
      }
    ],
    "weaknesses": [
      {
        "type": "Metal",
        "value": "×2"
      }
    ],
    "retreatCost": [
      "Colorless",
      "Colorless"
    ],
    "convertedRetreatCost": 2,
    "number": "76",
    "artist": "5ban Graphics",
    "rarity": "Rare Rainbow",
    "nationalPokedexNumbers": [
      282
    ],
    "legalities": {
      "unlimited": "Legal",
      "standard": "Legal",
      "expanded": "Legal"
    },
    "regulationMark": "D",
    "images": {
      "small": "https://images.pokemontcg.io/swsh35/76.png",
      "large": "https://images.pokemontcg.io/swsh35/76_hires.png"
    }
  },
  {
    "id": "swsh35-77",
    "name": "Kabu",
    "supertype": "Trainer",
    "subtypes": [
      "Supporter"
    ],
    "rules": [
      "Shuffle your hand into your deck. Then, draw 4 cards. If your Active Pokémon is your only Pokémon in play, draw 8 cards instead.",
      "You may play only 1 Supporter card during your turn."
    ],
    "number": "77",
    "artist": "Hitoshi Ariga",
    "rarity": "Rare Rainbow",
    "legalities": {
      "unlimited": "Legal",
      "standard": "Legal",
      "expanded": "Legal"
    },
    "regulationMark": "D",
    "images": {
      "small": "https://images.pokemontcg.io/swsh35/77.png",
      "large": "https://images.pokemontcg.io/swsh35/77_hires.png"
    }
  },
  {
    "id": "swsh35-78",
    "name": "Piers",
    "supertype": "Trainer",
    "subtypes": [
      "Supporter"
    ],
    "rules": [
      "Search your deck for an Energy card and a Darkness Pokémon, reveal them, and put them into your hand. Then, shuffle your deck.",
      "You may play only 1 Supporter card during your turn."
    ],
    "number": "78",
    "artist": "kirisAki",
    "rarity": "Rare Rainbow",
    "legalities": {
      "unlimited": "Legal",
      "standard": "Legal",
      "expanded": "Legal"
    },
    "regulationMark": "D",
    "images": {
      "small": "https://images.pokemontcg.io/swsh35/78.png",
      "large": "https://images.pokemontcg.io/swsh35/78_hires.png"
    }
  },
  {
    "id": "swsh35-79",
    "name": "Charizard V",
    "supertype": "Pokémon",
    "subtypes": [
      "Basic",
      "V"
    ],
    "hp": "220",
    "types": [
      "Fire"
    ],
    "rules": [
      "V rule: When your Pokémon V is Knocked Out, your opponent takes 2 Prize cards."
    ],
    "attacks": [
      {
        "name": "Claw Slash",
        "cost": [
          "Colorless",
          "Colorless",
          "Colorless"
        ],
        "convertedEnergyCost": 3,
        "damage": "80",
        "text": ""
      },
      {
        "name": "Fire Spin",
        "cost": [
          "Fire",
          "Fire",
          "Colorless",
          "Colorless"
        ],
        "convertedEnergyCost": 4,
        "damage": "220",
        "text": "Discard 2 Energy from this Pokémon."
      }
    ],
    "weaknesses": [
      {
        "type": "Water",
        "value": "×2"
      }
    ],
    "retreatCost": [
      "Colorless",
      "Colorless",
      "Colorless"
    ],
    "convertedRetreatCost": 3,
    "number": "79",
    "artist": "5ban Graphics",
    "rarity": "Rare Secret",
    "nationalPokedexNumbers": [
      6
    ],
    "legalities": {
      "unlimited": "Legal",
      "standard": "Legal",
      "expanded": "Legal"
    },
    "regulationMark": "D",
    "images": {
      "small": "https://images.pokemontcg.io/swsh35/79.png",
      "large": "https://images.pokemontcg.io/swsh35/79_hires.png"
    }
  },
  {
    "id": "swsh35-80",
    "name": "Suspicious Food Tin",
    "supertype": "Trainer",
    "subtypes": [
      "Item"
    ],
    "rules": [
      "Heal 80 damage from 1 of your Pokémon that has at least 1 Psychic Energy attached. If you healed any damage in this way, discard a Psychic Energy from it.",
      "You may play any number of Item cards during your turn."
    ],
    "number": "80",
    "artist": "Ryo Ueda",
    "rarity": "Rare Secret",
    "legalities": {
      "unlimited": "Legal",
      "standard": "Legal",
      "expanded": "Legal"
    },
    "regulationMark": "D",
    "images": {
      "small": "https://images.pokemontcg.io/swsh35/80.png",
      "large": "https://images.pokemontcg.io/swsh35/80_hires.png"
    }
  }
]