[
  {
    "id": "tk2b-1",
    "name": "Arcanine",
    "supertype": "Pokémon",
    "subtypes": [
      "Stage 1"
    ],
    "hp": "90",
    "types": [
      "Fire"
    ],
    "evolvesFrom": "Growlithe",
    "attacks": [
      {
        "name": "Flare",
        "cost": [
          "Fire"
        ],
        "convertedEnergyCost": 1,
        "damage": "20",
        "text": ""
      },
      {
        "name": "Heat Tackle",
        "cost": [
          "Fire",
          "Colorless",
          "Colorless",
          "Colorless"
        ],
        "convertedEnergyCost": 4,
        "damage": "70",
        "text": "Arcanine does 10 damage to itself."
      }
    ],
    "weaknesses": [
      {
        "type": "Water",
        "value": "×2"
      }
    ],
    "retreatCost": [
      "Colorless",
      "Colorless"
    ],
    "convertedRetreatCost": 2,
    "number": "1",
    "artist": "Ken Sugimori",
    "nationalPokedexNumbers": [
      59
    ],
    "legalities": {
      "unlimited": "Legal"
    },
    "images": {
      "small": "https://images.pokemontcg.io/tk2b/1.png",
      "large": "https://images.pokemontcg.io/tk2b/1_hires.png"
    }
  },
  {
    "id": "tk2b-2",
    "name": "Charmander",
    "supertype": "Pokémon",
    "subtypes": [
      "Basic"
    ],
    "hp": "50",
    "types": [
      "Fire"
    ],
    "evolvesTo": [
      "Charmeleon"
    ],
    "attacks": [
      {
        "name": "Headbutt",
        "cost": [
          "Colorless"
        ],
        "convertedEnergyCost": 1,
        "damage": "10",
        "text": ""
      },
      {
        "name": "Slash",
        "cost": [
          "Colorless",
          "Colorless"
        ],
        "convertedEnergyCost": 2,
        "damage": "20",
        "text": ""
      }
    ],
    "weaknesses": [
      {
        "type": "Water",
        "value": "×2"
      }
    ],
    "retreatCost": [
      "Colorless"
    ],
    "convertedRetreatCost": 1,
    "number": "2",
    "artist": "Midori Harada",
    "nationalPokedexNumbers": [
      4
    ],
    "legalities": {
      "unlimited": "Legal"
    },
    "images": {
      "small": "https://images.pokemontcg.io/tk2b/2.png",
      "large": "https://images.pokemontcg.io/tk2b/2_hires.png"
    }
  },
  {
    "id": "tk2b-3",
    "name": "Charmeleon",
    "supertype": "Pokémon",
    "subtypes": [
      "Stage 1"
    ],
    "hp": "70",
    "types": [
      "Fire"
    ],
    "evolvesFrom": "Charmander",
    "evolvesTo": [
      "Charizard"
    ],
    "attacks": [
      {
        "name": "Flare",
        "cost": [
          "Fire",
          "Colorless"
        ],
        "convertedEnergyCost": 2,
        "damage": "30",
        "text": ""
      },
      {
        "name": "Damage Burn",
        "cost": [
          "Fire",
          "Colorless",
          "Colorless"
        ],
        "convertedEnergyCost": 3,
        "damage": "40+",
        "text": "If the Defending Pokémon already has any damage counters on it, this attack does 40 damage plus 20 more damage."
      }
    ],
    "weaknesses": [
      {
        "type": "Water",
        "value": "×2"
      }
    ],
    "retreatCost": [
      "Colorless"
    ],
    "convertedRetreatCost": 1,
    "number": "3",
    "artist": "Kouki Saitou",
    "rarity": "Uncommon",
    "nationalPokedexNumbers": [
      5
    ],
    "legalities": {
      "unlimited": "Legal"
    },
    "images": {
      "small": "https://images.pokemontcg.io/tk2b/3.png",
      "large": "https://images.pokemontcg.io/tk2b/3_hires.png"
    }
  },
  {
    "id": "tk2b-4",
    "name": "Growlithe",
    "supertype": "Pokémon",
    "subtypes": [
      "Basic"
    ],
    "hp": "60",
    "types": [
      "Fire"
    ],
    "evolvesTo": [
      "Arcanine"
    ],
    "attacks": [
      {
        "name": "Bite",
        "cost": [
          "Colorless"
        ],
        "convertedEnergyCost": 1,
        "damage": "10",
        "text": ""
      },
      {
        "name": "Flame Tail",
        "cost": [
          "Fire",
          "Colorless",
          "Colorless"
        ],
        "convertedEnergyCost": 3,
        "damage": "40",
        "text": ""
      }
    ],
    "weaknesses": [
      {
        "type": "Water",
        "value": "×2"
      }
    ],
    "retreatCost": [
      "Colorless",
      "Colorless"
    ],
    "convertedRetreatCost": 2,
    "number": "4",
    "artist": "Ken Sugimori",
    "nationalPokedexNumbers": [
      58
    ],
    "legalities": {
      "unlimited": "Legal"
    },
    "images": {
      "small": "https://images.pokemontcg.io/tk2b/4.png",
      "large": "https://images.pokemontcg.io/tk2b/4_hires.png"
    }
  },
  {
    "id": "tk2b-5",
    "name": "Mareep",
    "supertype": "Pokémon",
    "subtypes": [
      "Basic"
    ],
    "hp": "50",
    "types": [
      "Lightning"
    ],
    "evolvesTo": [
      "Flaaffy"
    ],
    "attacks": [
      {
        "name": "Minor Errand-Running",
        "cost": [
          "Colorless"
        ],
        "convertedEnergyCost": 1,
        "damage": "",
        "text": "Search your deck for a basic Energy card, show it to your opponent, and put it into your hand. Shuffle your deck afterward."
      },
      {
        "name": "Quick Attack",
        "cost": [
          "Lightning",
          "Colorless"
        ],
        "convertedEnergyCost": 2,
        "damage": "10+",
        "text": "Flip a coin. If heads, this attack does 10 damage plus 10 more damage."
      }
    ],
    "weaknesses": [
      {
        "type": "Fighting",
        "value": "×2"
      }
    ],
    "retreatCost": [
      "Colorless"
    ],
    "convertedRetreatCost": 1,
    "number": "5",
    "artist": "Naoyo Kimura",
    "nationalPokedexNumbers": [
      179
    ],
    "legalities": {
      "unlimited": "Legal"
    },
    "images": {
      "small": "https://images.pokemontcg.io/tk2b/5.png",
      "large": "https://images.pokemontcg.io/tk2b/5_hires.png"
    }
  },
  {
    "id": "tk2b-6",
    "name": "Minun",
    "supertype": "Pokémon",
    "subtypes": [
      "Basic"
    ],
    "hp": "60",
    "types": [
      "Lightning"
    ],
    "attacks": [
      {
        "name": "Drawup Power",
        "cost": [
          "Colorless"
        ],
        "convertedEnergyCost": 1,
        "damage": "",
        "text": "Search your deck for an Energy card, show it to your opponent, and put into your hand. Shuffle your deck afterward."
      },
      {
        "name": "Front Spark",
        "cost": [
          "Lightning",
          "Colorless"
        ],
        "convertedEnergyCost": 2,
        "damage": "20",
        "text": "Does 10 damage to 1 of your opponent’s Benched Pokémon. (Don’t apply Weakness and Resistance for Benched Pokémon.)"
      }
    ],
    "weaknesses": [
      {
        "type": "Fighting",
        "value": "×2"
      }
    ],
    "resistances": [
      {
        "type": "Metal",
        "value": "-30"
      }
    ],
    "retreatCost": [
      "Colorless"
    ],
    "convertedRetreatCost": 1,
    "number": "6",
    "artist": "Katsura Tabata",
    "nationalPokedexNumbers": [
      312
    ],
    "legalities": {
      "unlimited": "Legal"
    },
    "images": {
      "small": "https://images.pokemontcg.io/tk2b/6.png",
      "large": "https://images.pokemontcg.io/tk2b/6_hires.png"
    }
  },
  {
    "id": "tk2b-7",
    "name": "Vulpix",
    "supertype": "Pokémon",
    "subtypes": [
      "Basic"
    ],
    "hp": "50",
    "types": [
      "Fire"
    ],
    "evolvesTo": [
      "Ninetales"
    ],
    "attacks": [
      {
        "name": "Bite",
        "cost": [
          "Colorless"
        ],
        "convertedEnergyCost": 1,
        "damage": "10",
        "text": ""
      },
      {
        "name": "Firebreathing",
        "cost": [
          "Fire",
          "Colorless"
        ],
        "convertedEnergyCost": 2,
        "damage": "20+",
        "text": "Flip a coin. If heads, this attack does 20 damage plus 10 more damage."
      }
    ],
    "weaknesses": [
      {
        "type": "Water",
        "value": "×2"
      }
    ],
    "retreatCost": [
      "Colorless"
    ],
    "convertedRetreatCost": 1,
    "number": "7",
    "artist": "Midori Harada",
    "nationalPokedexNumbers": [
      37
    ],
    "legalities": {
      "unlimited": "Legal"
    },
    "images": {
      "small": "https://images.pokemontcg.io/tk2b/7.png",
      "large": "https://images.pokemontcg.io/tk2b/7_hires.png"
    }
  },
  {
    "id": "tk2b-8",
    "name": "Celio's Network",
    "supertype": "Trainer",
    "subtypes": [
      "Supporter"
    ],
    "rules": [
      "You can play only one Supporter card each turn. When you play this card, put it next to your Active Pokémon. When your turn ends, discard this card.",
      "Search your deck for a Basic Pokémon or Evolution card (excluding Pokémon-ex), show it to your opponent, and put it into your hand. Shuffle your deck afterward."
    ],
    "number": "8",
    "artist": "Ken Sugimori",
    "legalities": {
      "unlimited": "Legal"
    },
    "images": {
      "small": "https://images.pokemontcg.io/tk2b/8.png",
      "large": "https://images.pokemontcg.io/tk2b/8_hires.png"
    }
  },
  {
    "id": "tk2b-9",
    "name": "Energy Switch",
    "supertype": "Trainer",
    "subtypes": [
      "Item"
    ],
    "rules": [
      "Move a basic Energy card attached to 1 of your Pokémon to another of your Pokémon."
    ],
    "number": "8",
    "artist": "Kai Ishikawa",
    "legalities": {
      "unlimited": "Legal",
      "standard": "Legal",
      "expanded": "Legal"
    },
    "images": {
      "small": "https://images.pokemontcg.io/tk2b/9.png",
      "large": "https://images.pokemontcg.io/tk2b/9_hires.png"
    }
  },
  {
    "id": "tk2b-10",
    "name": "Potion",
    "supertype": "Trainer",
    "subtypes": [
      "Item"
    ],
    "rules": [
      "Remove 2 damage counters from 1 of your Pokémon (remove 1 damage counter if that Pokémon has only 1)."
    ],
    "number": "10",
    "artist": "Keiji Kinebuchi",
    "legalities": {
      "unlimited": "Legal",
      "standard": "Legal",
      "expanded": "Legal"
    },
    "images": {
      "small": "https://images.pokemontcg.io/tk2b/10.png",
      "large": "https://images.pokemontcg.io/tk2b/10_hires.png"
    }
  },
  {
    "id": "tk2b-11",
    "name": "Fire Energy",
    "supertype": "Energy",
    "subtypes": [
      "Basic"
    ],
    "number": "10",
    "legalities": {
      "unlimited": "Legal",
      "standard": "Legal",
      "expanded": "Legal"
    },
    "images": {
      "small": "https://images.pokemontcg.io/tk2b/11.png",
      "large": "https://images.pokemontcg.io/tk2b/11_hires.png"
    }
  },
  {
    "id": "tk2b-12",
    "name": "Lightning Energy",
    "supertype": "Energy",
    "subtypes": [
      "Basic"
    ],
    "number": "12",
    "legalities": {
      "unlimited": "Legal",
      "standard": "Legal",
      "expanded": "Legal"
    },
    "images": {
      "small": "https://images.pokemontcg.io/tk2b/12.png",
      "large": "https://images.pokemontcg.io/tk2b/12_hires.png"
    }
  }
]
