[
  {
    "id": "base2-1",
    "name": "Clefable",
    "supertype": "Pokémon",
    "subtypes": [
      "Stage 1"
    ],
    "level": "34",
    "hp": "70",
    "types": [
      "Colorless"
    ],
    "evolvesFrom": "Clefairy",
    "attacks": [
      {
        "name": "Metronome",
        "cost": [
          "Colorless"
        ],
        "convertedEnergyCost": 1,
        "damage": "",
        "text": "Choose 1 of the Defending Pokémon's attacks. Metronome copies that attack except for its Energy costs and anything else required in order to use that attack, such as discarding Energy cards. (No matter what type the Defending Pokémon is, Clefable's type is still Colorless.)"
      },
      {
        "name": "Minimize",
        "cost": [
          "Colorless",
          "Colorless"
        ],
        "convertedEnergyCost": 2,
        "damage": "",
        "text": "All damage done by attacks to Clefable during your opponent's next turn is reduced by 20 (after applying Weakness and Resistance)."
      }
    ],
    "weaknesses": [
      {
        "type": "Fighting",
        "value": "×2"
      }
    ],
    "resistances": [
      {
        "type": "Psychic",
        "value": "-30"
      }
    ],
    "retreatCost": [
      "Colorless",
      "Colorless"
    ],
    "convertedRetreatCost": 2,
    "number": "1",
    "artist": "Mitsuhiro Arita",
    "rarity": "Rare Holo",
    "flavorText": "A timid Fairy Pokémon that is rarely seen. It will run and hide the moment it senses people.",
    "nationalPokedexNumbers": [
      36
    ],
    "legalities": {
      "unlimited": "Legal"
    },
    "images": {
      "small": "https://images.pokemontcg.io/base2/1.png",
      "large": "https://images.pokemontcg.io/base2/1_hires.png"
    }
  },
  {
    "id": "base2-2",
    "name": "Electrode",
    "supertype": "Pokémon",
    "subtypes": [
      "Stage 1"
    ],
    "level": "42",
    "hp": "90",
    "types": [
      "Lightning"
    ],
    "evolvesFrom": "Voltorb",
    "attacks": [
      {
        "name": "Tackle",
        "cost": [
          "Colorless",
          "Colorless"
        ],
        "convertedEnergyCost": 2,
        "damage": "20",
        "text": ""
      },
      {
        "name": "Chain Lightning",
        "cost": [
          "Lightning",
          "Lightning",
          "Lightning"
        ],
        "convertedEnergyCost": 3,
        "damage": "20",
        "text": "If the Defending Pokémon isn't Colorless, this attack does 10 damage to each Benched Pokémon of the same type as the Defending Pokémon (including your own)."
      }
    ],
    "weaknesses": [
      {
        "type": "Fighting",
        "value": "×2"
      }
    ],
    "retreatCost": [
      "Colorless"
    ],
    "convertedRetreatCost": 1,
    "number": "2",
    "artist": "Mitsuhiro Arita",
    "rarity": "Rare Holo",
    "flavorText": "It stores electrical energy under very high pressure. It often explodes with little or no provocation.",
    "nationalPokedexNumbers": [
      101
    ],
    "legalities": {
      "unlimited": "Legal"
    },
    "images": {
      "small": "https://images.pokemontcg.io/base2/2.png",
      "large": "https://images.pokemontcg.io/base2/2_hires.png"
    }
  },
  {
    "id": "base2-3",
    "name": "Flareon",
    "supertype": "Pokémon",
    "subtypes": [
      "Stage 1"
    ],
    "level": "28",
    "hp": "70",
    "types": [
      "Fire"
    ],
    "evolvesFrom": "Eevee",
    "attacks": [
      {
        "name": "Quick Attack",
        "cost": [
          "Colorless",
          "Colorless"
        ],
        "convertedEnergyCost": 2,
        "damage": "10+",
        "text": "Flip a coin. If heads, this attack does 10 damage plus 20 more damage; if tails, this attack does 10 damage."
      },
      {
        "name": "Flamethrower",
        "cost": [
          "Fire",
          "Fire",
          "Colorless",
          "Colorless"
        ],
        "convertedEnergyCost": 4,
        "damage": "60",
        "text": "Discard 1 Fire Energy card attached to Flareon in order to use this attack."
      }
    ],
    "weaknesses": [
      {
        "type": "Water",
        "value": "×2"
      }
    ],
    "retreatCost": [
      "Colorless"
    ],
    "convertedRetreatCost": 1,
    "number": "3",
    "artist": "Kagemaru Himeno",
    "rarity": "Rare Holo",
    "flavorText": "When storing thermal energy in its body, its temperature could soar to over 1600 degrees.",
    "nationalPokedexNumbers": [
      136
    ],
    "legalities": {
      "unlimited": "Legal"
    },
    "images": {
      "small": "https://images.pokemontcg.io/base2/3.png",
      "large": "https://images.pokemontcg.io/base2/3_hires.png"
    }
  },
  {
    "id": "base2-4",
    "name": "Jolteon",
    "supertype": "Pokémon",
    "subtypes": [
      "Stage 1"
    ],
    "level": "29",
    "hp": "70",
    "types": [
      "Lightning"
    ],
    "evolvesFrom": "Eevee",
    "attacks": [
      {
        "name": "Quick Attack",
        "cost": [
          "Colorless",
          "Colorless"
        ],
        "convertedEnergyCost": 2,
        "damage": "10+",
        "text": "Flip a coin. If heads, this attack does 10 damage plus 20 more damage; if tails, this attack does 10 damage."
      },
      {
        "name": "Pin Missile",
        "cost": [
          "Lightning",
          "Lightning",
          "Colorless"
        ],
        "convertedEnergyCost": 3,
        "damage": "20×",
        "text": "Flip 4 coins. This attack does 20 damage times the number of heads."
      }
    ],
    "weaknesses": [
      {
        "type": "Fighting",
        "value": "×2"
      }
    ],
    "retreatCost": [
      "Colorless"
    ],
    "convertedRetreatCost": 1,
    "number": "4",
    "artist": "Kagemaru Himeno",
    "rarity": "Rare Holo",
    "flavorText": "It accumulates negative ions from the atmosphere to blast out 10,000-volt lightning bolts.",
    "nationalPokedexNumbers": [
      135
    ],
    "legalities": {
      "unlimited": "Legal"
    },
    "images": {
      "small": "https://images.pokemontcg.io/base2/4.png",
      "large": "https://images.pokemontcg.io/base2/4_hires.png"
    }
  },
  {
    "id": "base2-5",
    "name": "Kangaskhan",
    "supertype": "Pokémon",
    "subtypes": [
      "Basic"
    ],
    "level": "40",
    "hp": "90",
    "types": [
      "Colorless"
    ],
    "attacks": [
      {
        "name": "Fetch",
        "cost": [
          "Colorless"
        ],
        "convertedEnergyCost": 1,
        "damage": "",
        "text": "Draw a card."
      },
      {
        "name": "Comet Punch",
        "cost": [
          "Colorless",
          "Colorless",
          "Colorless",
          "Colorless"
        ],
        "convertedEnergyCost": 4,
        "damage": "20×",
        "text": "Flip 4 coins. This attack does 20 damage times the number of heads."
      }
    ],
    "weaknesses": [
      {
        "type": "Fighting",
        "value": "×2"
      }
    ],
    "resistances": [
      {
        "type": "Psychic",
        "value": "-30"
      }
    ],
    "retreatCost": [
      "Colorless",
      "Colorless",
      "Colorless"
    ],
    "convertedRetreatCost": 3,
    "number": "5",
    "artist": "Mitsuhiro Arita",
    "rarity": "Rare Holo",
    "flavorText": "The infant rarely ventures out of its mother's protective pouch until it is three years old.",
    "nationalPokedexNumbers": [
      115
    ],
    "legalities": {
      "unlimited": "Legal"
    },
    "images": {
      "small": "https://images.pokemontcg.io/base2/5.png",
      "large": "https://images.pokemontcg.io/base2/5_hires.png"
    }
  },
  {
    "id": "base2-6",
    "name": "Mr. Mime",
    "supertype": "Pokémon",
    "subtypes": [
      "Basic"
    ],
    "level": "28",
    "hp": "40",
    "types": [
      "Psychic"
    ],
    "evolvesFrom": "Mime Jr.",
    "abilities": [
      {
        "name": "Invisible Wall",
        "text": "Whenever an attack (including your own) does 30 or more damage to Mr. Mime (after applying Weakness and Resistance), prevent that damage. (Any other effects of attacks still happen.) This power can't be used if Mr. Mime is Asleep, Confused, or Paralyzed.",
        "type": "Pokémon Power"
      }
    ],
    "attacks": [
      {
        "name": "Meditate",
        "cost": [
          "Psychic",
          "Colorless"
        ],
        "convertedEnergyCost": 2,
        "damage": "10+",
        "text": "Does 10 damage plus 10 more damage for each damage counter on the Defending Pokémon."
      }
    ],
    "weaknesses": [
      {
        "type": "Psychic",
        "value": "×2"
      }
    ],
    "retreatCost": [
      "Colorless"
    ],
    "convertedRetreatCost": 1,
    "number": "6",
    "artist": "Ken Sugimori",
    "rarity": "Rare Holo",
    "flavorText": "If interrupted while miming, it will slap around the enemy with its broad hands.",
    "nationalPokedexNumbers": [
      122
    ],
    "legalities": {
      "unlimited": "Legal"
    },
    "images": {
      "small": "https://images.pokemontcg.io/base2/6.png",
      "large": "https://images.pokemontcg.io/base2/6_hires.png"
    }
  },
  {
    "id": "base2-7",
    "name": "Nidoqueen",
    "supertype": "Pokémon",
    "subtypes": [
      "Stage 2"
    ],
    "level": "43",
    "hp": "90",
    "types": [
      "Grass"
    ],
    "evolvesFrom": "Nidorina",
    "attacks": [
      {
        "name": "Boyfriends",
        "cost": [
          "Grass",
          "Colorless"
        ],
        "convertedEnergyCost": 2,
        "damage": "20+",
        "text": "Does 20 damage plus 20 more damage for each Nidoking you have in play."
      },
      {
        "name": "Mega Punch",
        "cost": [
          "Grass",
          "Grass",
          "Colorless",
          "Colorless"
        ],
        "convertedEnergyCost": 4,
        "damage": "50",
        "text": ""
      }
    ],
    "weaknesses": [
      {
        "type": "Psychic",
        "value": "×2"
      }
    ],
    "retreatCost": [
      "Colorless",
      "Colorless",
      "Colorless"
    ],
    "convertedRetreatCost": 3,
    "number": "7",
    "artist": "Ken Sugimori",
    "rarity": "Rare Holo",
    "flavorText": "Its hard scales provide strong protection. It uses its hefty bulk to execute powerful moves.",
    "nationalPokedexNumbers": [
      31
    ],
    "legalities": {
      "unlimited": "Legal"
    },
    "images": {
      "small": "https://images.pokemontcg.io/base2/7.png",
      "large": "https://images.pokemontcg.io/base2/7_hires.png"
    }
  },
  {
    "id": "base2-8",
    "name": "Pidgeot",
    "supertype": "Pokémon",
    "subtypes": [
      "Stage 2"
    ],
    "level": "40",
    "hp": "80",
    "types": [
      "Colorless"
    ],
    "evolvesFrom": "Pidgeotto",
    "attacks": [
      {
        "name": "Wing Attack",
        "cost": [
          "Colorless",
          "Colorless"
        ],
        "convertedEnergyCost": 2,
        "damage": "20",
        "text": ""
      },
      {
        "name": "Hurricane",
        "cost": [
          "Colorless",
          "Colorless",
          "Colorless"
        ],
        "convertedEnergyCost": 3,
        "damage": "30",
        "text": "Unless this attack Knocks Out the Defending Pokémon, return the Defending Pokémon and all cards attached to it to your opponent's hand."
      }
    ],
    "weaknesses": [
      {
        "type": "Lightning",
        "value": "×2"
      }
    ],
    "resistances": [
      {
        "type": "Fighting",
        "value": "-30"
      }
    ],
    "number": "8",
    "artist": "Kagemaru Himeno",
    "rarity": "Rare Holo",
    "flavorText": "When hunting, it skims the surface of water at high speed to pick off unwary prey such as Magikarp.",
    "nationalPokedexNumbers": [
      18
    ],
    "legalities": {
      "unlimited": "Legal"
    },
    "images": {
      "small": "https://images.pokemontcg.io/base2/8.png",
      "large": "https://images.pokemontcg.io/base2/8_hires.png"
    }
  },
  {
    "id": "base2-9",
    "name": "Pinsir",
    "supertype": "Pokémon",
    "subtypes": [
      "Basic"
    ],
    "level": "24",
    "hp": "60",
    "types": [
      "Grass"
    ],
    "attacks": [
      {
        "name": "Irongrip",
        "cost": [
          "Grass",
          "Grass"
        ],
        "convertedEnergyCost": 2,
        "damage": "20",
        "text": "Flip a coin. If heads, the Defending Pokémon is now Paralyzed."
      },
      {
        "name": "Guillotine",
        "cost": [
          "Grass",
          "Grass",
          "Colorless",
          "Colorless"
        ],
        "convertedEnergyCost": 4,
        "damage": "50",
        "text": ""
      }
    ],
    "weaknesses": [
      {
        "type": "Fire",
        "value": "×2"
      }
    ],
    "retreatCost": [
      "Colorless"
    ],
    "convertedRetreatCost": 1,
    "number": "9",
    "artist": "Kagemaru Himeno",
    "rarity": "Rare Holo",
    "flavorText": "If it fails to crush the victim in its pincers, it will swing its victim around and toss it hard.",
    "nationalPokedexNumbers": [
      127
    ],
    "legalities": {
      "unlimited": "Legal"
    },
    "images": {
      "small": "https://images.pokemontcg.io/base2/9.png",
      "large": "https://images.pokemontcg.io/base2/9_hires.png"
    }
  },
  {
    "id": "base2-10",
    "name": "Scyther",
    "supertype": "Pokémon",
    "subtypes": [
      "Basic"
    ],
    "level": "25",
    "hp": "70",
    "types": [
      "Grass"
    ],
    "evolvesTo": [
      "Scizor"
    ],
    "attacks": [
      {
        "name": "Swords Dance",
        "cost": [
          "Grass"
        ],
        "convertedEnergyCost": 1,
        "damage": "",
        "text": "During your next turn, Scyther's Slash attack's base damage is 60 instead of 30."
      },
      {
        "name": "Slash",
        "cost": [
          "Colorless",
          "Colorless",
          "Colorless"
        ],
        "convertedEnergyCost": 3,
        "damage": "30",
        "text": ""
      }
    ],
    "weaknesses": [
      {
        "type": "Fire",
        "value": "×2"
      }
    ],
    "resistances": [
      {
        "type": "Fighting",
        "value": "-30"
      }
    ],
    "number": "10",
    "artist": "Ken Sugimori",
    "rarity": "Rare Holo",
    "flavorText": "With ninja-like agility and speed, it can create the illusion that there is more than one of it.",
    "nationalPokedexNumbers": [
      123
    ],
    "legalities": {
      "unlimited": "Legal"
    },
    "images": {
      "small": "https://images.pokemontcg.io/base2/10.png",
      "large": "https://images.pokemontcg.io/base2/10_hires.png"
    }
  },
  {
    "id": "base2-11",
    "name": "Snorlax",
    "supertype": "Pokémon",
    "subtypes": [
      "Basic"
    ],
    "level": "20",
    "hp": "90",
    "types": [
      "Colorless"
    ],
    "evolvesFrom": "Munchlax",
    "abilities": [
      {
        "name": "Thick Skinned",
        "text": "Snorlax can't become Asleep, Confused, Paralyzed, or Poisoned. This power can't be used if Snorlax is already Asleep, Confused, or Paralyzed.",
        "type": "Pokémon Power"
      }
    ],
    "attacks": [
      {
        "name": "Body Slam",
        "cost": [
          "Colorless",
          "Colorless",
          "Colorless",
          "Colorless"
        ],
        "convertedEnergyCost": 4,
        "damage": "30",
        "text": "Flip a coin. If heads, the Defending Pokémon is now Paralyzed."
      }
    ],
    "weaknesses": [
      {
        "type": "Fighting",
        "value": "×2"
      }
    ],
    "resistances": [
      {
        "type": "Psychic",
        "value": "-30"
      }
    ],
    "retreatCost": [
      "Colorless",
      "Colorless",
      "Colorless",
      "Colorless"
    ],
    "convertedRetreatCost": 4,
    "number": "11",
    "artist": "Ken Sugimori",
    "rarity": "Rare Holo",
    "flavorText": "Very lazy. Just eats and sleeps. As its rotund bulk builds, it becomes steadily more slothful.",
    "nationalPokedexNumbers": [
      143
    ],
    "legalities": {
      "unlimited": "Legal"
    },
    "images": {
      "small": "https://images.pokemontcg.io/base2/11.png",
      "large": "https://images.pokemontcg.io/base2/11_hires.png"
    }
  },
  {
    "id": "base2-12",
    "name": "Vaporeon",
    "supertype": "Pokémon",
    "subtypes": [
      "Stage 1"
    ],
    "level": "42",
    "hp": "80",
    "types": [
      "Water"
    ],
    "evolvesFrom": "Eevee",
    "attacks": [
      {
        "name": "Quick Attack",
        "cost": [
          "Colorless",
          "Colorless"
        ],
        "convertedEnergyCost": 2,
        "damage": "10+",
        "text": "Flip a coin. If heads, this attack does 10 damage plus 20 more damage; if tails, this attack does 10 damage."
      },
      {
        "name": "Water Gun",
        "cost": [
          "Water",
          "Water",
          "Colorless"
        ],
        "convertedEnergyCost": 3,
        "damage": "30+",
        "text": "Does 30 damage plus 10 more damage for each Water Energy attached to Vaporeon but not used to pay for this attack's Energy cost. Extra Water Energy after the 2nd doesn't count."
      }
    ],
    "weaknesses": [
      {
        "type": "Lightning",
        "value": "×2"
      }
    ],
    "retreatCost": [
      "Colorless"
    ],
    "convertedRetreatCost": 1,
    "number": "12",
    "artist": "Kagemaru Himeno",
    "rarity": "Rare Holo",
    "flavorText": "Lives close to water. Its long tail is ridged with a fin that is often mistaken for a mermaid's.",
    "nationalPokedexNumbers": [
      134
    ],
    "legalities": {
      "unlimited": "Legal"
    },
    "images": {
      "small": "https://images.pokemontcg.io/base2/12.png",
      "large": "https://images.pokemontcg.io/base2/12_hires.png"
    }
  },
  {
    "id": "base2-13",
    "name": "Venomoth",
    "supertype": "Pokémon",
    "subtypes": [
      "Stage 1"
    ],
    "level": "28",
    "hp": "70",
    "types": [
      "Grass"
    ],
    "evolvesFrom": "Venonat",
    "abilities": [
      {
        "name": "Shift",
        "text": "Once during your turn (before your attack), you may change the type of Venomoth to the type of any other Pokémon in play other than Colorless. This power can't be used if Venomoth is Asleep, Confused, or Paralyzed.",
        "type": "Pokémon Power"
      }
    ],
    "attacks": [
      {
        "name": "Venom Powder",
        "cost": [
          "Grass",
          "Grass"
        ],
        "convertedEnergyCost": 2,
        "damage": "10",
        "text": "Flip a coin. If heads, the Defending Pokémon is now Confused and Poisoned."
      }
    ],
    "weaknesses": [
      {
        "type": "Fire",
        "value": "×2"
      }
    ],
    "resistances": [
      {
        "type": "Fighting",
        "value": "-30"
      }
    ],
    "number": "13",
    "artist": "Ken Sugimori",
    "rarity": "Rare Holo",
    "flavorText": "The dust-like scales covering its wings are color coded to indicate the kinds of poison it has.",
    "nationalPokedexNumbers": [
      49
    ],
    "legalities": {
      "unlimited": "Legal"
    },
    "images": {
      "small": "https://images.pokemontcg.io/base2/13.png",
      "large": "https://images.pokemontcg.io/base2/13_hires.png"
    }
  },
  {
    "id": "base2-14",
    "name": "Victreebel",
    "supertype": "Pokémon",
    "subtypes": [
      "Stage 2"
    ],
    "level": "42",
    "hp": "80",
    "types": [
      "Grass"
    ],
    "evolvesFrom": "Weepinbell",
    "attacks": [
      {
        "name": "Lure",
        "cost": [
          "Grass"
        ],
        "convertedEnergyCost": 1,
        "damage": "",
        "text": "If your opponent has any Benched Pokémon, choose 1 of them and switch it with his or her Active Pokémon."
      },
      {
        "name": "Acid",
        "cost": [
          "Grass",
          "Grass"
        ],
        "convertedEnergyCost": 2,
        "damage": "20",
        "text": "Flip a coin. If heads, the Defending Pokémon can't retreat during your next turn."
      }
    ],
    "weaknesses": [
      {
        "type": "Fire",
        "value": "×2"
      }
    ],
    "retreatCost": [
      "Colorless",
      "Colorless"
    ],
    "convertedRetreatCost": 2,
    "number": "14",
    "artist": "Ken Sugimori",
    "rarity": "Rare Holo",
    "flavorText": "Said to live in huge colonies deep in jungles, although no one has ever returned from there.",
    "nationalPokedexNumbers": [
      71
    ],
    "legalities": {
      "unlimited": "Legal"
    },
    "images": {
      "small": "https://images.pokemontcg.io/base2/14.png",
      "large": "https://images.pokemontcg.io/base2/14_hires.png"
    }
  },
  {
    "id": "base2-15",
    "name": "Vileplume",
    "supertype": "Pokémon",
    "subtypes": [
      "Stage 2"
    ],
    "level": "35",
    "hp": "80",
    "types": [
      "Grass"
    ],
    "evolvesFrom": "Gloom",
    "abilities": [
      {
        "name": "Heal",
        "text": "Once during your turn (before your attack), you may flip a coin. If heads, remove 1 damage counter from 1 of your Pokémon. This power can't be used if Vileplume is Asleep, Confused, or Paralyzed.",
        "type": "Pokémon Power"
      }
    ],
    "attacks": [
      {
        "name": "Petal Dance",
        "cost": [
          "Grass",
          "Grass",
          "Grass"
        ],
        "convertedEnergyCost": 3,
        "damage": "40×",
        "text": "Flip 3 coins. This attack does 40 damage times the number of heads. Vileplume is now Confused (after doing damage)."
      }
    ],
    "weaknesses": [
      {
        "type": "Fire",
        "value": "×2"
      }
    ],
    "retreatCost": [
      "Colorless",
      "Colorless"
    ],
    "convertedRetreatCost": 2,
    "number": "15",
    "artist": "Keiji Kinebuchi",
    "rarity": "Rare Holo",
    "flavorText": "The larger its petals, the more toxic pollen it contains. Its big head is heavy and hard to hold up.",
    "nationalPokedexNumbers": [
      45
    ],
    "legalities": {
      "unlimited": "Legal"
    },
    "images": {
      "small": "https://images.pokemontcg.io/base2/15.png",
      "large": "https://images.pokemontcg.io/base2/15_hires.png"
    }
  },
  {
    "id": "base2-16",
    "name": "Wigglytuff",
    "supertype": "Pokémon",
    "subtypes": [
      "Stage 1"
    ],
    "level": "36",
    "hp": "80",
    "types": [
      "Colorless"
    ],
    "evolvesFrom": "Jigglypuff",
    "attacks": [
      {
        "name": "Lullaby",
        "cost": [
          "Colorless"
        ],
        "convertedEnergyCost": 1,
        "damage": "",
        "text": "The Defending Pokémon is now Asleep."
      },
      {
        "name": "Do the Wave",
        "cost": [
          "Colorless",
          "Colorless",
          "Colorless"
        ],
        "convertedEnergyCost": 3,
        "damage": "10+",
        "text": "Does 10 damage plus 10 more damage for each of your Benched Pokémon."
      }
    ],
    "weaknesses": [
      {
        "type": "Fighting",
        "value": "×2"
      }
    ],
    "resistances": [
      {
        "type": "Psychic",
        "value": "-30"
      }
    ],
    "retreatCost": [
      "Colorless",
      "Colorless"
    ],
    "convertedRetreatCost": 2,
    "number": "16",
    "artist": "Mitsuhiro Arita",
    "rarity": "Rare Holo",
    "flavorText": "The body is soft and rubbery. When angered, it will suck in air and inflate itself to an enormous size.",
    "nationalPokedexNumbers": [
      40
    ],
    "legalities": {
      "unlimited": "Legal"
    },
    "images": {
      "small": "https://images.pokemontcg.io/base2/16.png",
      "large": "https://images.pokemontcg.io/base2/16_hires.png"
    }
  },
  {
    "id": "base2-17",
    "name": "Clefable",
    "supertype": "Pokémon",
    "subtypes": [
      "Stage 1"
    ],
    "level": "34",
    "hp": "70",
    "types": [
      "Colorless"
    ],
    "evolvesFrom": "Clefairy",
    "attacks": [
      {
        "name": "Metronome",
        "cost": [
          "Colorless"
        ],
        "convertedEnergyCost": 1,
        "damage": "",
        "text": "Choose 1 of the Defending Pokémon's attacks. Metronome copies that attack except for its Energy costs and anything else required in order to use that attack, such as discarding Energy cards. (No matter what type the Defending Pokémon is, Clefable's type is still Colorless.)"
      },
      {
        "name": "Minimize",
        "cost": [
          "Colorless",
          "Colorless"
        ],
        "convertedEnergyCost": 2,
        "damage": "",
        "text": "All damage done by attacks to Clefable during your opponent's next turn is reduced by 20 (after applying Weakness and Resistance)."
      }
    ],
    "weaknesses": [
      {
        "type": "Fighting",
        "value": "×2"
      }
    ],
    "resistances": [
      {
        "type": "Psychic",
        "value": "-30"
      }
    ],
    "retreatCost": [
      "Colorless",
      "Colorless"
    ],
    "convertedRetreatCost": 2,
    "number": "17",
    "artist": "Mitsuhiro Arita",
    "rarity": "Rare",
    "flavorText": "A timid Fairy Pokémon that is rarely seen. It will run and hide the moment it senses people.",
    "nationalPokedexNumbers": [
      36
    ],
    "legalities": {
      "unlimited": "Legal"
    },
    "images": {
      "small": "https://images.pokemontcg.io/base2/17.png",
      "large": "https://images.pokemontcg.io/base2/17_hires.png"
    }
  },
  {
    "id": "base2-18",
    "name": "Electrode",
    "supertype": "Pokémon",
    "subtypes": [
      "Stage 1"
    ],
    "level": "42",
    "hp": "90",
    "types": [
      "Lightning"
    ],
    "evolvesFrom": "Voltorb",
    "attacks": [
      {
        "name": "Tackle",
        "cost": [
          "Colorless",
          "Colorless"
        ],
        "convertedEnergyCost": 2,
        "damage": "20",
        "text": ""
      },
      {
        "name": "Chain Lightning",
        "cost": [
          "Lightning",
          "Lightning",
          "Lightning"
        ],
        "convertedEnergyCost": 3,
        "damage": "20",
        "text": "If the Defending Pokémon isn't Colorless, this attack does 10 damage to each Benched Pokémon of the same type as the Defending Pokémon (including your own)."
      }
    ],
    "weaknesses": [
      {
        "type": "Fighting",
        "value": "×2"
      }
    ],
    "retreatCost": [
      "Colorless"
    ],
    "convertedRetreatCost": 1,
    "number": "18",
    "artist": "Mitsuhiro Arita",
    "rarity": "Rare",
    "flavorText": "It stores electrical energy under very high pressure. It often explodes with little or no provocation.",
    "nationalPokedexNumbers": [
      101
    ],
    "legalities": {
      "unlimited": "Legal"
    },
    "images": {
      "small": "https://images.pokemontcg.io/base2/18.png",
      "large": "https://images.pokemontcg.io/base2/18_hires.png"
    }
  },
  {
    "id": "base2-19",
    "name": "Flareon",
    "supertype": "Pokémon",
    "subtypes": [
      "Stage 1"
    ],
    "level": "28",
    "hp": "70",
    "types": [
      "Fire"
    ],
    "evolvesFrom": "Eevee",
    "attacks": [
      {
        "name": "Quick Attack",
        "cost": [
          "Colorless",
          "Colorless"
        ],
        "convertedEnergyCost": 2,
        "damage": "10+",
        "text": "Flip a coin. If heads, this attack does 10 damage plus 20 more damage; if tails, this attack does 10 damage."
      },
      {
        "name": "Flamethrower",
        "cost": [
          "Fire",
          "Fire",
          "Colorless",
          "Colorless"
        ],
        "convertedEnergyCost": 4,
        "damage": "60",
        "text": "Discard 1 Fire Energy card attached to Flareon in order to use this attack."
      }
    ],
    "weaknesses": [
      {
        "type": "Water",
        "value": "×2"
      }
    ],
    "retreatCost": [
      "Colorless"
    ],
    "convertedRetreatCost": 1,
    "number": "19",
    "artist": "Kagemaru Himeno",
    "rarity": "Rare",
    "flavorText": "When storing thermal energy in its body, its temperature could soar to over 1600 degrees.",
    "nationalPokedexNumbers": [
      136
    ],
    "legalities": {
      "unlimited": "Legal"
    },
    "images": {
      "small": "https://images.pokemontcg.io/base2/19.png",
      "large": "https://images.pokemontcg.io/base2/19_hires.png"
    }
  },
  {
    "id": "base2-20",
    "name": "Jolteon",
    "supertype": "Pokémon",
    "subtypes": [
      "Stage 1"
    ],
    "level": "29",
    "hp": "70",
    "types": [
      "Lightning"
    ],
    "evolvesFrom": "Eevee",
    "attacks": [
      {
        "name": "Quick Attack",
        "cost": [
          "Colorless",
          "Colorless"
        ],
        "convertedEnergyCost": 2,
        "damage": "10+",
        "text": "Flip a coin. If heads, this attack does 10 damage plus 20 more damage; if tails, this attack does 10 damage."
      },
      {
        "name": "Pin Missile",
        "cost": [
          "Lightning",
          "Lightning",
          "Colorless"
        ],
        "convertedEnergyCost": 3,
        "damage": "20×",
        "text": "Flip 4 coins. This attack does 20 damage times the number of heads."
      }
    ],
    "weaknesses": [
      {
        "type": "Fighting",
        "value": "×2"
      }
    ],
    "retreatCost": [
      "Colorless"
    ],
    "convertedRetreatCost": 1,
    "number": "20",
    "artist": "Kagemaru Himeno",
    "rarity": "Rare",
    "flavorText": "It accumulates negative ions from the atmosphere to blast out 10,000-volt lightning bolts.",
    "nationalPokedexNumbers": [
      135
    ],
    "legalities": {
      "unlimited": "Legal"
    },
    "images": {
      "small": "https://images.pokemontcg.io/base2/20.png",
      "large": "https://images.pokemontcg.io/base2/20_hires.png"
    }
  },
  {
    "id": "base2-21",
    "name": "Kangaskhan",
    "supertype": "Pokémon",
    "subtypes": [
      "Basic"
    ],
    "level": "40",
    "hp": "90",
    "types": [
      "Colorless"
    ],
    "attacks": [
      {
        "name": "Fetch",
        "cost": [
          "Colorless"
        ],
        "convertedEnergyCost": 1,
        "damage": "",
        "text": "Draw a card."
      },
      {
        "name": "Comet Punch",
        "cost": [
          "Colorless",
          "Colorless",
          "Colorless",
          "Colorless"
        ],
        "convertedEnergyCost": 4,
        "damage": "20×",
        "text": "Flip 4 coins. This attack does 20 damage times the number of heads."
      }
    ],
    "weaknesses": [
      {
        "type": "Fighting",
        "value": "×2"
      }
    ],
    "resistances": [
      {
        "type": "Psychic",
        "value": "-30"
      }
    ],
    "retreatCost": [
      "Colorless",
      "Colorless",
      "Colorless"
    ],
    "convertedRetreatCost": 3,
    "number": "21",
    "artist": "Mitsuhiro Arita",
    "rarity": "Rare",
    "flavorText": "The infant rarely ventures out of its mother's protective pouch until it is three years old.",
    "nationalPokedexNumbers": [
      115
    ],
    "legalities": {
      "unlimited": "Legal"
    },
    "images": {
      "small": "https://images.pokemontcg.io/base2/21.png",
      "large": "https://images.pokemontcg.io/base2/21_hires.png"
    }
  },
  {
    "id": "base2-22",
    "name": "Mr. Mime",
    "supertype": "Pokémon",
    "subtypes": [
      "Basic"
    ],
    "level": "28",
    "hp": "40",
    "types": [
      "Psychic"
    ],
    "evolvesFrom": "Mime Jr.",
    "abilities": [
      {
        "name": "Invisible Wall",
        "text": "Whenever an attack (including your own) does 30 or more damage to Mr. Mime (after applying Weakness and Resistance), prevent that damage. (Any other effects of attacks still happen.) This power can't be used if Mr. Mime is Asleep, Confused, or Paralyzed.",
        "type": "Pokémon Power"
      }
    ],
    "attacks": [
      {
        "name": "Meditate",
        "cost": [
          "Psychic",
          "Colorless"
        ],
        "convertedEnergyCost": 2,
        "damage": "10+",
        "text": "Does 10 damage plus 10 more damage for each damage counter on the Defending Pokémon."
      }
    ],
    "weaknesses": [
      {
        "type": "Psychic",
        "value": "×2"
      }
    ],
    "retreatCost": [
      "Colorless"
    ],
    "convertedRetreatCost": 1,
    "number": "22",
    "artist": "Ken Sugimori",
    "rarity": "Rare",
    "flavorText": "If interrupted while miming, it will slap around the enemy with its broad hands.",
    "nationalPokedexNumbers": [
      122
    ],
    "legalities": {
      "unlimited": "Legal"
    },
    "images": {
      "small": "https://images.pokemontcg.io/base2/22.png",
      "large": "https://images.pokemontcg.io/base2/22_hires.png"
    }
  },
  {
    "id": "base2-23",
    "name": "Nidoqueen",
    "supertype": "Pokémon",
    "subtypes": [
      "Stage 2"
    ],
    "level": "43",
    "hp": "90",
    "types": [
      "Grass"
    ],
    "evolvesFrom": "Nidorina",
    "attacks": [
      {
        "name": "Boyfriends",
        "cost": [
          "Grass",
          "Colorless"
        ],
        "convertedEnergyCost": 2,
        "damage": "20+",
        "text": "Does 20 damage plus 20 more damage for each Nidoking you have in play."
      },
      {
        "name": "Mega Punch",
        "cost": [
          "Grass",
          "Grass",
          "Colorless",
          "Colorless"
        ],
        "convertedEnergyCost": 4,
        "damage": "50",
        "text": ""
      }
    ],
    "weaknesses": [
      {
        "type": "Psychic",
        "value": "×2"
      }
    ],
    "retreatCost": [
      "Colorless",
      "Colorless",
      "Colorless"
    ],
    "convertedRetreatCost": 3,
    "number": "23",
    "artist": "Ken Sugimori",
    "rarity": "Rare",
    "flavorText": "Its hard scales provide strong protection. It uses its hefty bulk to execute powerful moves.",
    "nationalPokedexNumbers": [
      31
    ],
    "legalities": {
      "unlimited": "Legal"
    },
    "images": {
      "small": "https://images.pokemontcg.io/base2/23.png",
      "large": "https://images.pokemontcg.io/base2/23_hires.png"
    }
  },
  {
    "id": "base2-24",
    "name": "Pidgeot",
    "supertype": "Pokémon",
    "subtypes": [
      "Stage 2"
    ],
    "level": "40",
    "hp": "80",
    "types": [
      "Colorless"
    ],
    "evolvesFrom": "Pidgeotto",
    "attacks": [
      {
        "name": "Wing Attack",
        "cost": [
          "Colorless",
          "Colorless"
        ],
        "convertedEnergyCost": 2,
        "damage": "20",
        "text": ""
      },
      {
        "name": "Hurricane",
        "cost": [
          "Colorless",
          "Colorless",
          "Colorless"
        ],
        "convertedEnergyCost": 3,
        "damage": "30",
        "text": "Unless this attack Knocks Out the Defending Pokémon, return the Defending Pokémon and all cards attached to it to your opponent's hand."
      }
    ],
    "weaknesses": [
      {
        "type": "Lightning",
        "value": "×2"
      }
    ],
    "resistances": [
      {
        "type": "Fighting",
        "value": "-30"
      }
    ],
    "number": "24",
    "artist": "Kagemaru Himeno",
    "rarity": "Rare",
    "flavorText": "When hunting, it skims the surface of water at high speed to pick off unwary prey such as Magikarp.",
    "nationalPokedexNumbers": [
      18
    ],
    "legalities": {
      "unlimited": "Legal"
    },
    "images": {
      "small": "https://images.pokemontcg.io/base2/24.png",
      "large": "https://images.pokemontcg.io/base2/24_hires.png"
    }
  },
  {
    "id": "base2-25",
    "name": "Pinsir",
    "supertype": "Pokémon",
    "subtypes": [
      "Basic"
    ],
    "level": "24",
    "hp": "60",
    "types": [
      "Grass"
    ],
    "attacks": [
      {
        "name": "Irongrip",
        "cost": [
          "Grass",
          "Grass"
        ],
        "convertedEnergyCost": 2,
        "damage": "20",
        "text": "Flip a coin. If heads, the Defending Pokémon is now Paralyzed."
      },
      {
        "name": "Guillotine",
        "cost": [
          "Grass",
          "Grass",
          "Colorless",
          "Colorless"
        ],
        "convertedEnergyCost": 4,
        "damage": "50",
        "text": ""
      }
    ],
    "weaknesses": [
      {
        "type": "Fire",
        "value": "×2"
      }
    ],
    "retreatCost": [
      "Colorless"
    ],
    "convertedRetreatCost": 1,
    "number": "25",
    "artist": "Kagemaru Himeno",
    "rarity": "Rare",
    "flavorText": "If it fails to crush the victim in its pincers, it will swing its victim around and toss it hard.",
    "nationalPokedexNumbers": [
      127
    ],
    "legalities": {
      "unlimited": "Legal"
    },
    "images": {
      "small": "https://images.pokemontcg.io/base2/25.png",
      "large": "https://images.pokemontcg.io/base2/25_hires.png"
    }
  },
  {
    "id": "base2-26",
    "name": "Scyther",
    "supertype": "Pokémon",
    "subtypes": [
      "Basic"
    ],
    "level": "25",
    "hp": "70",
    "types": [
      "Grass"
    ],
    "evolvesTo": [
      "Scizor"
    ],
    "attacks": [
      {
        "name": "Swords Dance",
        "cost": [
          "Grass"
        ],
        "convertedEnergyCost": 1,
        "damage": "",
        "text": "During your next turn, Scyther's Slash attack's base damage is 60 instead of 30."
      },
      {
        "name": "Slash",
        "cost": [
          "Colorless",
          "Colorless",
          "Colorless"
        ],
        "convertedEnergyCost": 3,
        "damage": "30",
        "text": ""
      }
    ],
    "weaknesses": [
      {
        "type": "Fire",
        "value": "×2"
      }
    ],
    "resistances": [
      {
        "type": "Fighting",
        "value": "-30"
      }
    ],
    "number": "26",
    "artist": "Ken Sugimori",
    "rarity": "Rare",
    "flavorText": "With ninja-like agility and speed, it can create the illusion that there is more than one of it.",
    "nationalPokedexNumbers": [
      123
    ],
    "legalities": {
      "unlimited": "Legal"
    },
    "images": {
      "small": "https://images.pokemontcg.io/base2/26.png",
      "large": "https://images.pokemontcg.io/base2/26_hires.png"
    }
  },
  {
    "id": "base2-27",
    "name": "Snorlax",
    "supertype": "Pokémon",
    "subtypes": [
      "Basic"
    ],
    "level": "20",
    "hp": "90",
    "types": [
      "Colorless"
    ],
    "evolvesFrom": "Munchlax",
    "abilities": [
      {
        "name": "Thick Skinned",
        "text": "Snorlax can't become Asleep, Confused, Paralyzed, or Poisoned. This power can't be used if Snorlax is already Asleep, Confused, or Paralyzed.",
        "type": "Pokémon Power"
      }
    ],
    "attacks": [
      {
        "name": "Body Slam",
        "cost": [
          "Colorless",
          "Colorless",
          "Colorless",
          "Colorless"
        ],
        "convertedEnergyCost": 4,
        "damage": "30",
        "text": "Flip a coin. If heads, the Defending Pokémon is now Paralyzed."
      }
    ],
    "weaknesses": [
      {
        "type": "Fighting",
        "value": "×2"
      }
    ],
    "resistances": [
      {
        "type": "Psychic",
        "value": "-30"
      }
    ],
    "retreatCost": [
      "Colorless",
      "Colorless",
      "Colorless",
      "Colorless"
    ],
    "convertedRetreatCost": 4,
    "number": "27",
    "artist": "Ken Sugimori",
    "rarity": "Rare",
    "flavorText": "Very lazy. Just eats and sleeps. As its rotund bulk builds, it becomes steadily more slothful.",
    "nationalPokedexNumbers": [
      143
    ],
    "legalities": {
      "unlimited": "Legal"
    },
    "images": {
      "small": "https://images.pokemontcg.io/base2/27.png",
      "large": "https://images.pokemontcg.io/base2/27_hires.png"
    }
  },
  {
    "id": "base2-28",
    "name": "Vaporeon",
    "supertype": "Pokémon",
    "subtypes": [
      "Stage 1"
    ],
    "level": "42",
    "hp": "80",
    "types": [
      "Water"
    ],
    "evolvesFrom": "Eevee",
    "attacks": [
      {
        "name": "Quick Attack",
        "cost": [
          "Colorless",
          "Colorless"
        ],
        "convertedEnergyCost": 2,
        "damage": "10+",
        "text": "Flip a coin. If heads, this attack does 10 damage plus 20 more damage; if tails, this attack does 10 damage."
      },
      {
        "name": "Water Gun",
        "cost": [
          "Water",
          "Water",
          "Colorless"
        ],
        "convertedEnergyCost": 3,
        "damage": "30+",
        "text": "Does 30 damage plus 10 more damage for each Water Energy attached to Vaporeon but not used to pay for this attack's Energy cost. Extra Water Energy after the 2nd doesn't count."
      }
    ],
    "weaknesses": [
      {
        "type": "Lightning",
        "value": "×2"
      }
    ],
    "retreatCost": [
      "Colorless"
    ],
    "convertedRetreatCost": 1,
    "number": "28",
    "artist": "Kagemaru Himeno",
    "rarity": "Rare",
    "flavorText": "Lives close to water. Its long tail is ridged with a fin that is often mistaken for a mermaid's.",
    "nationalPokedexNumbers": [
      134
    ],
    "legalities": {
      "unlimited": "Legal"
    },
    "images": {
      "small": "https://images.pokemontcg.io/base2/28.png",
      "large": "https://images.pokemontcg.io/base2/28_hires.png"
    }
  },
  {
    "id": "base2-29",
    "name": "Venomoth",
    "supertype": "Pokémon",
    "subtypes": [
      "Stage 1"
    ],
    "level": "28",
    "hp": "70",
    "types": [
      "Grass"
    ],
    "evolvesFrom": "Venonat",
    "abilities": [
      {
        "name": "Shift",
        "text": "Once during your turn (before your attack), you may change the type of Venomoth to the type of any other Pokémon in play other than Colorless. This power can't be used if Venomoth is Asleep, Confused, or Paralyzed.",
        "type": "Pokémon Power"
      }
    ],
    "attacks": [
      {
        "name": "Venom Powder",
        "cost": [
          "Grass",
          "Grass"
        ],
        "convertedEnergyCost": 2,
        "damage": "10",
        "text": "Flip a coin. If heads, the Defending Pokémon is now Confused and Poisoned."
      }
    ],
    "weaknesses": [
      {
        "type": "Fire",
        "value": "×2"
      }
    ],
    "resistances": [
      {
        "type": "Fighting",
        "value": "-30"
      }
    ],
    "number": "29",
    "artist": "Ken Sugimori",
    "rarity": "Rare",
    "flavorText": "The dust-like scales covering its wings are color coded to indicate the kinds of poison it has.",
    "nationalPokedexNumbers": [
      49
    ],
    "legalities": {
      "unlimited": "Legal"
    },
    "images": {
      "small": "https://images.pokemontcg.io/base2/29.png",
      "large": "https://images.pokemontcg.io/base2/29_hires.png"
    }
  },
  {
    "id": "base2-30",
    "name": "Victreebel",
    "supertype": "Pokémon",
    "subtypes": [
      "Stage 2"
    ],
    "level": "42",
    "hp": "80",
    "types": [
      "Grass"
    ],
    "evolvesFrom": "Weepinbell",
    "attacks": [
      {
        "name": "Lure",
        "cost": [
          "Grass"
        ],
        "convertedEnergyCost": 1,
        "damage": "",
        "text": "If your opponent has any Benched Pokémon, choose 1 of them and switch it with his or her Active Pokémon."
      },
      {
        "name": "Acid",
        "cost": [
          "Grass",
          "Grass"
        ],
        "convertedEnergyCost": 2,
        "damage": "20",
        "text": "Flip a coin. If heads, the Defending Pokémon can't retreat during your next turn."
      }
    ],
    "weaknesses": [
      {
        "type": "Fire",
        "value": "×2"
      }
    ],
    "retreatCost": [
      "Colorless",
      "Colorless"
    ],
    "convertedRetreatCost": 2,
    "number": "30",
    "artist": "Ken Sugimori",
    "rarity": "Rare",
    "flavorText": "Said to live in huge colonies deep in jungles, although no one has ever returned from there.",
    "nationalPokedexNumbers": [
      71
    ],
    "legalities": {
      "unlimited": "Legal"
    },
    "images": {
      "small": "https://images.pokemontcg.io/base2/30.png",
      "large": "https://images.pokemontcg.io/base2/30_hires.png"
    }
  },
  {
    "id": "base2-31",
    "name": "Vileplume",
    "supertype": "Pokémon",
    "subtypes": [
      "Stage 2"
    ],
    "level": "35",
    "hp": "80",
    "types": [
      "Grass"
    ],
    "evolvesFrom": "Gloom",
    "abilities": [
      {
        "name": "Heal",
        "text": "Once during your turn (before your attack), you may flip a coin. If heads, remove 1 damage counter from 1 of your Pokémon. This power can't be used if Vileplume is Asleep, Confused, or Paralyzed.",
        "type": "Pokémon Power"
      }
    ],
    "attacks": [
      {
        "name": "Petal Dance",
        "cost": [
          "Grass",
          "Grass",
          "Grass"
        ],
        "convertedEnergyCost": 3,
        "damage": "40×",
        "text": "Flip 3 coins. This attack does 40 damage times the number of heads. Vileplume is now Confused (after doing damage)."
      }
    ],
    "weaknesses": [
      {
        "type": "Fire",
        "value": "×2"
      }
    ],
    "retreatCost": [
      "Colorless",
      "Colorless"
    ],
    "convertedRetreatCost": 2,
    "number": "31",
    "artist": "Keiji Kinebuchi",
    "rarity": "Rare",
    "flavorText": "The larger its petals, the more toxic pollen it contains. Its big head is heavy and hard to hold up.",
    "nationalPokedexNumbers": [
      45
    ],
    "legalities": {
      "unlimited": "Legal"
    },
    "images": {
      "small": "https://images.pokemontcg.io/base2/31.png",
      "large": "https://images.pokemontcg.io/base2/31_hires.png"
    }
  },
  {
    "id": "base2-32",
    "name": "Wigglytuff",
    "supertype": "Pokémon",
    "subtypes": [
      "Stage 1"
    ],
    "level": "36",
    "hp": "80",
    "types": [
      "Colorless"
    ],
    "evolvesFrom": "Jigglypuff",
    "attacks": [
      {
        "name": "Lullaby",
        "cost": [
          "Colorless"
        ],
        "convertedEnergyCost": 1,
        "damage": "",
        "text": "The Defending Pokémon is now Asleep."
      },
      {
        "name": "Do the Wave",
        "cost": [
          "Colorless",
          "Colorless",
          "Colorless"
        ],
        "convertedEnergyCost": 3,
        "damage": "10+",
        "text": "Does 10 damage plus 10 more damage for each of your Benched Pokémon."
      }
    ],
    "weaknesses": [
      {
        "type": "Fighting",
        "value": "×2"
      }
    ],
    "resistances": [
      {
        "type": "Psychic",
        "value": "-30"
      }
    ],
    "retreatCost": [
      "Colorless",
      "Colorless"
    ],
    "convertedRetreatCost": 2,
    "number": "32",
    "artist": "Mitsuhiro Arita",
    "rarity": "Rare",
    "flavorText": "The body is soft and rubbery. When angered, it will suck in air and inflate itself to an enormous size.",
    "nationalPokedexNumbers": [
      40
    ],
    "legalities": {
      "unlimited": "Legal"
    },
    "images": {
      "small": "https://images.pokemontcg.io/base2/32.png",
      "large": "https://images.pokemontcg.io/base2/32_hires.png"
    }
  },
  {
    "id": "base2-33",
    "name": "Butterfree",
    "supertype": "Pokémon",
    "subtypes": [
      "Stage 2"
    ],
    "level": "28",
    "hp": "70",
    "types": [
      "Grass"
    ],
    "evolvesFrom": "Metapod",
    "attacks": [
      {
        "name": "Whirlwind",
        "cost": [
          "Colorless",
          "Colorless"
        ],
        "convertedEnergyCost": 2,
        "damage": "20",
        "text": "If your opponent has any Benched Pokémon, he or she chooses 1 of them and switches it with the Defending Pokémon. (Do the damage before switching the Pokémon.)"
      },
      {
        "name": "Mega Drain",
        "cost": [
          "Grass",
          "Grass",
          "Grass",
          "Grass"
        ],
        "convertedEnergyCost": 4,
        "damage": "40",
        "text": "Remove a number of damage counters from Butterfree equal to half the damage done to the Defending Pokémon (after applying Weakness and Resistance) (rounded up to the nearest 10)."
      }
    ],
    "weaknesses": [
      {
        "type": "Fire",
        "value": "×2"
      }
    ],
    "resistances": [
      {
        "type": "Fighting",
        "value": "-30"
      }
    ],
    "number": "33",
    "artist": "Kagemaru Himeno",
    "rarity": "Uncommon",
    "flavorText": "In battle, it flaps its wings at high speed to release highly toxic dust into the air.",
    "nationalPokedexNumbers": [
      12
    ],
    "legalities": {
      "unlimited": "Legal"
    },
    "images": {
      "small": "https://images.pokemontcg.io/base2/33.png",
      "large": "https://images.pokemontcg.io/base2/33_hires.png"
    }
  },
  {
    "id": "base2-34",
    "name": "Dodrio",
    "supertype": "Pokémon",
    "subtypes": [
      "Stage 1"
    ],
    "level": "28",
    "hp": "70",
    "types": [
      "Colorless"
    ],
    "evolvesFrom": "Doduo",
    "abilities": [
      {
        "name": "Retreat Aid",
        "text": "As long as Dodrio is Benched, pay Colorless less to retreat your Active Pokémon.",
        "type": "Pokémon Power"
      }
    ],
    "attacks": [
      {
        "name": "Rage",
        "cost": [
          "Colorless",
          "Colorless",
          "Colorless"
        ],
        "convertedEnergyCost": 3,
        "damage": "10+",
        "text": "Does 10 damage plus 10 more damage for each damage counter on Dodrio."
      }
    ],
    "weaknesses": [
      {
        "type": "Lightning",
        "value": "×2"
      }
    ],
    "resistances": [
      {
        "type": "Fighting",
        "value": "-30"
      }
    ],
    "number": "34",
    "artist": "Mitsuhiro Arita",
    "rarity": "Uncommon",
    "flavorText": "Uses its three brains to execute complex plans. While two heads sleep, one head stays awake.",
    "nationalPokedexNumbers": [
      85
    ],
    "legalities": {
      "unlimited": "Legal"
    },
    "images": {
      "small": "https://images.pokemontcg.io/base2/34.png",
      "large": "https://images.pokemontcg.io/base2/34_hires.png"
    }
  },
  {
    "id": "base2-35",
    "name": "Exeggutor",
    "supertype": "Pokémon",
    "subtypes": [
      "Stage 1"
    ],
    "level": "35",
    "hp": "80",
    "types": [
      "Grass"
    ],
    "evolvesFrom": "Exeggcute",
    "attacks": [
      {
        "name": "Teleport",
        "cost": [
          "Psychic"
        ],
        "convertedEnergyCost": 1,
        "damage": "",
        "text": "Switch Exeggutor with 1 of your Benched Pokémon."
      },
      {
        "name": "Big Eggsplosion",
        "cost": [
          "Colorless"
        ],
        "convertedEnergyCost": 1,
        "damage": "20×",
        "text": "Flip a number of coins equal to the number of Energy attached to Exeggutor. This attack does 20 damage times the number of heads."
      }
    ],
    "weaknesses": [
      {
        "type": "Fire",
        "value": "×2"
      }
    ],
    "retreatCost": [
      "Colorless",
      "Colorless",
      "Colorless"
    ],
    "convertedRetreatCost": 3,
    "number": "35",
    "artist": "Kagemaru Himeno",
    "rarity": "Uncommon",
    "flavorText": "Legend has it that on rare occasions, one of its heads will drop off and continue on as an Exeggcute.",
    "nationalPokedexNumbers": [
      103
    ],
    "legalities": {
      "unlimited": "Legal"
    },
    "images": {
      "small": "https://images.pokemontcg.io/base2/35.png",
      "large": "https://images.pokemontcg.io/base2/35_hires.png"
    }
  },
  {
    "id": "base2-36",
    "name": "Fearow",
    "supertype": "Pokémon",
    "subtypes": [
      "Stage 1"
    ],
    "level": "27",
    "hp": "70",
    "types": [
      "Colorless"
    ],
    "evolvesFrom": "Spearow",
    "attacks": [
      {
        "name": "Agility",
        "cost": [
          "Colorless",
          "Colorless",
          "Colorless"
        ],
        "convertedEnergyCost": 3,
        "damage": "20",
        "text": "Flip a coin. If heads, during your opponent's next turn, prevent all effects of attacks, including damage, done to Fearow."
      },
      {
        "name": "Drill Peck",
        "cost": [
          "Colorless",
          "Colorless",
          "Colorless",
          "Colorless"
        ],
        "convertedEnergyCost": 4,
        "damage": "40",
        "text": ""
      }
    ],
    "weaknesses": [
      {
        "type": "Lightning",
        "value": "×2"
      }
    ],
    "resistances": [
      {
        "type": "Fighting",
        "value": "-30"
      }
    ],
    "number": "36",
    "artist": "Mitsuhiro Arita",
    "rarity": "Uncommon",
    "flavorText": "With its huge and magnificent wings, it can keep aloft without ever having to land for rest.",
    "nationalPokedexNumbers": [
      22
    ],
    "legalities": {
      "unlimited": "Legal"
    },
    "images": {
      "small": "https://images.pokemontcg.io/base2/36.png",
      "large": "https://images.pokemontcg.io/base2/36_hires.png"
    }
  },
  {
    "id": "base2-37",
    "name": "Gloom",
    "supertype": "Pokémon",
    "subtypes": [
      "Stage 1"
    ],
    "level": "35",
    "hp": "60",
    "types": [
      "Grass"
    ],
    "evolvesFrom": "Oddish",
    "evolvesTo": [
      "Vileplume",
      "Bellossom"
    ],
    "attacks": [
      {
        "name": "Poisonpowder",
        "cost": [
          "Grass"
        ],
        "convertedEnergyCost": 1,
        "damage": "",
        "text": "The Defending Pokémon is now Poisoned."
      },
      {
        "name": "Foul Odor",
        "cost": [
          "Grass",
          "Grass"
        ],
        "convertedEnergyCost": 2,
        "damage": "20",
        "text": "Both the Defending Pokémon and Gloom are now Confused (after doing damage)."
      }
    ],
    "weaknesses": [
      {
        "type": "Fire",
        "value": "×2"
      }
    ],
    "retreatCost": [
      "Colorless"
    ],
    "convertedRetreatCost": 1,
    "number": "37",
    "artist": "Keiji Kinebuchi",
    "rarity": "Uncommon",
    "flavorText": "The fluid that oozes from its mouth isn't drool; it is a nectar that is used to attract prey.",
    "nationalPokedexNumbers": [
      44
    ],
    "legalities": {
      "unlimited": "Legal"
    },
    "images": {
      "small": "https://images.pokemontcg.io/base2/37.png",
      "large": "https://images.pokemontcg.io/base2/37_hires.png"
    }
  },
  {
    "id": "base2-38",
    "name": "Lickitung",
    "supertype": "Pokémon",
    "subtypes": [
      "Basic"
    ],
    "level": "10",
    "hp": "90",
    "types": [
      "Colorless"
    ],
    "evolvesTo": [
      "Lickilicky"
    ],
    "attacks": [
      {
        "name": "Tongue Wrap",
        "cost": [
          "Colorless"
        ],
        "convertedEnergyCost": 1,
        "damage": "10",
        "text": "Flip a coin. If heads, the Defending Pokémon is now Paralyzed."
      },
      {
        "name": "Supersonic",
        "cost": [
          "Colorless",
          "Colorless"
        ],
        "convertedEnergyCost": 2,
        "damage": "",
        "text": "Flip a coin. If heads, the Defending Pokémon is now Confused."
      }
    ],
    "weaknesses": [
      {
        "type": "Fighting",
        "value": "×2"
      }
    ],
    "resistances": [
      {
        "type": "Psychic",
        "value": "-30"
      }
    ],
    "retreatCost": [
      "Colorless",
      "Colorless",
      "Colorless"
    ],
    "convertedRetreatCost": 3,
    "number": "38",
    "artist": "Mitsuhiro Arita",
    "rarity": "Uncommon",
    "flavorText": "Its tongue can be extended like a chameleon's. It leaves a stinging sensation when it licks enemies.",
    "nationalPokedexNumbers": [
      108
    ],
    "legalities": {
      "unlimited": "Legal"
    },
    "images": {
      "small": "https://images.pokemontcg.io/base2/38.png",
      "large": "https://images.pokemontcg.io/base2/38_hires.png"
    }
  },
  {
    "id": "base2-39",
    "name": "Marowak",
    "supertype": "Pokémon",
    "subtypes": [
      "Stage 1"
    ],
    "level": "26",
    "hp": "60",
    "types": [
      "Fighting"
    ],
    "evolvesFrom": "Cubone",
    "attacks": [
      {
        "name": "Bonemerang",
        "cost": [
          "Fighting",
          "Fighting"
        ],
        "convertedEnergyCost": 2,
        "damage": "30×",
        "text": "Flip 2 coins. This attack does 30 damage times the number of heads."
      },
      {
        "name": "Call for Friend",
        "cost": [
          "Fighting",
          "Fighting",
          "Colorless"
        ],
        "convertedEnergyCost": 3,
        "damage": "",
        "text": "Search your deck for a Fighting Basic Pokémon card and put it onto your Bench. Shuffle your deck afterward. (You can't use this attack if your Bench is full.)"
      }
    ],
    "weaknesses": [
      {
        "type": "Grass",
        "value": "×2"
      }
    ],
    "resistances": [
      {
        "type": "Lightning",
        "value": "-30"
      }
    ],
    "retreatCost": [
      "Colorless"
    ],
    "convertedRetreatCost": 1,
    "number": "39",
    "artist": "Mitsuhiro Arita",
    "rarity": "Uncommon",
    "flavorText": "The bone it holds is its key weapon. It throws the bone skillfully like a boomerang to K.O. targets.",
    "nationalPokedexNumbers": [
      105
    ],
    "legalities": {
      "unlimited": "Legal"
    },
    "images": {
      "small": "https://images.pokemontcg.io/base2/39.png",
      "large": "https://images.pokemontcg.io/base2/39_hires.png"
    }
  },
  {
    "id": "base2-40",
    "name": "Nidorina",
    "supertype": "Pokémon",
    "subtypes": [
      "Stage 1"
    ],
    "level": "24",
    "hp": "70",
    "types": [
      "Grass"
    ],
    "evolvesFrom": "Nidoran ♀",
    "evolvesTo": [
      "Nidoqueen"
    ],
    "attacks": [
      {
        "name": "Supersonic",
        "cost": [
          "Grass"
        ],
        "convertedEnergyCost": 1,
        "damage": "",
        "text": "Flip a coin. If heads, the Defending Pokémon is now Confused."
      },
      {
        "name": "Double Kick",
        "cost": [
          "Grass",
          "Colorless",
          "Colorless"
        ],
        "convertedEnergyCost": 3,
        "damage": "30×",
        "text": "Flip 2 coins. This attack does 30 damage times the number of heads."
      }
    ],
    "weaknesses": [
      {
        "type": "Psychic",
        "value": "×2"
      }
    ],
    "retreatCost": [
      "Colorless"
    ],
    "convertedRetreatCost": 1,
    "number": "40",
    "artist": "Ken Sugimori",
    "rarity": "Uncommon",
    "flavorText": "The female's horn develops slowly. Prefers physical attacks such as clawing and biting.",
    "nationalPokedexNumbers": [
      30
    ],
    "legalities": {
      "unlimited": "Legal"
    },
    "images": {
      "small": "https://images.pokemontcg.io/base2/40.png",
      "large": "https://images.pokemontcg.io/base2/40_hires.png"
    }
  },
  {
    "id": "base2-41",
    "name": "Parasect",
    "supertype": "Pokémon",
    "subtypes": [
      "Stage 1"
    ],
    "level": "28",
    "hp": "60",
    "types": [
      "Grass"
    ],
    "evolvesFrom": "Paras",
    "attacks": [
      {
        "name": "Spore",
        "cost": [
          "Grass",
          "Grass"
        ],
        "convertedEnergyCost": 2,
        "damage": "",
        "text": "The Defending Pokémon is now Asleep."
      },
      {
        "name": "Slash",
        "cost": [
          "Colorless",
          "Colorless",
          "Colorless"
        ],
        "convertedEnergyCost": 3,
        "damage": "30",
        "text": ""
      }
    ],
    "weaknesses": [
      {
        "type": "Fire",
        "value": "×2"
      }
    ],
    "retreatCost": [
      "Colorless"
    ],
    "convertedRetreatCost": 1,
    "number": "41",
    "artist": "Ken Sugimori",
    "rarity": "Uncommon",
    "flavorText": "A host-parasite pair in which the parasite mushroom has taken over the host bug. Prefers damp places.",
    "nationalPokedexNumbers": [
      47
    ],
    "legalities": {
      "unlimited": "Legal"
    },
    "images": {
      "small": "https://images.pokemontcg.io/base2/41.png",
      "large": "https://images.pokemontcg.io/base2/41_hires.png"
    }
  },
  {
    "id": "base2-42",
    "name": "Persian",
    "supertype": "Pokémon",
    "subtypes": [
      "Stage 1"
    ],
    "level": "25",
    "hp": "70",
    "types": [
      "Colorless"
    ],
    "evolvesFrom": "Meowth",
    "attacks": [
      {
        "name": "Scratch",
        "cost": [
          "Colorless",
          "Colorless"
        ],
        "convertedEnergyCost": 2,
        "damage": "20",
        "text": ""
      },
      {
        "name": "Pounce",
        "cost": [
          "Colorless",
          "Colorless",
          "Colorless"
        ],
        "convertedEnergyCost": 3,
        "damage": "30",
        "text": "If the Defending Pokémon attacks Persian during your next turn, any damage done by the attack is reduced by 10 (after applying Weakness and Resistance). (Benching either Pokémon ends this effect.)"
      }
    ],
    "weaknesses": [
      {
        "type": "Fighting",
        "value": "×2"
      }
    ],
    "resistances": [
      {
        "type": "Psychic",
        "value": "-30"
      }
    ],
    "number": "42",
    "artist": "Kagemaru Himeno",
    "rarity": "Uncommon",
    "flavorText": "Although its fur has many admirers, it is tough to raise as a pet because of its fickle meanness.",
    "nationalPokedexNumbers": [
      53
    ],
    "legalities": {
      "unlimited": "Legal"
    },
    "images": {
      "small": "https://images.pokemontcg.io/base2/42.png",
      "large": "https://images.pokemontcg.io/base2/42_hires.png"
    }
  },
  {
    "id": "base2-43",
    "name": "Primeape",
    "supertype": "Pokémon",
    "subtypes": [
      "Stage 1"
    ],
    "level": "45",
    "hp": "70",
    "types": [
      "Fighting"
    ],
    "evolvesFrom": "Mankey",
    "attacks": [
      {
        "name": "Fury Swipes",
        "cost": [
          "Fighting",
          "Fighting"
        ],
        "convertedEnergyCost": 2,
        "damage": "20×",
        "text": "Flip 3 coins. This attack does 20 damage times the number of heads."
      },
      {
        "name": "Tantrum",
        "cost": [
          "Fighting",
          "Fighting",
          "Colorless"
        ],
        "convertedEnergyCost": 3,
        "damage": "50",
        "text": "Flip a coin. If tails, Primeape is now Confused (after doing damage)."
      }
    ],
    "weaknesses": [
      {
        "type": "Psychic",
        "value": "×2"
      }
    ],
    "retreatCost": [
      "Colorless"
    ],
    "convertedRetreatCost": 1,
    "number": "43",
    "artist": "Kagemaru Himeno",
    "rarity": "Uncommon",
    "flavorText": "Always furious and tenacious to boot. It will not abandon chasing its quarry until its quarry is caught.",
    "nationalPokedexNumbers": [
      57
    ],
    "legalities": {
      "unlimited": "Legal"
    },
    "images": {
      "small": "https://images.pokemontcg.io/base2/43.png",
      "large": "https://images.pokemontcg.io/base2/43_hires.png"
    }
  },
  {
    "id": "base2-44",
    "name": "Rapidash",
    "supertype": "Pokémon",
    "subtypes": [
      "Stage 1"
    ],
    "level": "33",
    "hp": "70",
    "types": [
      "Fire"
    ],
    "evolvesFrom": "Ponyta",
    "attacks": [
      {
        "name": "Stomp",
        "cost": [
          "Colorless",
          "Colorless"
        ],
        "convertedEnergyCost": 2,
        "damage": "20+",
        "text": "Flip a coin. If heads, this attack does 20 damage plus 10 more damage; if tails, this attack does 20 damage."
      },
      {
        "name": "Agility",
        "cost": [
          "Fire",
          "Fire",
          "Colorless"
        ],
        "convertedEnergyCost": 3,
        "damage": "30",
        "text": "Flip a coin. If heads, during your opponent's next turn, prevent all effects of attacks, including damage, done to Rapidash."
      }
    ],
    "weaknesses": [
      {
        "type": "Water",
        "value": "×2"
      }
    ],
    "number": "44",
    "artist": "Mitsuhiro Arita",
    "rarity": "Uncommon",
    "flavorText": "Very competitive, this Pokémon will chase anything that moves fast in the hopes of racing it.",
    "nationalPokedexNumbers": [
      78
    ],
    "legalities": {
      "unlimited": "Legal"
    },
    "images": {
      "small": "https://images.pokemontcg.io/base2/44.png",
      "large": "https://images.pokemontcg.io/base2/44_hires.png"
    }
  },
  {
    "id": "base2-45",
    "name": "Rhydon",
    "supertype": "Pokémon",
    "subtypes": [
      "Stage 1"
    ],
    "level": "48",
    "hp": "100",
    "types": [
      "Fighting"
    ],
    "evolvesFrom": "Rhyhorn",
    "evolvesTo": [
      "Rhyperior"
    ],
    "attacks": [
      {
        "name": "Horn Attack",
        "cost": [
          "Fighting",
          "Colorless",
          "Colorless"
        ],
        "convertedEnergyCost": 3,
        "damage": "30",
        "text": ""
      },
      {
        "name": "Ram",
        "cost": [
          "Fighting",
          "Fighting",
          "Fighting",
          "Fighting"
        ],
        "convertedEnergyCost": 4,
        "damage": "50",
        "text": "Rhydon does 20 damage to itself. If your opponent has any Benched Pokémon, he or she chooses 1 of them and switches it with the Defending Pokémon. (Do the damage before switching the Pokémon. Switch the Pokémon even if Rhydon is knocked out.)"
      }
    ],
    "weaknesses": [
      {
        "type": "Grass",
        "value": "×2"
      }
    ],
    "resistances": [
      {
        "type": "Lightning",
        "value": "-30"
      }
    ],
    "retreatCost": [
      "Colorless",
      "Colorless",
      "Colorless"
    ],
    "convertedRetreatCost": 3,
    "number": "45",
    "artist": "Kagemaru Himeno",
    "rarity": "Uncommon",
    "flavorText": "Protected by an armor-like hide, it is capable of living in molten lava of 3600 degrees.",
    "nationalPokedexNumbers": [
      112
    ],
    "legalities": {
      "unlimited": "Legal"
    },
    "images": {
      "small": "https://images.pokemontcg.io/base2/45.png",
      "large": "https://images.pokemontcg.io/base2/45_hires.png"
    }
  },
  {
    "id": "base2-46",
    "name": "Seaking",
    "supertype": "Pokémon",
    "subtypes": [
      "Stage 1"
    ],
    "level": "28",
    "hp": "70",
    "types": [
      "Water"
    ],
    "evolvesFrom": "Goldeen",
    "attacks": [
      {
        "name": "Horn Attack",
        "cost": [
          "Water"
        ],
        "convertedEnergyCost": 1,
        "damage": "10",
        "text": ""
      },
      {
        "name": "Waterfall",
        "cost": [
          "Water",
          "Colorless"
        ],
        "convertedEnergyCost": 2,
        "damage": "30",
        "text": ""
      }
    ],
    "weaknesses": [
      {
        "type": "Lightning",
        "value": "×2"
      }
    ],
    "retreatCost": [
      "Colorless"
    ],
    "convertedRetreatCost": 1,
    "number": "46",
    "artist": "Kagemaru Himeno",
    "rarity": "Uncommon",
    "flavorText": "In the autumn spawning season, they can be seen swimming powerfully up rivers and creeks.",
    "nationalPokedexNumbers": [
      119
    ],
    "legalities": {
      "unlimited": "Legal"
    },
    "images": {
      "small": "https://images.pokemontcg.io/base2/46.png",
      "large": "https://images.pokemontcg.io/base2/46_hires.png"
    }
  },
  {
    "id": "base2-47",
    "name": "Tauros",
    "supertype": "Pokémon",
    "subtypes": [
      "Basic"
    ],
    "level": "24",
    "hp": "60",
    "types": [
      "Colorless"
    ],
    "attacks": [
      {
        "name": "Stomp",
        "cost": [
          "Colorless",
          "Colorless"
        ],
        "convertedEnergyCost": 2,
        "damage": "20+",
        "text": "Flip a coin. If heads, this attack does 20 damage plus 10 more damage; if tails, this attack does 20 damage."
      },
      {
        "name": "Rampage",
        "cost": [
          "Colorless",
          "Colorless",
          "Colorless"
        ],
        "convertedEnergyCost": 3,
        "damage": "20+",
        "text": "Does 20 damage plus 10 more damage for each damage counter on Tauros. Flip a coin. If tails, Tauros is now Confused (after doing damage)."
      }
    ],
    "weaknesses": [
      {
        "type": "Fighting",
        "value": "×2"
      }
    ],
    "resistances": [
      {
        "type": "Psychic",
        "value": "-30"
      }
    ],
    "retreatCost": [
      "Colorless",
      "Colorless"
    ],
    "convertedRetreatCost": 2,
    "number": "47",
    "artist": "Kagemaru Himeno",
    "rarity": "Uncommon",
    "flavorText": "When it targets an enemy, it charges furiously while whipping its body with its long tails.",
    "nationalPokedexNumbers": [
      128
    ],
    "legalities": {
      "unlimited": "Legal"
    },
    "images": {
      "small": "https://images.pokemontcg.io/base2/47.png",
      "large": "https://images.pokemontcg.io/base2/47_hires.png"
    }
  },
  {
    "id": "base2-48",
    "name": "Weepinbell",
    "supertype": "Pokémon",
    "subtypes": [
      "Stage 1"
    ],
    "level": "28",
    "hp": "70",
    "types": [
      "Grass"
    ],
    "evolvesFrom": "Bellsprout",
    "evolvesTo": [
      "Victreebel"
    ],
    "attacks": [
      {
        "name": "Poisonpowder",
        "cost": [
          "Grass"
        ],
        "convertedEnergyCost": 1,
        "damage": "10",
        "text": "Flip a coin. If heads, the Defending Pokémon is now Poisoned."
      },
      {
        "name": "Razor Leaf",
        "cost": [
          "Grass",
          "Grass"
        ],
        "convertedEnergyCost": 2,
        "damage": "30",
        "text": ""
      }
    ],
    "weaknesses": [
      {
        "type": "Fire",
        "value": "×2"
      }
    ],
    "retreatCost": [
      "Colorless"
    ],
    "convertedRetreatCost": 1,
    "number": "48",
    "artist": "Kagemaru Himeno",
    "rarity": "Uncommon",
    "flavorText": "It spits out poisonpowder to immobilize the enemy, and then finishes the enemy with a spray of acid.",
    "nationalPokedexNumbers": [
      70
    ],
    "legalities": {
      "unlimited": "Legal"
    },
    "images": {
      "small": "https://images.pokemontcg.io/base2/48.png",
      "large": "https://images.pokemontcg.io/base2/48_hires.png"
    }
  },
  {
    "id": "base2-49",
    "name": "Bellsprout",
    "supertype": "Pokémon",
    "subtypes": [
      "Basic"
    ],
    "level": "11",
    "hp": "40",
    "types": [
      "Grass"
    ],
    "evolvesTo": [
      "Weepinbell"
    ],
    "attacks": [
      {
        "name": "Vine Whip",
        "cost": [
          "Grass"
        ],
        "convertedEnergyCost": 1,
        "damage": "10",
        "text": ""
      },
      {
        "name": "Call for Family",
        "cost": [
          "Grass"
        ],
        "convertedEnergyCost": 1,
        "damage": "",
        "text": "Search your deck for a Basic Pokémon named Bellsprout and put it onto your Bench. Shuffle your deck afterward. (You can't use this attack if your Bench is full.)"
      }
    ],
    "weaknesses": [
      {
        "type": "Fire",
        "value": "×2"
      }
    ],
    "retreatCost": [
      "Colorless"
    ],
    "convertedRetreatCost": 1,
    "number": "49",
    "artist": "Kagemaru Himeno",
    "rarity": "Common",
    "flavorText": "A carniverous Pokémon that traps and eats bugs. It uses its root feet to soak up needed moisture.",
    "nationalPokedexNumbers": [
      69
    ],
    "legalities": {
      "unlimited": "Legal"
    },
    "images": {
      "small": "https://images.pokemontcg.io/base2/49.png",
      "large": "https://images.pokemontcg.io/base2/49_hires.png"
    }
  },
  {
    "id": "base2-50",
    "name": "Cubone",
    "supertype": "Pokémon",
    "subtypes": [
      "Basic"
    ],
    "level": "13",
    "hp": "40",
    "types": [
      "Fighting"
    ],
    "evolvesTo": [
      "Marowak"
    ],
    "attacks": [
      {
        "name": "Snivel",
        "cost": [
          "Colorless"
        ],
        "convertedEnergyCost": 1,
        "damage": "",
        "text": "If the Defending Pokémon attacks Cubone during your opponent's next turn, any damage done by the attack is reduced by 20 (after applying Weakness and Resistance). (Benching either Pokémon ends this effect.)"
      },
      {
        "name": "Rage",
        "cost": [
          "Fighting",
          "Fighting"
        ],
        "convertedEnergyCost": 2,
        "damage": "10+",
        "text": "Does 10 damage plus 10 more damage for each damage counter on Cubone."
      }
    ],
    "weaknesses": [
      {
        "type": "Grass",
        "value": "×2"
      }
    ],
    "resistances": [
      {
        "type": "Lightning",
        "value": "-30"
      }
    ],
    "retreatCost": [
      "Colorless"
    ],
    "convertedRetreatCost": 1,
    "number": "50",
    "artist": "Mitsuhiro Arita",
    "rarity": "Common",
    "flavorText": "Because it never removes its skull helmet, no one has ever seen this Pokémon's real face.",
    "nationalPokedexNumbers": [
      104
    ],
    "legalities": {
      "unlimited": "Legal"
    },
    "images": {
      "small": "https://images.pokemontcg.io/base2/50.png",
      "large": "https://images.pokemontcg.io/base2/50_hires.png"
    }
  },
  {
    "id": "base2-51",
    "name": "Eevee",
    "supertype": "Pokémon",
    "subtypes": [
      "Basic"
    ],
    "level": "12",
    "hp": "50",
    "types": [
      "Colorless"
    ],
    "evolvesTo": [
      "Vaporeon",
      "Jolteon",
      "Flareon",
      "Sylveon",
      "Espeon",
      "Umbreon",
      "Leafeon",
      "Glaceon"
    ],
    "attacks": [
      {
        "name": "Tail Wag",
        "cost": [
          "Colorless"
        ],
        "convertedEnergyCost": 1,
        "damage": "",
        "text": "Flip a coin. If heads, the Defending Pokémon can't attack Eevee during your opponent's next turn. (Benching either Pokémon ends this effect.)"
      },
      {
        "name": "Quick Attack",
        "cost": [
          "Colorless",
          "Colorless"
        ],
        "convertedEnergyCost": 2,
        "damage": "10+",
        "text": "Flip a coin. If heads, this attack does 10 damage plus 20 more damage; if tails, this attack does 10 damage."
      }
    ],
    "weaknesses": [
      {
        "type": "Fighting",
        "value": "×2"
      }
    ],
    "resistances": [
      {
        "type": "Psychic",
        "value": "-30"
      }
    ],
    "retreatCost": [
      "Colorless"
    ],
    "convertedRetreatCost": 1,
    "number": "51",
    "artist": "Kagemaru Himeno",
    "rarity": "Common",
    "flavorText": "Its genetic code is irregular. It may mutate if it is exposed to radiation from elemental stones.",
    "nationalPokedexNumbers": [
      133
    ],
    "legalities": {
      "unlimited": "Legal"
    },
    "images": {
      "small": "https://images.pokemontcg.io/base2/51.png",
      "large": "https://images.pokemontcg.io/base2/51_hires.png"
    }
  },
  {
    "id": "base2-52",
    "name": "Exeggcute",
    "supertype": "Pokémon",
    "subtypes": [
      "Basic"
    ],
    "level": "14",
    "hp": "50",
    "types": [
      "Grass"
    ],
    "evolvesTo": [
      "Exeggutor"
    ],
    "attacks": [
      {
        "name": "Hypnosis",
        "cost": [
          "Psychic"
        ],
        "convertedEnergyCost": 1,
        "damage": "",
        "text": "The Defending Pokémon is now Asleep."
      },
      {
        "name": "Leech Seed",
        "cost": [
          "Grass",
          "Grass"
        ],
        "convertedEnergyCost": 2,
        "damage": "20",
        "text": "Unless all damage from this attack is prevented, you may remove 1 damage counter from Exeggcute."
      }
    ],
    "weaknesses": [
      {
        "type": "Fire",
        "value": "×2"
      }
    ],
    "retreatCost": [
      "Colorless"
    ],
    "convertedRetreatCost": 1,
    "number": "52",
    "artist": "Mitsuhiro Arita",
    "rarity": "Common",
    "flavorText": "Often mistaken for eggs. When disturbed, they quickly gather and attack in swarms.",
    "nationalPokedexNumbers": [
      102
    ],
    "legalities": {
      "unlimited": "Legal"
    },
    "images": {
      "small": "https://images.pokemontcg.io/base2/52.png",
      "large": "https://images.pokemontcg.io/base2/52_hires.png"
    }
  },
  {
    "id": "base2-53",
    "name": "Goldeen",
    "supertype": "Pokémon",
    "subtypes": [
      "Basic"
    ],
    "level": "12",
    "hp": "40",
    "types": [
      "Water"
    ],
    "evolvesTo": [
      "Seaking"
    ],
    "attacks": [
      {
        "name": "Horn Attack",
        "cost": [
          "Water"
        ],
        "convertedEnergyCost": 1,
        "damage": "10",
        "text": ""
      }
    ],
    "weaknesses": [
      {
        "type": "Lightning",
        "value": "×2"
      }
    ],
    "number": "53",
    "artist": "Kagemaru Himeno",
    "rarity": "Common",
    "flavorText": "Its tail fin billows like an elegant ballroom dress, giving it the nickname “Water Queen.”",
    "nationalPokedexNumbers": [
      118
    ],
    "legalities": {
      "unlimited": "Legal"
    },
    "images": {
      "small": "https://images.pokemontcg.io/base2/53.png",
      "large": "https://images.pokemontcg.io/base2/53_hires.png"
    }
  },
  {
    "id": "base2-54",
    "name": "Jigglypuff",
    "supertype": "Pokémon",
    "subtypes": [
      "Basic"
    ],
    "level": "14",
    "hp": "60",
    "types": [
      "Colorless"
    ],
    "evolvesTo": [
      "Wigglytuff"
    ],
    "attacks": [
      {
        "name": "Lullaby",
        "cost": [
          "Colorless"
        ],
        "convertedEnergyCost": 1,
        "damage": "",
        "text": "The Defending Pokémon is now Asleep."
      },
      {
        "name": "Pound",
        "cost": [
          "Colorless",
          "Colorless"
        ],
        "convertedEnergyCost": 2,
        "damage": "20",
        "text": ""
      }
    ],
    "weaknesses": [
      {
        "type": "Fighting",
        "value": "×2"
      }
    ],
    "resistances": [
      {
        "type": "Psychic",
        "value": "-30"
      }
    ],
    "retreatCost": [
      "Colorless"
    ],
    "convertedRetreatCost": 1,
    "number": "54",
    "artist": "Kagemaru Himeno",
    "rarity": "Common",
    "flavorText": "When its huge eyes light up, it sings a mysteriously soothing melody that lulls its enemies to sleep.",
    "nationalPokedexNumbers": [
      39
    ],
    "legalities": {
      "unlimited": "Legal"
    },
    "images": {
      "small": "https://images.pokemontcg.io/base2/54.png",
      "large": "https://images.pokemontcg.io/base2/54_hires.png"
    }
  },
  {
    "id": "base2-55",
    "name": "Mankey",
    "supertype": "Pokémon",
    "subtypes": [
      "Basic"
    ],
    "level": "7",
    "hp": "30",
    "types": [
      "Fighting"
    ],
    "evolvesTo": [
      "Primeape"
    ],
    "abilities": [
      {
        "name": "Peek",
        "text": "Once during your turn (before your attack), you may look at one of the following: the top card of either player's deck, a random card from your opponent's hand, or one of either player's Prizes. This power can't be used if Mankey is Asleep, Confused, or Paralyzed.",
        "type": "Pokémon Power"
      }
    ],
    "attacks": [
      {
        "name": "Scratch",
        "cost": [
          "Colorless"
        ],
        "convertedEnergyCost": 1,
        "damage": "10",
        "text": ""
      }
    ],
    "weaknesses": [
      {
        "type": "Psychic",
        "value": "×2"
      }
    ],
    "number": "55",
    "artist": "Kagemaru Himeno",
    "rarity": "Common",
    "flavorText": "Extremely quick to anger. It could be docile one moment, then thrashing away the next.",
    "nationalPokedexNumbers": [
      56
    ],
    "legalities": {
      "unlimited": "Legal"
    },
    "images": {
      "small": "https://images.pokemontcg.io/base2/55.png",
      "large": "https://images.pokemontcg.io/base2/55_hires.png"
    }
  },
  {
    "id": "base2-56",
    "name": "Meowth",
    "supertype": "Pokémon",
    "subtypes": [
      "Basic"
    ],
    "level": "15",
    "hp": "50",
    "types": [
      "Colorless"
    ],
    "evolvesTo": [
      "Persian"
    ],
    "attacks": [
      {
        "name": "Pay Day",
        "cost": [
          "Colorless",
          "Colorless"
        ],
        "convertedEnergyCost": 2,
        "damage": "10",
        "text": "Flip a coin. If heads, draw a card."
      }
    ],
    "weaknesses": [
      {
        "type": "Fighting",
        "value": "×2"
      }
    ],
    "resistances": [
      {
        "type": "Psychic",
        "value": "-30"
      }
    ],
    "retreatCost": [
      "Colorless"
    ],
    "convertedRetreatCost": 1,
    "number": "56",
    "artist": "Mitsuhiro Arita",
    "rarity": "Common",
    "flavorText": "Adores circular objects. Wanders the streets on a nightly basis to look for dropped loose change.",
    "nationalPokedexNumbers": [
      52
    ],
    "legalities": {
      "unlimited": "Legal"
    },
    "images": {
      "small": "https://images.pokemontcg.io/base2/56.png",
      "large": "https://images.pokemontcg.io/base2/56_hires.png"
    }
  },
  {
    "id": "base2-57",
    "name": "Nidoran ♀",
    "supertype": "Pokémon",
    "subtypes": [
      "Basic"
    ],
    "level": "13",
    "hp": "60",
    "types": [
      "Grass"
    ],
    "evolvesTo": [
      "Nidorina"
    ],
    "attacks": [
      {
        "name": "Fury Swipes",
        "cost": [
          "Grass"
        ],
        "convertedEnergyCost": 1,
        "damage": "10×",
        "text": "Flip 3 coins. This attack does 10 damage times the number of heads."
      },
      {
        "name": "Call for Family",
        "cost": [
          "Grass",
          "Grass"
        ],
        "convertedEnergyCost": 2,
        "damage": "",
        "text": "Search your deck for a Basic Pokémon named Nidoran ♂ or Nidoran ♀ and put it onto your Bench. Shuffle your deck afterward. (You can't use this attack if your Bench is full.)"
      }
    ],
    "weaknesses": [
      {
        "type": "Psychic",
        "value": "×2"
      }
    ],
    "retreatCost": [
      "Colorless"
    ],
    "convertedRetreatCost": 1,
    "number": "57",
    "artist": "Ken Sugimori",
    "rarity": "Common",
    "flavorText": "Although small, its venomous barbs make this Pokémon dangerous. The female has smaller horns.",
    "nationalPokedexNumbers": [
      29
    ],
    "legalities": {
      "unlimited": "Legal"
    },
    "images": {
      "small": "https://images.pokemontcg.io/base2/57.png",
      "large": "https://images.pokemontcg.io/base2/57_hires.png"
    }
  },
  {
    "id": "base2-58",
    "name": "Oddish",
    "supertype": "Pokémon",
    "subtypes": [
      "Basic"
    ],
    "level": "8",
    "hp": "50",
    "types": [
      "Grass"
    ],
    "evolvesTo": [
      "Gloom"
    ],
    "attacks": [
      {
        "name": "Stun Spore",
        "cost": [
          "Grass"
        ],
        "convertedEnergyCost": 1,
        "damage": "10",
        "text": "Flip a coin. If heads, the Defending Pokémon is now Paralyzed."
      },
      {
        "name": "Sprout",
        "cost": [
          "Grass",
          "Grass"
        ],
        "convertedEnergyCost": 2,
        "damage": "",
        "text": "Search your deck for a Basic Pokémon named Oddish and put it onto your Bench. Shuffle your deck afterward. (You can't use this attack if your Bench is full.)"
      }
    ],
    "weaknesses": [
      {
        "type": "Fire",
        "value": "×2"
      }
    ],
    "retreatCost": [
      "Colorless"
    ],
    "convertedRetreatCost": 1,
    "number": "58",
    "artist": "Keiji Kinebuchi",
    "rarity": "Common",
    "flavorText": "During the day, it keeps its face buried in the ground. At night, it wanders around sowing its seeds.",
    "nationalPokedexNumbers": [
      43
    ],
    "legalities": {
      "unlimited": "Legal"
    },
    "images": {
      "small": "https://images.pokemontcg.io/base2/58.png",
      "large": "https://images.pokemontcg.io/base2/58_hires.png"
    }
  },
  {
    "id": "base2-59",
    "name": "Paras",
    "supertype": "Pokémon",
    "subtypes": [
      "Basic"
    ],
    "level": "8",
    "hp": "40",
    "types": [
      "Grass"
    ],
    "evolvesTo": [
      "Parasect"
    ],
    "attacks": [
      {
        "name": "Scratch",
        "cost": [
          "Colorless",
          "Colorless"
        ],
        "convertedEnergyCost": 2,
        "damage": "20",
        "text": ""
      },
      {
        "name": "Spore",
        "cost": [
          "Grass",
          "Grass"
        ],
        "convertedEnergyCost": 2,
        "damage": "",
        "text": "The Defending Pokémon is now Asleep."
      }
    ],
    "weaknesses": [
      {
        "type": "Fire",
        "value": "×2"
      }
    ],
    "retreatCost": [
      "Colorless"
    ],
    "convertedRetreatCost": 1,
    "number": "59",
    "artist": "Ken Sugimori",
    "rarity": "Common",
    "flavorText": "Burrows to suck tree roots. The mushrooms on its back grow by drawing nutrients from the bug host.",
    "nationalPokedexNumbers": [
      46
    ],
    "legalities": {
      "unlimited": "Legal"
    },
    "images": {
      "small": "https://images.pokemontcg.io/base2/59.png",
      "large": "https://images.pokemontcg.io/base2/59_hires.png"
    }
  },
  {
    "id": "base2-60",
    "name": "Pikachu",
    "supertype": "Pokémon",
    "subtypes": [
      "Basic"
    ],
    "level": "14",
    "hp": "50",
    "types": [
      "Lightning"
    ],
    "evolvesFrom": "Pichu",
    "evolvesTo": [
      "Raichu"
    ],
    "attacks": [
      {
        "name": "Spark",
        "cost": [
          "Lightning",
          "Lightning"
        ],
        "convertedEnergyCost": 2,
        "damage": "20",
        "text": "If your opponent has any Benched Pokémon, choose 1 of them and this attack does 10 damage to it. (Don't apply Weakness and Resistance for Benched Pokémon.)"
      }
    ],
    "weaknesses": [
      {
        "type": "Fighting",
        "value": "×2"
      }
    ],
    "retreatCost": [
      "Colorless"
    ],
    "convertedRetreatCost": 1,
    "number": "60",
    "artist": "Ken Sugimori",
    "rarity": "Common",
    "flavorText": "When several of these Pokémon gather, their electricity can build and cause lightning storms.",
    "nationalPokedexNumbers": [
      25
    ],
    "legalities": {
      "unlimited": "Legal"
    },
    "images": {
      "small": "https://images.pokemontcg.io/base2/60.png",
      "large": "https://images.pokemontcg.io/base2/60_hires.png"
    }
  },
  {
    "id": "base2-61",
    "name": "Rhyhorn",
    "supertype": "Pokémon",
    "subtypes": [
      "Basic"
    ],
    "level": "18",
    "hp": "70",
    "types": [
      "Fighting"
    ],
    "evolvesTo": [
      "Rhydon"
    ],
    "attacks": [
      {
        "name": "Leer",
        "cost": [
          "Colorless"
        ],
        "convertedEnergyCost": 1,
        "damage": "",
        "text": "Flip a coin. If heads, the Defending Pokémon can't attack Rhyhorn during your opponent's next turn. (Benching either Pokémon ends this effect.)"
      },
      {
        "name": "Horn Attack",
        "cost": [
          "Fighting",
          "Colorless",
          "Colorless"
        ],
        "convertedEnergyCost": 3,
        "damage": "30",
        "text": ""
      }
    ],
    "weaknesses": [
      {
        "type": "Grass",
        "value": "×2"
      }
    ],
    "resistances": [
      {
        "type": "Lightning",
        "value": "-30"
      }
    ],
    "retreatCost": [
      "Colorless",
      "Colorless",
      "Colorless"
    ],
    "convertedRetreatCost": 3,
    "number": "61",
    "artist": "Mitsuhiro Arita",
    "rarity": "Common",
    "flavorText": "Its massive bones are 1,000 times harder than human bones. It can easily knock a trailer flying.",
    "nationalPokedexNumbers": [
      111
    ],
    "legalities": {
      "unlimited": "Legal"
    },
    "images": {
      "small": "https://images.pokemontcg.io/base2/61.png",
      "large": "https://images.pokemontcg.io/base2/61_hires.png"
    }
  },
  {
    "id": "base2-62",
    "name": "Spearow",
    "supertype": "Pokémon",
    "subtypes": [
      "Basic"
    ],
    "level": "13",
    "hp": "50",
    "types": [
      "Colorless"
    ],
    "evolvesTo": [
      "Fearow"
    ],
    "attacks": [
      {
        "name": "Peck",
        "cost": [
          "Colorless"
        ],
        "convertedEnergyCost": 1,
        "damage": "10",
        "text": ""
      },
      {
        "name": "Mirror Move",
        "cost": [
          "Colorless",
          "Colorless",
          "Colorless"
        ],
        "convertedEnergyCost": 3,
        "damage": "",
        "text": "If Spearow was attacked last turn, do the final result of that attack on Spearow to the Defending Pokémon."
      }
    ],
    "weaknesses": [
      {
        "type": "Lightning",
        "value": "×2"
      }
    ],
    "resistances": [
      {
        "type": "Fighting",
        "value": "-30"
      }
    ],
    "number": "62",
    "artist": "Mitsuhiro Arita",
    "rarity": "Common",
    "flavorText": "Eats bugs in grassy areas. It has to flap its short wings at high speeds to stay airborne.",
    "nationalPokedexNumbers": [
      21
    ],
    "legalities": {
      "unlimited": "Legal"
    },
    "images": {
      "small": "https://images.pokemontcg.io/base2/62.png",
      "large": "https://images.pokemontcg.io/base2/62_hires.png"
    }
  },
  {
    "id": "base2-63",
    "name": "Venonat",
    "supertype": "Pokémon",
    "subtypes": [
      "Basic"
    ],
    "level": "12",
    "hp": "40",
    "types": [
      "Grass"
    ],
    "evolvesTo": [
      "Venomoth"
    ],
    "attacks": [
      {
        "name": "Stun Spore",
        "cost": [
          "Grass"
        ],
        "convertedEnergyCost": 1,
        "damage": "10",
        "text": "Flip a coin. If heads, the Defending Pokémon is now Paralyzed."
      },
      {
        "name": "Leech Life",
        "cost": [
          "Grass",
          "Colorless"
        ],
        "convertedEnergyCost": 2,
        "damage": "10",
        "text": "Remove a number of damage counters from Venonat equal to the damage done to the Defending Pokémon (after applying Weakness and Resistance)."
      }
    ],
    "weaknesses": [
      {
        "type": "Fire",
        "value": "×2"
      }
    ],
    "retreatCost": [
      "Colorless"
    ],
    "convertedRetreatCost": 1,
    "number": "63",
    "artist": "Mitsuhiro Arita",
    "rarity": "Common",
    "flavorText": "Lives in the shadows of tall trees where it eats insects. It is attracted by light at night.",
    "nationalPokedexNumbers": [
      48
    ],
    "legalities": {
      "unlimited": "Legal"
    },
    "images": {
      "small": "https://images.pokemontcg.io/base2/63.png",
      "large": "https://images.pokemontcg.io/base2/63_hires.png"
    }
  },
  {
    "id": "base2-64",
    "name": "Poké Ball",
    "supertype": "Trainer",
    "rules": [
      "Flip a coin. If heads, you may search your deck for any Basic Pokémon or Evolution card. Show that card to your opponent, then put it into your hand. Shuffle your deck afterward."
    ],
    "number": "64",
    "artist": "Keiji Kinebuchi",
    "rarity": "Common",
    "legalities": {
      "unlimited": "Legal",
      "standard": "Legal",
      "expanded": "Legal"
    },
    "images": {
      "small": "https://images.pokemontcg.io/base2/64.png",
      "large": "https://images.pokemontcg.io/base2/64_hires.png"
    }
  }
]