[
  {
    "id": "dc1-1",
    "name": "Team Magma's Numel",
    "supertype": "Pokémon",
    "subtypes": [
      "Basic"
    ],
    "hp": "70",
    "types": [
      "Fire"
    ],
    "evolvesTo": [
      "Camerupt"
    ],
    "attacks": [
      {
        "name": "Ember",
        "cost": [
          "Fire",
          "Colorless"
        ],
        "convertedEnergyCost": 2,
        "damage": "30",
        "text": "Discard an Energy attached to this Pokémon."
      }
    ],
    "weaknesses": [
      {
        "type": "Water",
        "value": "×2"
      }
    ],
    "retreatCost": [
      "Colorless",
      "Colorless"
    ],
    "convertedRetreatCost": 2,
    "number": "1",
    "artist": "Akira Komayama",
    "rarity": "Common",
    "flavorText": "No matter how heavy the cargo, we can transport it to our destination with ease, thanks to Numel.",
    "nationalPokedexNumbers": [
      322
    ],
    "legalities": {
      "unlimited": "Legal",
      "expanded": "Legal"
    },
    "images": {
      "small": "https://images.pokemontcg.io/dc1/1.png",
      "large": "https://images.pokemontcg.io/dc1/1_hires.png"
    }
  },
  {
    "id": "dc1-2",
    "name": "Team Magma's Camerupt",
    "supertype": "Pokémon",
    "subtypes": [
      "Stage 1"
    ],
    "hp": "110",
    "types": [
      "Fire"
    ],
    "evolvesFrom": "Team Magma's Numel",
    "abilities": [
      {
        "name": "Burning Draft",
        "text": "Once during your turn (before your attack), you may attach a Fighting or Fire Energy card from your discard pile to this Pokémon.",
        "type": "Ability"
      }
    ],
    "attacks": [
      {
        "name": "Flame Ball",
        "cost": [
          "Fire",
          "Colorless",
          "Colorless"
        ],
        "convertedEnergyCost": 3,
        "damage": "60",
        "text": "Move a basic Energy from this Pokémon to 1 of your Benched Pokémon."
      }
    ],
    "weaknesses": [
      {
        "type": "Water",
        "value": "×2"
      }
    ],
    "retreatCost": [
      "Colorless",
      "Colorless",
      "Colorless"
    ],
    "convertedRetreatCost": 3,
    "number": "2",
    "artist": "Shin Nagasawa",
    "rarity": "Rare Holo",
    "flavorText": "Camerupt, with its strength against fire, played a big role in rescuing team members.",
    "nationalPokedexNumbers": [
      323
    ],
    "legalities": {
      "unlimited": "Legal",
      "expanded": "Legal"
    },
    "images": {
      "small": "https://images.pokemontcg.io/dc1/2.png",
      "large": "https://images.pokemontcg.io/dc1/2_hires.png"
    }
  },
  {
    "id": "dc1-3",
    "name": "Team Aqua's Spheal",
    "supertype": "Pokémon",
    "subtypes": [
      "Basic"
    ],
    "hp": "60",
    "types": [
      "Water"
    ],
    "evolvesTo": [
      "Sealeo"
    ],
    "attacks": [
      {
        "name": "Water Gun",
        "cost": [
          "Water"
        ],
        "convertedEnergyCost": 1,
        "damage": "10",
        "text": ""
      }
    ],
    "weaknesses": [
      {
        "type": "Metal",
        "value": "×2"
      }
    ],
    "retreatCost": [
      "Colorless",
      "Colorless"
    ],
    "convertedRetreatCost": 2,
    "number": "3",
    "artist": "Sanosuke Sakuma",
    "rarity": "Common",
    "flavorText": "Spheal's Water Gun can put out any fire. Flames used by opponents have no effect!",
    "nationalPokedexNumbers": [
      363
    ],
    "legalities": {
      "unlimited": "Legal",
      "expanded": "Legal"
    },
    "images": {
      "small": "https://images.pokemontcg.io/dc1/3.png",
      "large": "https://images.pokemontcg.io/dc1/3_hires.png"
    }
  },
  {
    "id": "dc1-4",
    "name": "Team Aqua's Sealeo",
    "supertype": "Pokémon",
    "subtypes": [
      "Stage 1"
    ],
    "hp": "90",
    "types": [
      "Water"
    ],
    "evolvesFrom": "Team Aqua's Spheal",
    "evolvesTo": [
      "Walrein"
    ],
    "attacks": [
      {
        "name": "Splatter",
        "cost": [
          "Water",
          "Colorless"
        ],
        "convertedEnergyCost": 2,
        "damage": "",
        "text": "This attack does 20 damage to 1 of your opponent's Pokémon. (Don't apply Weakness and Resistance for Benched Pokémon.)"
      },
      {
        "name": "Hail Storm",
        "cost": [
          "Water",
          "Colorless",
          "Colorless"
        ],
        "convertedEnergyCost": 3,
        "damage": "60+",
        "text": "If your opponent's Active Pokémon is a Team Magma Pokémon, this attack does 60 more damage."
      }
    ],
    "weaknesses": [
      {
        "type": "Metal",
        "value": "×2"
      }
    ],
    "retreatCost": [
      "Colorless",
      "Colorless",
      "Colorless"
    ],
    "convertedRetreatCost": 3,
    "number": "4",
    "artist": "Naoki Saito",
    "rarity": "Common",
    "flavorText": "It provides support by making paths of ice. It can win any battle as long as it's on ice.",
    "nationalPokedexNumbers": [
      364
    ],
    "legalities": {
      "unlimited": "Legal",
      "expanded": "Legal"
    },
    "images": {
      "small": "https://images.pokemontcg.io/dc1/4.png",
      "large": "https://images.pokemontcg.io/dc1/4_hires.png"
    }
  },
  {
    "id": "dc1-5",
    "name": "Team Aqua's Walrein",
    "supertype": "Pokémon",
    "subtypes": [
      "Stage 2"
    ],
    "hp": "140",
    "types": [
      "Water"
    ],
    "evolvesFrom": "Team Aqua's Sealeo",
    "attacks": [
      {
        "name": "Power Blow",
        "cost": [
          "Colorless"
        ],
        "convertedEnergyCost": 1,
        "damage": "30×",
        "text": "This attack does 30 damage times the amount of Energy attached to this Pokémon."
      },
      {
        "name": "Dual Blizzard",
        "cost": [
          "Water",
          "Water",
          "Water",
          "Colorless"
        ],
        "convertedEnergyCost": 4,
        "damage": "",
        "text": "Discard 2 Water Energy attached to this Pokémon. This attack does 80 damage to 2 of your opponent's Pokémon. (Don't apply Weakness and Resistance for Benched Pokémon.)"
      }
    ],
    "weaknesses": [
      {
        "type": "Metal",
        "value": "×2"
      }
    ],
    "retreatCost": [
      "Colorless",
      "Colorless",
      "Colorless",
      "Colorless"
    ],
    "convertedRetreatCost": 4,
    "number": "5",
    "artist": "Hitoshi Ariga",
    "rarity": "Rare Holo",
    "flavorText": "It's good at attacks that freeze opponents with a powerful cold snap. Then, it pulverizes a frozen foe with its sharp tusks!",
    "nationalPokedexNumbers": [
      365
    ],
    "legalities": {
      "unlimited": "Legal",
      "expanded": "Legal"
    },
    "images": {
      "small": "https://images.pokemontcg.io/dc1/5.png",
      "large": "https://images.pokemontcg.io/dc1/5_hires.png"
    }
  },
  {
    "id": "dc1-6",
    "name": "Team Aqua's Kyogre-EX",
    "supertype": "Pokémon",
    "subtypes": [
      "Basic",
      "EX"
    ],
    "level": "ex",
    "hp": "190",
    "types": [
      "Water"
    ],
    "rules": [
      "Pokémon-EX rule: When a Pokémon-EX has been Knocked Out, your opponent takes 2 Prize cards."
    ],
    "abilities": [
      {
        "name": "Power Saver",
        "text": "If there are 4 or fewer Team Aqua Pokémon in play, this Pokémon can't attack.",
        "type": "Ability"
      }
    ],
    "attacks": [
      {
        "name": "Aqua Impact",
        "cost": [
          "Water",
          "Water",
          "Water",
          "Colorless"
        ],
        "convertedEnergyCost": 4,
        "damage": "80+",
        "text": "This attack does 20 more damage for each Colorless in your opponent's Active Pokémon's Retreat Cost."
      }
    ],
    "weaknesses": [
      {
        "type": "Grass",
        "value": "×2"
      }
    ],
    "retreatCost": [
      "Colorless",
      "Colorless",
      "Colorless",
      "Colorless"
    ],
    "convertedRetreatCost": 4,
    "number": "6",
    "artist": "nagimiso",
    "rarity": "Rare Ultra",
    "nationalPokedexNumbers": [
      382
    ],
    "legalities": {
      "unlimited": "Legal",
      "expanded": "Legal"
    },
    "images": {
      "small": "https://images.pokemontcg.io/dc1/6.png",
      "large": "https://images.pokemontcg.io/dc1/6_hires.png"
    }
  },
  {
    "id": "dc1-7",
    "name": "Team Aqua's Grimer",
    "supertype": "Pokémon",
    "subtypes": [
      "Basic"
    ],
    "hp": "70",
    "types": [
      "Psychic"
    ],
    "evolvesTo": [
      "Muk"
    ],
    "attacks": [
      {
        "name": "Pound",
        "cost": [
          "Psychic"
        ],
        "convertedEnergyCost": 1,
        "damage": "10",
        "text": ""
      },
      {
        "name": "Mud-Slap",
        "cost": [
          "Psychic",
          "Colorless",
          "Colorless"
        ],
        "convertedEnergyCost": 3,
        "damage": "30",
        "text": ""
      }
    ],
    "weaknesses": [
      {
        "type": "Psychic",
        "value": "×2"
      }
    ],
    "retreatCost": [
      "Colorless",
      "Colorless"
    ],
    "convertedRetreatCost": 2,
    "number": "7",
    "artist": "kawayoo",
    "rarity": "Common",
    "flavorText": "Its flexible body, which allows it to squeeze into any cracks, comes in handy when invading enemy hideouts.",
    "nationalPokedexNumbers": [
      88
    ],
    "legalities": {
      "unlimited": "Legal",
      "expanded": "Legal"
    },
    "images": {
      "small": "https://images.pokemontcg.io/dc1/7.png",
      "large": "https://images.pokemontcg.io/dc1/7_hires.png"
    }
  },
  {
    "id": "dc1-8",
    "name": "Team Aqua's Muk",
    "supertype": "Pokémon",
    "subtypes": [
      "Stage 1"
    ],
    "hp": "110",
    "types": [
      "Psychic"
    ],
    "evolvesFrom": "Team Aqua's Grimer",
    "abilities": [
      {
        "name": "Sludge Festival",
        "text": "The Retreat Cost of each Pokémon in play (except for Team Aqua Pokémon) is Colorless more.",
        "type": "Ability"
      }
    ],
    "attacks": [
      {
        "name": "Pester",
        "cost": [
          "Psychic",
          "Colorless",
          "Colorless"
        ],
        "convertedEnergyCost": 3,
        "damage": "60+",
        "text": "If your opponent's Active Pokémon is affected by a Special Condition, this attack does 60 more damage."
      }
    ],
    "weaknesses": [
      {
        "type": "Psychic",
        "value": "×2"
      }
    ],
    "retreatCost": [
      "Colorless",
      "Colorless",
      "Colorless"
    ],
    "convertedRetreatCost": 3,
    "number": "8",
    "artist": "Kouki Saitou",
    "rarity": "Rare Holo",
    "flavorText": "It immobilizes its opponents by wrapping them in its huge, poisonous body. It'll smoosh you, too!",
    "nationalPokedexNumbers": [
      89
    ],
    "legalities": {
      "unlimited": "Legal",
      "expanded": "Legal"
    },
    "images": {
      "small": "https://images.pokemontcg.io/dc1/8.png",
      "large": "https://images.pokemontcg.io/dc1/8_hires.png"
    }
  },
  {
    "id": "dc1-9",
    "name": "Team Aqua's Seviper",
    "supertype": "Pokémon",
    "subtypes": [
      "Basic"
    ],
    "hp": "90",
    "types": [
      "Psychic"
    ],
    "attacks": [
      {
        "name": "Venomous Fang",
        "cost": [
          "Psychic"
        ],
        "convertedEnergyCost": 1,
        "damage": "10",
        "text": "Flip a coin. If heads, your opponent's Active Pokémon is now Poisoned."
      },
      {
        "name": "Venom Tail",
        "cost": [
          "Colorless",
          "Colorless"
        ],
        "convertedEnergyCost": 2,
        "damage": "30",
        "text": "If your opponent's Active Pokémon is affected by a Special Condition, discard an Energy attached to that Pokémon."
      }
    ],
    "weaknesses": [
      {
        "type": "Psychic",
        "value": "×2"
      }
    ],
    "retreatCost": [
      "Colorless"
    ],
    "convertedRetreatCost": 1,
    "number": "9",
    "artist": "Naoki Saito",
    "rarity": "Common",
    "flavorText": "Seviper's tail is a sharp blade. It can even poison you!",
    "nationalPokedexNumbers": [
      336
    ],
    "legalities": {
      "unlimited": "Legal",
      "expanded": "Legal"
    },
    "images": {
      "small": "https://images.pokemontcg.io/dc1/9.png",
      "large": "https://images.pokemontcg.io/dc1/9_hires.png"
    }
  },
  {
    "id": "dc1-10",
    "name": "Team Magma's Baltoy",
    "supertype": "Pokémon",
    "subtypes": [
      "Basic"
    ],
    "hp": "50",
    "types": [
      "Psychic"
    ],
    "evolvesTo": [
      "Claydol"
    ],
    "attacks": [
      {
        "name": "Telekinesis",
        "cost": [
          "Psychic",
          "Colorless"
        ],
        "convertedEnergyCost": 2,
        "damage": "",
        "text": "This attack does 20 damage to 1 of your opponent's Pokémon. This attack's damage isn't affected by Weakness or Resistance."
      }
    ],
    "weaknesses": [
      {
        "type": "Psychic",
        "value": "×2"
      }
    ],
    "retreatCost": [
      "Colorless"
    ],
    "convertedRetreatCost": 1,
    "number": "10",
    "artist": "Mitsuhiro Arita",
    "rarity": "Common",
    "flavorText": "They all cry out at once to let us know when they spot an enemy. It really helps out!",
    "nationalPokedexNumbers": [
      343
    ],
    "legalities": {
      "unlimited": "Legal",
      "expanded": "Legal"
    },
    "images": {
      "small": "https://images.pokemontcg.io/dc1/10.png",
      "large": "https://images.pokemontcg.io/dc1/10_hires.png"
    }
  },
  {
    "id": "dc1-11",
    "name": "Team Magma's Claydol",
    "supertype": "Pokémon",
    "subtypes": [
      "Stage 1"
    ],
    "hp": "90",
    "types": [
      "Psychic"
    ],
    "evolvesFrom": "Team Magma's Baltoy",
    "abilities": [
      {
        "name": "Magma Switch",
        "text": "Once during your turn (before your attack), you may move a basic Energy from 1 of your Pokémon to 1 of your Team Magma Pokémon.",
        "type": "Ability"
      }
    ],
    "attacks": [
      {
        "name": "Power Beam",
        "cost": [
          "Psychic",
          "Colorless",
          "Colorless"
        ],
        "convertedEnergyCost": 3,
        "damage": "70",
        "text": ""
      }
    ],
    "weaknesses": [
      {
        "type": "Psychic",
        "value": "×2"
      }
    ],
    "retreatCost": [
      "Colorless",
      "Colorless"
    ],
    "convertedRetreatCost": 2,
    "number": "11",
    "artist": "Masakazu Fukuda",
    "rarity": "Rare Holo",
    "flavorText": "Claydol's beam can seize opponents and keep them from moving. Long-range attacks are its specialty!",
    "nationalPokedexNumbers": [
      344
    ],
    "legalities": {
      "unlimited": "Legal",
      "expanded": "Legal"
    },
    "images": {
      "small": "https://images.pokemontcg.io/dc1/11.png",
      "large": "https://images.pokemontcg.io/dc1/11_hires.png"
    }
  },
  {
    "id": "dc1-12",
    "name": "Team Magma's Aron",
    "supertype": "Pokémon",
    "subtypes": [
      "Basic"
    ],
    "hp": "60",
    "types": [
      "Fighting"
    ],
    "evolvesTo": [
      "Lairon"
    ],
    "attacks": [
      {
        "name": "Gnaw",
        "cost": [
          "Fighting"
        ],
        "convertedEnergyCost": 1,
        "damage": "10",
        "text": ""
      }
    ],
    "weaknesses": [
      {
        "type": "Grass",
        "value": "×2"
      }
    ],
    "retreatCost": [
      "Colorless",
      "Colorless"
    ],
    "convertedRetreatCost": 2,
    "number": "12",
    "artist": "Akira Komayama",
    "rarity": "Common",
    "flavorText": "Aron, which even devour metal, can eat and destroy enemy ships in an instant.",
    "nationalPokedexNumbers": [
      304
    ],
    "legalities": {
      "unlimited": "Legal",
      "expanded": "Legal"
    },
    "images": {
      "small": "https://images.pokemontcg.io/dc1/12.png",
      "large": "https://images.pokemontcg.io/dc1/12_hires.png"
    }
  },
  {
    "id": "dc1-13",
    "name": "Team Magma's Lairon",
    "supertype": "Pokémon",
    "subtypes": [
      "Stage 1"
    ],
    "hp": "90",
    "types": [
      "Fighting"
    ],
    "evolvesFrom": "Team Magma's Aron",
    "evolvesTo": [
      "Aggron"
    ],
    "attacks": [
      {
        "name": "Gnaw",
        "cost": [
          "Fighting",
          "Colorless"
        ],
        "convertedEnergyCost": 2,
        "damage": "30",
        "text": ""
      },
      {
        "name": "Take Down",
        "cost": [
          "Fighting",
          "Colorless",
          "Colorless"
        ],
        "convertedEnergyCost": 3,
        "damage": "60",
        "text": "This Pokémon does 10 damage to itself."
      }
    ],
    "weaknesses": [
      {
        "type": "Grass",
        "value": "×2"
      }
    ],
    "retreatCost": [
      "Colorless",
      "Colorless",
      "Colorless"
    ],
    "convertedRetreatCost": 3,
    "number": "13",
    "artist": "Masakazu Fukuda",
    "rarity": "Common",
    "flavorText": "When Lairon uses Take Down, the impact from its solid body is enough to destroy concrete!",
    "nationalPokedexNumbers": [
      305
    ],
    "legalities": {
      "unlimited": "Legal",
      "expanded": "Legal"
    },
    "images": {
      "small": "https://images.pokemontcg.io/dc1/13.png",
      "large": "https://images.pokemontcg.io/dc1/13_hires.png"
    }
  },
  {
    "id": "dc1-14",
    "name": "Team Magma's Aggron",
    "supertype": "Pokémon",
    "subtypes": [
      "Stage 2"
    ],
    "hp": "140",
    "types": [
      "Fighting"
    ],
    "evolvesFrom": "Team Magma's Lairon",
    "attacks": [
      {
        "name": "Rock Stomp",
        "cost": [
          "Fighting",
          "Colorless"
        ],
        "convertedEnergyCost": 2,
        "damage": "40×",
        "text": "Discard as many Fighting Energy attached to your Pokémon as you like. This attack does 40 damage times the amount of Fighting Energy you discarded."
      },
      {
        "name": "Boulder Storm",
        "cost": [
          "Fighting",
          "Fighting",
          "Fighting",
          "Colorless"
        ],
        "convertedEnergyCost": 4,
        "damage": "120",
        "text": "This attack does 20 damage to each of your opponent's Benched Pokémon that has any damage counters on it. (Don't apply Weakness and Resistance for Benched Pokémon.)"
      }
    ],
    "weaknesses": [
      {
        "type": "Grass",
        "value": "×2"
      }
    ],
    "retreatCost": [
      "Colorless",
      "Colorless",
      "Colorless",
      "Colorless"
    ],
    "convertedRetreatCost": 4,
    "number": "14",
    "artist": "TOKIYA",
    "rarity": "Rare Holo",
    "flavorText": "Aggron's metal horns can smash through any defenses, no matter how strong!",
    "nationalPokedexNumbers": [
      306
    ],
    "legalities": {
      "unlimited": "Legal",
      "expanded": "Legal"
    },
    "images": {
      "small": "https://images.pokemontcg.io/dc1/14.png",
      "large": "https://images.pokemontcg.io/dc1/14_hires.png"
    }
  },
  {
    "id": "dc1-15",
    "name": "Team Magma's Groudon-EX",
    "supertype": "Pokémon",
    "subtypes": [
      "Basic",
      "EX"
    ],
    "level": "ex",
    "hp": "190",
    "types": [
      "Fighting"
    ],
    "rules": [
      "Pokémon-EX rule: When a Pokémon-EX has been Knocked Out, your opponent takes 2 Prize cards."
    ],
    "abilities": [
      {
        "name": "Power Saver",
        "text": "If there are 4 or fewer Team Magma Pokémon in play, this Pokémon can't attack.",
        "type": "Ability"
      }
    ],
    "attacks": [
      {
        "name": "Magma Quake",
        "cost": [
          "Fighting",
          "Fighting",
          "Fighting",
          "Colorless"
        ],
        "convertedEnergyCost": 4,
        "damage": "80+",
        "text": "If your opponent's Active Pokémon already has any damage counters on it, this attack does 80 more damage."
      }
    ],
    "weaknesses": [
      {
        "type": "Grass",
        "value": "×2"
      }
    ],
    "retreatCost": [
      "Colorless",
      "Colorless",
      "Colorless",
      "Colorless"
    ],
    "convertedRetreatCost": 4,
    "number": "15",
    "artist": "nagimiso",
    "rarity": "Rare Ultra",
    "nationalPokedexNumbers": [
      383
    ],
    "legalities": {
      "unlimited": "Legal",
      "expanded": "Legal"
    },
    "images": {
      "small": "https://images.pokemontcg.io/dc1/15.png",
      "large": "https://images.pokemontcg.io/dc1/15_hires.png"
    }
  },
  {
    "id": "dc1-16",
    "name": "Team Aqua's Poochyena",
    "supertype": "Pokémon",
    "subtypes": [
      "Basic"
    ],
    "hp": "60",
    "types": [
      "Darkness"
    ],
    "evolvesTo": [
      "Mightyena"
    ],
    "attacks": [
      {
        "name": "Roar",
        "cost": [
          "Colorless"
        ],
        "convertedEnergyCost": 1,
        "damage": "",
        "text": "Your opponent switches his or her Active Pokémon with 1 of his or her Benched Pokémon."
      },
      {
        "name": "Bite",
        "cost": [
          "Water",
          "Colorless"
        ],
        "convertedEnergyCost": 2,
        "damage": "20",
        "text": ""
      }
    ],
    "weaknesses": [
      {
        "type": "Fighting",
        "value": "×2"
      }
    ],
    "resistances": [
      {
        "type": "Psychic",
        "value": "-20"
      }
    ],
    "retreatCost": [
      "Colorless"
    ],
    "convertedRetreatCost": 1,
    "number": "16",
    "artist": "Kouki Saitou",
    "rarity": "Common",
    "flavorText": "Poochyena can easily detect invading foes with its acute sense of smell. It's an excellent lookout!",
    "nationalPokedexNumbers": [
      261
    ],
    "legalities": {
      "unlimited": "Legal",
      "expanded": "Legal"
    },
    "images": {
      "small": "https://images.pokemontcg.io/dc1/16.png",
      "large": "https://images.pokemontcg.io/dc1/16_hires.png"
    }
  },
  {
    "id": "dc1-17",
    "name": "Team Magma's Poochyena",
    "supertype": "Pokémon",
    "subtypes": [
      "Basic"
    ],
    "hp": "60",
    "types": [
      "Darkness"
    ],
    "evolvesTo": [
      "Mightyena"
    ],
    "attacks": [
      {
        "name": "Infiltrate",
        "cost": [
          "Colorless"
        ],
        "convertedEnergyCost": 1,
        "damage": "",
        "text": "Your opponent reveals his or her hand."
      },
      {
        "name": "Bite",
        "cost": [
          "Fighting",
          "Colorless"
        ],
        "convertedEnergyCost": 2,
        "damage": "20",
        "text": ""
      }
    ],
    "weaknesses": [
      {
        "type": "Fighting",
        "value": "×2"
      }
    ],
    "resistances": [
      {
        "type": "Psychic",
        "value": "-20"
      }
    ],
    "retreatCost": [
      "Colorless"
    ],
    "convertedRetreatCost": 1,
    "number": "17",
    "artist": "TOKIYA",
    "rarity": "Common",
    "flavorText": "Poochyena's nose can identify any scent. It's very useful for reconnaissance.",
    "nationalPokedexNumbers": [
      261
    ],
    "legalities": {
      "unlimited": "Legal",
      "expanded": "Legal"
    },
    "images": {
      "small": "https://images.pokemontcg.io/dc1/17.png",
      "large": "https://images.pokemontcg.io/dc1/17_hires.png"
    }
  },
  {
    "id": "dc1-18",
    "name": "Team Aqua's Mightyena",
    "supertype": "Pokémon",
    "subtypes": [
      "Stage 1"
    ],
    "hp": "100",
    "types": [
      "Darkness"
    ],
    "evolvesFrom": "Team Aqua's Poochyena",
    "attacks": [
      {
        "name": "Teampact",
        "cost": [
          "Water",
          "Colorless"
        ],
        "convertedEnergyCost": 2,
        "damage": "30×",
        "text": "Flip a coin for each Team Aqua Pokémon you have in play. This attack does 30 damage times the number of heads."
      },
      {
        "name": "Crunch",
        "cost": [
          "Water",
          "Water",
          "Colorless"
        ],
        "convertedEnergyCost": 3,
        "damage": "80",
        "text": "Flip a coin. If heads, discard an Energy attached to your opponent's Active Pokémon."
      }
    ],
    "weaknesses": [
      {
        "type": "Fighting",
        "value": "×2"
      }
    ],
    "resistances": [
      {
        "type": "Psychic",
        "value": "-20"
      }
    ],
    "retreatCost": [
      "Colorless"
    ],
    "convertedRetreatCost": 1,
    "number": "18",
    "artist": "Mitsuhiro Arita",
    "rarity": "Common",
    "flavorText": "Thanks to Mightyena's outstanding leadership, it's very good at combination attacks that can leave a foe helpless.",
    "nationalPokedexNumbers": [
      262
    ],
    "legalities": {
      "unlimited": "Legal",
      "expanded": "Legal"
    },
    "images": {
      "small": "https://images.pokemontcg.io/dc1/18.png",
      "large": "https://images.pokemontcg.io/dc1/18_hires.png"
    }
  },
  {
    "id": "dc1-19",
    "name": "Team Magma's Mightyena",
    "supertype": "Pokémon",
    "subtypes": [
      "Stage 1"
    ],
    "hp": "100",
    "types": [
      "Darkness"
    ],
    "evolvesFrom": "Team Magma's Poochyena",
    "attacks": [
      {
        "name": "Bite",
        "cost": [
          "Fighting",
          "Colorless"
        ],
        "convertedEnergyCost": 2,
        "damage": "30",
        "text": ""
      },
      {
        "name": "Hostile Fang",
        "cost": [
          "Fighting",
          "Fighting",
          "Colorless"
        ],
        "convertedEnergyCost": 3,
        "damage": "80",
        "text": "If your opponent's Active Pokémon is a Team Aqua Pokémon, this attack does 40 more damage."
      }
    ],
    "weaknesses": [
      {
        "type": "Fighting",
        "value": "×2"
      }
    ],
    "resistances": [
      {
        "type": "Psychic",
        "value": "-20"
      }
    ],
    "retreatCost": [
      "Colorless"
    ],
    "convertedRetreatCost": 1,
    "number": "19",
    "artist": "Hitoshi Ariga",
    "rarity": "Common",
    "flavorText": "This Pokémon is loyal to its master. It will protect its partner to the end, no matter what.",
    "nationalPokedexNumbers": [
      262
    ],
    "legalities": {
      "unlimited": "Legal",
      "expanded": "Legal"
    },
    "images": {
      "small": "https://images.pokemontcg.io/dc1/19.png",
      "large": "https://images.pokemontcg.io/dc1/19_hires.png"
    }
  },
  {
    "id": "dc1-20",
    "name": "Team Aqua's Carvanha",
    "supertype": "Pokémon",
    "subtypes": [
      "Basic"
    ],
    "hp": "50",
    "types": [
      "Darkness"
    ],
    "evolvesTo": [
      "Sharpedo"
    ],
    "attacks": [
      {
        "name": "Fin Smack",
        "cost": [
          "Darkness"
        ],
        "convertedEnergyCost": 1,
        "damage": "10×",
        "text": "Flip 2 coins. This attack does 10 damage times the number of heads."
      }
    ],
    "weaknesses": [
      {
        "type": "Lightning",
        "value": "×2"
      }
    ],
    "retreatCost": [
      "Colorless"
    ],
    "convertedRetreatCost": 1,
    "number": "20",
    "artist": "Sanosuke Sakuma",
    "rarity": "Common",
    "flavorText": "You can't keep up with its movements underwater, can you? If you get caught in this whirlpool, there'll be no escape.",
    "nationalPokedexNumbers": [
      318
    ],
    "legalities": {
      "unlimited": "Legal",
      "expanded": "Legal"
    },
    "images": {
      "small": "https://images.pokemontcg.io/dc1/20.png",
      "large": "https://images.pokemontcg.io/dc1/20_hires.png"
    }
  },
  {
    "id": "dc1-21",
    "name": "Team Aqua's Sharpedo",
    "supertype": "Pokémon",
    "subtypes": [
      "Stage 1"
    ],
    "hp": "90",
    "types": [
      "Darkness"
    ],
    "evolvesFrom": "Team Aqua's Carvanha",
    "abilities": [
      {
        "name": "Aqua Search",
        "text": "Once during your turn (before your attack), you may search your deck for a Team Aqua Pokémon, reveal it, and put it into your hand. Shuffle your deck afterward.",
        "type": "Ability"
      }
    ],
    "attacks": [
      {
        "name": "Sharp Fang",
        "cost": [
          "Darkness",
          "Colorless",
          "Colorless"
        ],
        "convertedEnergyCost": 3,
        "damage": "70",
        "text": ""
      }
    ],
    "weaknesses": [
      {
        "type": "Lightning",
        "value": "×2"
      }
    ],
    "number": "21",
    "artist": "kawayoo",
    "rarity": "Rare Holo",
    "flavorText": "It boasts fangs so powerful that they knock opponents out in one shot! Enemies that slip up will be taken down without fail!",
    "nationalPokedexNumbers": [
      319
    ],
    "legalities": {
      "unlimited": "Legal",
      "expanded": "Legal"
    },
    "images": {
      "small": "https://images.pokemontcg.io/dc1/21.png",
      "large": "https://images.pokemontcg.io/dc1/21_hires.png"
    }
  },
  {
    "id": "dc1-22",
    "name": "Team Magma's Zangoose",
    "supertype": "Pokémon",
    "subtypes": [
      "Basic"
    ],
    "hp": "90",
    "types": [
      "Colorless"
    ],
    "attacks": [
      {
        "name": "Call for Family",
        "cost": [
          "Colorless"
        ],
        "convertedEnergyCost": 1,
        "damage": "",
        "text": "Search your deck for up to 2 Basic Team Magma Pokémon and put them onto your Bench. Shuffle your deck afterward."
      },
      {
        "name": "Team Play",
        "cost": [
          "Colorless",
          "Colorless",
          "Colorless"
        ],
        "convertedEnergyCost": 3,
        "damage": "20×",
        "text": "This attack does 20 damage times the number of Team Magma Pokémon on your Bench."
      }
    ],
    "weaknesses": [
      {
        "type": "Fighting",
        "value": "×2"
      }
    ],
    "retreatCost": [
      "Colorless"
    ],
    "convertedRetreatCost": 1,
    "number": "22",
    "artist": "Shin Nagasawa",
    "rarity": "Common",
    "flavorText": "Can you handle the formation attack of the fearless Zangoose?",
    "nationalPokedexNumbers": [
      335
    ],
    "legalities": {
      "unlimited": "Legal",
      "expanded": "Legal"
    },
    "images": {
      "small": "https://images.pokemontcg.io/dc1/22.png",
      "large": "https://images.pokemontcg.io/dc1/22_hires.png"
    }
  },
  {
    "id": "dc1-23",
    "name": "Aqua Diffuser",
    "supertype": "Trainer",
    "subtypes": [
      "Pokémon Tool"
    ],
    "rules": [
      "Attach a Pokémon Tool to 1 of your Pokémon that doesn't already have a Pokémon Tool attached to it.",
      "The Team Aqua Pokémon this card is attached to can also use the attack on this card. (You still need the necessary Energy to use this attack.)",
      "You may play as many Item cards as you like during your turn (before your attack)."
    ],
    "attacks": [
      {
        "name": "Aqua Diffuser",
        "cost": [
          "Water"
        ],
        "convertedEnergyCost": 1,
        "damage": "",
        "text": "Your opponent's Active Pokémon is now Confused and Poisoned."
      }
    ],
    "number": "23",
    "artist": "Toyste Beach",
    "rarity": "Uncommon",
    "legalities": {
      "unlimited": "Legal",
      "expanded": "Legal"
    },
    "images": {
      "small": "https://images.pokemontcg.io/dc1/23.png",
      "large": "https://images.pokemontcg.io/dc1/23_hires.png"
    }
  },
  {
    "id": "dc1-24",
    "name": "Magma Pointer",
    "supertype": "Trainer",
    "subtypes": [
      "Pokémon Tool"
    ],
    "rules": [
      "Attach a Pokémon Tool to 1 of your Pokémon that doesn't already have a Pokémon Tool attached to it.",
      "The Team Magma Pokémon this card is attached to can also use the attack on this card. (You still need the necessary Energy to use this attack.)",
      "You may play as many Item cards as you like during your turn (before your attack)."
    ],
    "attacks": [
      {
        "name": "Magma Pointer",
        "cost": [
          "Fighting"
        ],
        "convertedEnergyCost": 1,
        "damage": "",
        "text": "This attack does 20 damage to 1 of your opponent's Pokémon. (Don't apply Weakness and Resistance for Benched Pokémon.)"
      }
    ],
    "number": "24",
    "artist": "Toyste Beach",
    "rarity": "Uncommon",
    "legalities": {
      "unlimited": "Legal",
      "expanded": "Legal"
    },
    "images": {
      "small": "https://images.pokemontcg.io/dc1/24.png",
      "large": "https://images.pokemontcg.io/dc1/24_hires.png"
    }
  },
  {
    "id": "dc1-25",
    "name": "Team Aqua Admin",
    "supertype": "Trainer",
    "subtypes": [
      "Supporter"
    ],
    "rules": [
      "Attach a basic Energy card from your discard pile to your Active Team Aqua Pokémon.",
      "You may play only 1 Supporter card during your turn (before your attack)."
    ],
    "number": "25",
    "artist": "GAME FREAK inc.",
    "rarity": "Uncommon",
    "legalities": {
      "unlimited": "Legal",
      "expanded": "Legal"
    },
    "images": {
      "small": "https://images.pokemontcg.io/dc1/25.png",
      "large": "https://images.pokemontcg.io/dc1/25_hires.png"
    }
  },
  {
    "id": "dc1-26",
    "name": "Team Aqua Grunt",
    "supertype": "Trainer",
    "subtypes": [
      "Supporter"
    ],
    "rules": [
      "Discard a card from your hand. (If you can't discard a card, you can't play this card.) Draw 3 cards. If you discarded a Team Aqua Pokémon, draw 1 more card.",
      "You may play only 1 Supporter card during your turn (before your attack)."
    ],
    "number": "26",
    "artist": "GAME FREAK inc.",
    "rarity": "Uncommon",
    "legalities": {
      "unlimited": "Legal",
      "expanded": "Legal"
    },
    "images": {
      "small": "https://images.pokemontcg.io/dc1/26.png",
      "large": "https://images.pokemontcg.io/dc1/26_hires.png"
    }
  },
  {
    "id": "dc1-27",
    "name": "Team Aqua's Great Ball",
    "supertype": "Trainer",
    "subtypes": [
      "Item"
    ],
    "rules": [
      "Search your deck for a Basic Team Aqua Pokémon and a basic Water Energy card, reveal them, and put them into your hand. Shuffle your deck afterward.",
      "You may play as many Item cards as you like during your turn (before your attack)."
    ],
    "number": "27",
    "artist": "Toyste Beach",
    "rarity": "Uncommon",
    "legalities": {
      "unlimited": "Legal",
      "expanded": "Legal"
    },
    "images": {
      "small": "https://images.pokemontcg.io/dc1/27.png",
      "large": "https://images.pokemontcg.io/dc1/27_hires.png"
    }
  },
  {
    "id": "dc1-28",
    "name": "Team Aqua's Secret Base",
    "supertype": "Trainer",
    "subtypes": [
      "Stadium"
    ],
    "rules": [
      "The Retreat Cost of each Pokémon in play (except for Team Aqua Pokémon) is Colorless more.",
      "This card stays in play when you play it. Discard this card if another Stadium card comes into play. If another card with the same name is in play, you can't play this card."
    ],
    "number": "28",
    "artist": "Ryo Ueda",
    "rarity": "Uncommon",
    "legalities": {
      "unlimited": "Legal",
      "expanded": "Legal"
    },
    "images": {
      "small": "https://images.pokemontcg.io/dc1/28.png",
      "large": "https://images.pokemontcg.io/dc1/28_hires.png"
    }
  },
  {
    "id": "dc1-29",
    "name": "Team Magma Admin",
    "supertype": "Trainer",
    "subtypes": [
      "Supporter"
    ],
    "rules": [
      "Put up to 3 Team Magma Pokémon from your discard pile into your hand.",
      "You may play only 1 Supporter card during your turn (before your attack)."
    ],
    "number": "29",
    "artist": "GAME FREAK inc.",
    "rarity": "Uncommon",
    "legalities": {
      "unlimited": "Legal",
      "expanded": "Legal"
    },
    "images": {
      "small": "https://images.pokemontcg.io/dc1/29.png",
      "large": "https://images.pokemontcg.io/dc1/29_hires.png"
    }
  },
  {
    "id": "dc1-30",
    "name": "Team Magma Grunt",
    "supertype": "Trainer",
    "subtypes": [
      "Supporter"
    ],
    "rules": [
      "Discard a card from your hand. (If you can't discard a card, you can't play this card.) Draw 3 cards. If you discarded a Team Magma Pokémon, draw 1 more card.",
      "You may play only 1 Supporter card during your turn (before your attack)."
    ],
    "number": "30",
    "artist": "GAME FREAK inc.",
    "rarity": "Uncommon",
    "legalities": {
      "unlimited": "Legal",
      "expanded": "Legal"
    },
    "images": {
      "small": "https://images.pokemontcg.io/dc1/30.png",
      "large": "https://images.pokemontcg.io/dc1/30_hires.png"
    }
  },
  {
    "id": "dc1-31",
    "name": "Team Magma's Great Ball",
    "supertype": "Trainer",
    "subtypes": [
      "Item"
    ],
    "rules": [
      "Search your deck for a Basic Team Magma Pokémon and a basic Fighting Energy card, reveal them, and put them into your hand. Shuffle your deck afterward.",
      "You may play as many Item cards as you like during your turn (before your attack)."
    ],
    "number": "31",
    "artist": "Toyste Beach",
    "rarity": "Uncommon",
    "legalities": {
      "unlimited": "Legal",
      "expanded": "Legal"
    },
    "images": {
      "small": "https://images.pokemontcg.io/dc1/31.png",
      "large": "https://images.pokemontcg.io/dc1/31_hires.png"
    }
  },
  {
    "id": "dc1-32",
    "name": "Team Magma's Secret Base",
    "supertype": "Trainer",
    "subtypes": [
      "Stadium"
    ],
    "rules": [
      "Whenever any player puts a Basic Pokémon (except for Team Magma Pokémon) from his or her hand onto his or her Bench, put 2 damage counters on that Pokémon.",
      "This card stays in play when you play it. Discard this card if another Stadium card comes into play. If another card with the same name is in play, you can't play this card."
    ],
    "number": "32",
    "artist": "Ryo Ueda",
    "rarity": "Uncommon",
    "legalities": {
      "unlimited": "Legal",
      "expanded": "Legal"
    },
    "images": {
      "small": "https://images.pokemontcg.io/dc1/32.png",
      "large": "https://images.pokemontcg.io/dc1/32_hires.png"
    }
  },
  {
    "id": "dc1-33",
    "name": "Double Aqua Energy",
    "supertype": "Energy",
    "subtypes": [
      "Special"
    ],
    "rules": [
      "This card can only be attached to Team Aqua Pokémon. Discard this card at the end of the turn you attached it.",
      "This card provides WaterWater Energy only while it is attached to a Team Aqua Pokémon.",
      "(If this card is attached to anything other than a Team Aqua Pokémon, discard this card.)"
    ],
    "number": "33",
    "artist": "5ban Graphics",
    "rarity": "Uncommon",
    "legalities": {
      "unlimited": "Legal",
      "expanded": "Legal"
    },
    "images": {
      "small": "https://images.pokemontcg.io/dc1/33.png",
      "large": "https://images.pokemontcg.io/dc1/33_hires.png"
    }
  },
  {
    "id": "dc1-34",
    "name": "Double Magma Energy",
    "supertype": "Energy",
    "subtypes": [
      "Special"
    ],
    "rules": [
      "This card can only be attached to Team Magma Pokémon. Discard this card at the end of the turn you attached it.",
      "This card provides FightingFighting Energy only while it is attached to a Team Magma Pokémon.",
      "(If this card is attached to anything other than a Team Magma Pokémon, discard this card.)"
    ],
    "number": "34",
    "artist": "5ban Graphics",
    "rarity": "Uncommon",
    "legalities": {
      "unlimited": "Legal",
      "expanded": "Legal"
    },
    "images": {
      "small": "https://images.pokemontcg.io/dc1/34.png",
      "large": "https://images.pokemontcg.io/dc1/34_hires.png"
    }
  }
]