[
  {
    "id": "mcd19-1",
    "name": "Caterpie",
    "supertype": "Pokémon",
    "subtypes": [
      "Basic"
    ],
    "hp": "50",
    "types": [
      "Grass"
    ],
    "evolvesTo": [
      "Metapod"
    ],
    "attacks": [
      {
        "cost": [
          "Grass"
        ],
        "name": "Surprise Attack",
        "text": "Flip a coin. If tails, this attack does nothing.",
        "damage": "20",
        "convertedEnergyCost": 1
      }
    ],
    "retreatCost": [
      "Colorless"
    ],
    "convertedRetreatCost": 1,
    "number": "1",
    "artist": "Sekio",
    "rarity": "Promo",
    "nationalPokedexNumbers": [
      10
    ],
    "legalities": {
      "unlimited": "Legal",
      "expanded": "Legal"
    },
    "images": {
      "small": "https://images.pokemontcg.io/mcd19/1.png",
      "large": "https://images.pokemontcg.io/mcd19/1_hires.png"
    }
  },
  {
    "id": "mcd19-2",
    "name": "Alolan Exeggutor",
    "supertype": "Pokémon",
    "subtypes": [
      "Stage 1"
    ],
    "hp": "160",
    "types": [
      "Grass"
    ],
    "evolvesFrom": "Exeggcute",
    "attacks": [
      {
        "cost": [
          "Grass"
        ],
        "name": "Tropical Shake",
        "text": "This attack does 20 more damage for each type of basic Energy card in your discard pile. You can't add more than 100 damage in this way.",
        "damage": "20+",
        "convertedEnergyCost": 1
      }
    ],
    "retreatCost": [
      "Colorless",
      "Colorless",
      "Colorless"
    ],
    "convertedRetreatCost": 3,
    "number": "2",
    "artist": "Satoshi Shirai",
    "rarity": "Promo",
    "nationalPokedexNumbers": [
      103
    ],
    "legalities": {
      "unlimited": "Legal",
      "expanded": "Legal"
    },
    "images": {
      "small": "https://images.pokemontcg.io/mcd19/2.png",
      "large": "https://images.pokemontcg.io/mcd19/2_hires.png"
    }
  },
  {
    "id": "mcd19-3",
    "name": "Magmar",
    "supertype": "Pokémon",
    "subtypes": [
      "Basic"
    ],
    "hp": "80",
    "types": [
      "Fire"
    ],
    "evolvesTo": [
      "Magmortar"
    ],
    "attacks": [
      {
        "cost": [
          "Fire"
        ],
        "name": "Controlled Burn",
        "text": "Discard the top card of your opponent's deck.",
        "damage": null,
        "convertedEnergyCost": 1
      },
      {
        "cost": [
          "Fire",
          "Fire",
          "Colorless"
        ],
        "name": "Flamethrower",
        "text": "Discard an Energy from this Pokémon.",
        "damage": "80",
        "convertedEnergyCost": 3
      }
    ],
    "retreatCost": [
      "Colorless",
      "Colorless"
    ],
    "convertedRetreatCost": 2,
    "number": "3",
    "artist": "Yumi",
    "rarity": "Promo",
    "nationalPokedexNumbers": [
      126
    ],
    "legalities": {
      "unlimited": "Legal",
      "expanded": "Legal"
    },
    "images": {
      "small": "https://images.pokemontcg.io/mcd19/3.png",
      "large": "https://images.pokemontcg.io/mcd19/3_hires.png"
    }
  },
  {
    "id": "mcd19-4",
    "name": "Alolan Sandshrew",
    "supertype": "Pokémon",
    "subtypes": [
      "Basic"
    ],
    "hp": "60",
    "types": [
      "Water"
    ],
    "evolvesTo": [
      "Sandslash"
    ],
    "attacks": [
      {
        "cost": [],
        "name": "Fury Swipes",
        "text": "Flip 3 coins. This attack does 10 damage for each heads.",
        "damage": "10",
        "convertedEnergyCost": 0
      }
    ],
    "retreatCost": [
      "Colorless"
    ],
    "convertedRetreatCost": 1,
    "number": "4",
    "artist": "Shin Nagasawa",
    "rarity": "Promo",
    "nationalPokedexNumbers": [
      27
    ],
    "legalities": {
      "unlimited": "Legal",
      "expanded": "Legal"
    },
    "images": {
      "small": "https://images.pokemontcg.io/mcd19/4.png",
      "large": "https://images.pokemontcg.io/mcd19/4_hires.png"
    }
  },
  {
    "id": "mcd19-5",
    "name": "Lapras",
    "supertype": "Pokémon",
    "subtypes": [
      "Basic"
    ],
    "hp": "120",
    "types": [
      "Water"
    ],
    "attacks": [
      {
        "cost": [
          "Water"
        ],
        "name": "Aqua Bullet",
        "text": "This attack does 20 damage to 1 of your opponent's Benched Pokémon. (Don't apply Weakness and Resistance for Benched Pokémon.)",
        "damage": "20",
        "convertedEnergyCost": 1
      },
      {
        "cost": [
          "Colorless",
          "Colorless",
          "Colorless",
          "Water"
        ],
        "name": "Hydro Pump",
        "text": "This attack does 10 more damage times the amount of [W] Energy attached to this Pokémon.",
        "damage": "70+",
        "convertedEnergyCost": 4
      }
    ],
    "retreatCost": [
      "Colorless",
      "Colorless"
    ],
    "convertedRetreatCost": 2,
    "number": "5",
    "artist": "Saya Tsuruta",
    "rarity": "Promo",
    "nationalPokedexNumbers": [
      131
    ],
    "legalities": {
      "unlimited": "Legal",
      "expanded": "Legal"
    },
    "images": {
      "small": "https://images.pokemontcg.io/mcd19/5.png",
      "large": "https://images.pokemontcg.io/mcd19/5_hires.png"
    }
  },
  {
    "id": "mcd19-6",
    "name": "Pikachu",
    "supertype": "Pokémon",
    "subtypes": [
      "Basic"
    ],
    "hp": "60",
    "types": [
      "Lightning"
    ],
    "evolvesTo": [
      "Raichu"
    ],
    "attacks": [
      {
        "cost": [
          "Lightning"
        ],
        "name": "Iron Tail",
        "text": "Flip a coin until you get tails. This attack does 20 damage for each heads.",
        "damage": "20",
        "convertedEnergyCost": 1
      }
    ],
    "retreatCost": [
      "Colorless"
    ],
    "convertedRetreatCost": 1,
    "number": "6",
    "artist": "Kagemaru Himeno",
    "rarity": "Promo",
    "nationalPokedexNumbers": [
      25
    ],
    "legalities": {
      "unlimited": "Legal",
      "expanded": "Legal"
    },
    "images": {
      "small": "https://images.pokemontcg.io/mcd19/6.png",
      "large": "https://images.pokemontcg.io/mcd19/6_hires.png"
    }
  },
  {
    "id": "mcd19-7",
    "name": "Gastly",
    "supertype": "Pokémon",
    "subtypes": [
      "Basic"
    ],
    "hp": "50",
    "types": [
      "Psychic"
    ],
    "evolvesTo": [
      "Haunter"
    ],
    "attacks": [
      {
        "cost": [
          "Psychic"
        ],
        "name": "Ominous Eyes",
        "text": "Put 1 damage counter on 1 of your opponent's Pokémon.",
        "damage": null,
        "convertedEnergyCost": 1
      }
    ],
    "retreatCost": [
      "Colorless"
    ],
    "convertedRetreatCost": 1,
    "number": "7",
    "artist": "Shibuzoh.",
    "rarity": "Promo",
    "nationalPokedexNumbers": [
      92
    ],
    "legalities": {
      "unlimited": "Legal",
      "expanded": "Legal"
    },
    "images": {
      "small": "https://images.pokemontcg.io/mcd19/7.png",
      "large": "https://images.pokemontcg.io/mcd19/7_hires.png"
    }
  },
  {
    "id": "mcd19-8",
    "name": "Mankey",
    "supertype": "Pokémon",
    "subtypes": [
      "Basic"
    ],
    "hp": "60",
    "types": [
      "Fighting"
    ],
    "evolvesTo": [
      "Primeape"
    ],
    "attacks": [
      {
        "cost": [
          "Fighting"
        ],
        "name": "Three-Step Strike",
        "text": "Flip 3 coins. This attack does 10 damage for each heads.",
        "damage": "10",
        "convertedEnergyCost": 1
      }
    ],
    "retreatCost": [
      "Colorless"
    ],
    "convertedRetreatCost": 1,
    "number": "8",
    "artist": "Miki Tanaka",
    "rarity": "Promo",
    "nationalPokedexNumbers": [
      56
    ],
    "legalities": {
      "unlimited": "Legal",
      "expanded": "Legal"
    },
    "images": {
      "small": "https://images.pokemontcg.io/mcd19/8.png",
      "large": "https://images.pokemontcg.io/mcd19/8_hires.png"
    }
  },
  {
    "id": "mcd19-9",
    "name": "Onix",
    "supertype": "Pokémon",
    "subtypes": [
      "Basic"
    ],
    "hp": "100",
    "types": [
      "Fighting"
    ],
    "evolvesTo": [
      "Steelix"
    ],
    "attacks": [
      {
        "cost": [
          "Colorless"
        ],
        "name": "Screech",
        "text": "During your next turn, the Defending Pokémon takes 20 more damage from attacks (after applying Weakness and Resistance).",
        "damage": null,
        "convertedEnergyCost": 1
      },
      {
        "cost": [
          "Fighting",
          "Fighting"
        ],
        "name": "Rage",
        "text": "This attack does 10 more damage for each damage counter on this Pokémon.",
        "damage": "10+",
        "convertedEnergyCost": 2
      }
    ],
    "retreatCost": [
      "Colorless",
      "Colorless"
    ],
    "convertedRetreatCost": 2,
    "number": "9",
    "artist": "Mitsuhiro Arita",
    "rarity": "Promo",
    "nationalPokedexNumbers": [
      95
    ],
    "legalities": {
      "unlimited": "Legal",
      "expanded": "Legal"
    },
    "images": {
      "small": "https://images.pokemontcg.io/mcd19/9.png",
      "large": "https://images.pokemontcg.io/mcd19/9_hires.png"
    }
  },
  {
    "id": "mcd19-10",
    "name": "Alolan Meowth",
    "supertype": "Pokémon",
    "subtypes": [
      "Basic"
    ],
    "hp": "60",
    "types": [
      "Darkness"
    ],
    "evolvesTo": [
      "Persian"
    ],
    "attacks": [
      {
        "cost": [],
        "name": "Spoil the Fun",
        "text": "If you go second, this attack does 60 more damage during your first turn.",
        "damage": "10+",
        "convertedEnergyCost": 0
      }
    ],
    "retreatCost": [
      "Colorless"
    ],
    "convertedRetreatCost": 1,
    "number": "10",
    "artist": "Akira Komayama",
    "rarity": "Promo",
    "nationalPokedexNumbers": [
      52
    ],
    "legalities": {
      "unlimited": "Legal",
      "expanded": "Legal"
    },
    "images": {
      "small": "https://images.pokemontcg.io/mcd19/10.png",
      "large": "https://images.pokemontcg.io/mcd19/10_hires.png"
    }
  },
  {
    "id": "mcd19-11",
    "name": "Alolan Dugtrio",
    "supertype": "Pokémon",
    "subtypes": [
      "Stage 1"
    ],
    "hp": "60",
    "types": [
      "Metal"
    ],
    "evolvesFrom": "Alolan Diglett",
    "attacks": [
      {
        "cost": [
          "Metal"
        ],
        "name": "Gold Rush",
        "text": "Discard any number of [M] Energy cards from your hand. This attack does 30 damage for each card you discarded in this way.",
        "damage": "30",
        "convertedEnergyCost": 1
      }
    ],
    "retreatCost": [
      "Colorless"
    ],
    "convertedRetreatCost": 1,
    "number": "11",
    "artist": "Megumi Mizutani",
    "rarity": "Promo",
    "nationalPokedexNumbers": [
      51
    ],
    "legalities": {
      "unlimited": "Legal",
      "expanded": "Legal"
    },
    "images": {
      "small": "https://images.pokemontcg.io/mcd19/11.png",
      "large": "https://images.pokemontcg.io/mcd19/11_hires.png"
    }
  },
  {
    "id": "mcd19-12",
    "name": "Eevee",
    "supertype": "Pokémon",
    "subtypes": [
      "Basic"
    ],
    "hp": "60",
    "types": [
      "Colorless"
    ],
    "evolvesTo": [
      "Vaporeon",
      "Jolteon",
      "Flareon",
      "Sylveon",
      "Espeon",
      "Umbreon",
      "Leafeon",
      "Glaceon"
    ],
    "attacks": [
      {
        "cost": [
          "Colorless"
        ],
        "name": "Gnaw",
        "text": null,
        "damage": "20",
        "convertedEnergyCost": 1
      }
    ],
    "retreatCost": [
      "Colorless"
    ],
    "convertedRetreatCost": 1,
    "number": "12",
    "artist": "Atsuko Nishida",
    "rarity": "Promo",
    "nationalPokedexNumbers": [
      133
    ],
    "legalities": {
      "unlimited": "Legal",
      "expanded": "Legal"
    },
    "images": {
      "small": "https://images.pokemontcg.io/mcd19/12.png",
      "large": "https://images.pokemontcg.io/mcd19/12_hires.png"
    }
  }
]