[
  {
    "id": "neo3-1",
    "name": "Ampharos",
    "supertype": "Pokémon",
    "subtypes": [
      "Stage 2"
    ],
    "level": "46",
    "hp": "90",
    "types": [
      "Lightning"
    ],
    "evolvesFrom": "Flaaffy",
    "attacks": [
      {
        "name": "Attract Current",
        "cost": [
          "Lightning"
        ],
        "convertedEnergyCost": 1,
        "damage": "20",
        "text": "Flip 3 coins. For each heads, you may search your deck for a Lightning Energy card and attach it to 1 of your Lightning Pokémon. Shuffle your deck afterward."
      },
      {
        "name": "Gigavolt",
        "cost": [
          "Lightning",
          "Lightning",
          "Lightning",
          "Colorless"
        ],
        "convertedEnergyCost": 4,
        "damage": "40+",
        "text": "Flip a coin. If heads, this attack does 40 damage plus 20 more damage. If tails, this attack does 40 damage and the Defending Pokémon is now Paralyzed."
      }
    ],
    "weaknesses": [
      {
        "type": "Fighting",
        "value": "×2"
      }
    ],
    "retreatCost": [
      "Colorless",
      "Colorless",
      "Colorless"
    ],
    "convertedRetreatCost": 3,
    "number": "1",
    "artist": "Toshinao Aoki",
    "rarity": "Rare Holo",
    "flavorText": "The bright light on its tail can be seen far away. It has been treasured since ancient times as a beacon.",
    "nationalPokedexNumbers": [
      181
    ],
    "legalities": {
      "unlimited": "Legal"
    },
    "images": {
      "small": "https://images.pokemontcg.io/neo3/1.png",
      "large": "https://images.pokemontcg.io/neo3/1_hires.png"
    }
  },
  {
    "id": "neo3-2",
    "name": "Blissey",
    "supertype": "Pokémon",
    "subtypes": [
      "Stage 1"
    ],
    "level": "62",
    "hp": "120",
    "types": [
      "Colorless"
    ],
    "evolvesFrom": "Chansey",
    "abilities": [
      {
        "name": "Softboiled",
        "text": "When you play Blissey from your hand, you may flip a coin. If heads, remove 8 damage counters from Blissey. If tails, remove 4 damage counters from Blissey. Either way, if Blissey has fewer damage counters than that, remove all of them.",
        "type": "Pokémon Power"
      }
    ],
    "attacks": [
      {
        "name": "Body Slam",
        "cost": [
          "Colorless",
          "Colorless",
          "Colorless",
          "Colorless"
        ],
        "convertedEnergyCost": 4,
        "damage": "30",
        "text": "Flip a coin. If heads, the Defending Pokémon is now Paralyzed."
      }
    ],
    "weaknesses": [
      {
        "type": "Fighting",
        "value": "×2"
      }
    ],
    "resistances": [
      {
        "type": "Psychic",
        "value": "-30"
      }
    ],
    "retreatCost": [
      "Colorless",
      "Colorless"
    ],
    "convertedRetreatCost": 2,
    "number": "2",
    "artist": "Yuka Morii",
    "rarity": "Rare Holo",
    "flavorText": "Anyone who takes even one bite of Blissey's egg becomes unfailingly caring and pleasant to everyone.",
    "nationalPokedexNumbers": [
      242
    ],
    "legalities": {
      "unlimited": "Legal"
    },
    "images": {
      "small": "https://images.pokemontcg.io/neo3/2.png",
      "large": "https://images.pokemontcg.io/neo3/2_hires.png"
    }
  },
  {
    "id": "neo3-3",
    "name": "Celebi",
    "supertype": "Pokémon",
    "subtypes": [
      "Basic"
    ],
    "level": "16",
    "hp": "50",
    "types": [
      "Psychic"
    ],
    "abilities": [
      {
        "name": "Time Travel",
        "text": "If an opponent's attack would Knock Out Celebi, flip a coin. If heads, Celebi isn't Knocked Out and you shuffle it and all cards attached to it into your deck. This power doesn't work if Celebi is already Asleep, Confused, or Paralyzed.",
        "type": "Pokémon Power"
      }
    ],
    "attacks": [
      {
        "name": "Psychic Damage",
        "cost": [
          "Psychic"
        ],
        "convertedEnergyCost": 1,
        "damage": "",
        "text": "Flip 3 coins. For each heads, put 1 damage counter on the Defending Pokémon."
      }
    ],
    "weaknesses": [
      {
        "type": "Psychic",
        "value": "×2"
      }
    ],
    "retreatCost": [
      "Colorless"
    ],
    "convertedRetreatCost": 1,
    "number": "3",
    "artist": "Hironobu Yoshida",
    "rarity": "Rare Holo",
    "flavorText": "This Pokémon wanders across time. Grass and trees flourish in the forests in which it has appeared.",
    "nationalPokedexNumbers": [
      251
    ],
    "legalities": {
      "unlimited": "Legal"
    },
    "images": {
      "small": "https://images.pokemontcg.io/neo3/3.png",
      "large": "https://images.pokemontcg.io/neo3/3_hires.png"
    }
  },
  {
    "id": "neo3-4",
    "name": "Crobat",
    "supertype": "Pokémon",
    "subtypes": [
      "Stage 2"
    ],
    "level": "51",
    "hp": "90",
    "types": [
      "Grass"
    ],
    "evolvesFrom": "Golbat",
    "attacks": [
      {
        "name": "Triggered Poison",
        "cost": [
          "Grass"
        ],
        "convertedEnergyCost": 1,
        "damage": "20",
        "text": "If your opponent attaches an Energy card to the Defending Pokémon during his or her next turn, that Pokémon becomes Poisoned."
      },
      {
        "name": "Cross Attack",
        "cost": [
          "Grass",
          "Grass",
          "Colorless"
        ],
        "convertedEnergyCost": 3,
        "damage": "20×",
        "text": "Flip 4 coins. This attack does 20 damage times the number of heads. If you get 2 or more heads, the Defending Pokémon is now Confused."
      }
    ],
    "weaknesses": [
      {
        "type": "Psychic",
        "value": "×2"
      }
    ],
    "resistances": [
      {
        "type": "Fighting",
        "value": "-30"
      }
    ],
    "number": "4",
    "artist": "Shin-ichi Yoshida",
    "rarity": "Rare Holo",
    "flavorText": "It flies so silently through the dark on its four wings that it may not be noticed even when nearby.",
    "nationalPokedexNumbers": [
      169
    ],
    "legalities": {
      "unlimited": "Legal"
    },
    "images": {
      "small": "https://images.pokemontcg.io/neo3/4.png",
      "large": "https://images.pokemontcg.io/neo3/4_hires.png"
    }
  },
  {
    "id": "neo3-5",
    "name": "Delibird",
    "supertype": "Pokémon",
    "subtypes": [
      "Basic"
    ],
    "level": "34",
    "hp": "60",
    "types": [
      "Colorless"
    ],
    "attacks": [
      {
        "name": "Present",
        "cost": [
          "Colorless",
          "Colorless"
        ],
        "convertedEnergyCost": 2,
        "damage": "",
        "text": "Flip 3 coins. If exactly 1 is heads, this attack does 40 damage. If exactly 2 are heads, remove 3 damage counters from the Defending Pokémon. If the Defending Pokémon has fewer damage counters than that, remove all of them. If all 3 are heads, this attack does 60 damage. If all 3 are tails, remove all damage counters from the Defending Pokémon."
      }
    ],
    "weaknesses": [
      {
        "type": "Lightning",
        "value": "×2"
      }
    ],
    "resistances": [
      {
        "type": "Fighting",
        "value": "-30"
      }
    ],
    "retreatCost": [
      "Colorless"
    ],
    "convertedRetreatCost": 1,
    "number": "5",
    "artist": "Tomokazu Komiya",
    "rarity": "Rare Holo",
    "flavorText": "It carries food all day long. There are tales about lost people who were saved by the food it had.",
    "nationalPokedexNumbers": [
      225
    ],
    "legalities": {
      "unlimited": "Legal"
    },
    "images": {
      "small": "https://images.pokemontcg.io/neo3/5.png",
      "large": "https://images.pokemontcg.io/neo3/5_hires.png"
    }
  },
  {
    "id": "neo3-6",
    "name": "Entei",
    "supertype": "Pokémon",
    "subtypes": [
      "Basic"
    ],
    "level": "38",
    "hp": "80",
    "types": [
      "Fire"
    ],
    "abilities": [
      {
        "name": "Howl",
        "text": "When you play Entei from your hand, you may discard the top 5 cards of your deck. (If you have fewer cards in your deck than that, discard all of them.) If any of those are Fire Energy cards, attach them to any of your Fire Pokémon of your choice. Using this power ends your turn.",
        "type": "Pokémon Power"
      }
    ],
    "attacks": [
      {
        "name": "Searing Flames",
        "cost": [
          "Fire",
          "Fire",
          "Fire"
        ],
        "convertedEnergyCost": 3,
        "damage": "60",
        "text": "Discard 2 Fire Energy cards attached to Entei or this attack does nothing."
      }
    ],
    "weaknesses": [
      {
        "type": "Water",
        "value": "×2"
      }
    ],
    "retreatCost": [
      "Colorless"
    ],
    "convertedRetreatCost": 1,
    "number": "6",
    "artist": "Ken Sugimori",
    "rarity": "Rare Holo",
    "flavorText": "Volcanoes erupt when it barks. Unable to restrain its extreme power, it races headlong around the land.",
    "nationalPokedexNumbers": [
      244
    ],
    "legalities": {
      "unlimited": "Legal"
    },
    "images": {
      "small": "https://images.pokemontcg.io/neo3/6.png",
      "large": "https://images.pokemontcg.io/neo3/6_hires.png"
    }
  },
  {
    "id": "neo3-7",
    "name": "Ho-oh",
    "supertype": "Pokémon",
    "subtypes": [
      "Basic"
    ],
    "level": "45",
    "hp": "90",
    "types": [
      "Fire"
    ],
    "attacks": [
      {
        "name": "Stoke",
        "cost": [
          "Fire"
        ],
        "convertedEnergyCost": 1,
        "damage": "",
        "text": "You may search your deck for a Fire Energy card and attach it to Ho-Oh. Shuffle your deck afterward."
      },
      {
        "name": "Sacred Fire",
        "cost": [
          "Fire",
          "Fire",
          "Fire"
        ],
        "convertedEnergyCost": 3,
        "damage": "",
        "text": "Flip a coin. If heads, choose 1 of your opponent's Pokémon. This attack does 40 damage to that Pokémon. Don't apply Weakness and Resistance."
      },
      {
        "name": "Dive Bomb",
        "cost": [
          "Fire",
          "Fire",
          "Fire",
          "Fire",
          "Fire"
        ],
        "convertedEnergyCost": 5,
        "damage": "90",
        "text": "Flip a coin. If tails, this attack does nothing."
      }
    ],
    "weaknesses": [
      {
        "type": "Water",
        "value": "×2"
      }
    ],
    "resistances": [
      {
        "type": "Fighting",
        "value": "-30"
      }
    ],
    "retreatCost": [
      "Colorless",
      "Colorless"
    ],
    "convertedRetreatCost": 2,
    "number": "7",
    "artist": "Kimiya Masago",
    "rarity": "Rare Holo",
    "flavorText": "Legends claim this Pokémon flies the world's skies continuously on its magnificent seven colored wings.",
    "nationalPokedexNumbers": [
      250
    ],
    "legalities": {
      "unlimited": "Legal"
    },
    "images": {
      "small": "https://images.pokemontcg.io/neo3/7.png",
      "large": "https://images.pokemontcg.io/neo3/7_hires.png"
    }
  },
  {
    "id": "neo3-8",
    "name": "Houndoom",
    "supertype": "Pokémon",
    "subtypes": [
      "Stage 1"
    ],
    "level": "35",
    "hp": "70",
    "types": [
      "Darkness"
    ],
    "evolvesFrom": "Houndour",
    "attacks": [
      {
        "name": "Dark Flame",
        "cost": [
          "Fire"
        ],
        "convertedEnergyCost": 1,
        "damage": "20",
        "text": "Discard 1 Fire Energy card attached to Houndoom or this attack does nothing. If there are any Darkness Energy cards in your discard pile, attach 1 of them to Houndoom."
      },
      {
        "name": "Black Fang",
        "cost": [
          "Darkness",
          "Colorless",
          "Colorless"
        ],
        "convertedEnergyCost": 3,
        "damage": "30+",
        "text": "Flip a number of coins equal to the number of Darkness Energy attached to Houndoom. This attack does 30 damage plus 10 more damage for each heads."
      }
    ],
    "resistances": [
      {
        "type": "Psychic",
        "value": "-30"
      }
    ],
    "retreatCost": [
      "Colorless"
    ],
    "convertedRetreatCost": 1,
    "number": "8",
    "artist": "Mitsuhiro Arita",
    "rarity": "Rare Holo",
    "flavorText": "Upon hearing its eerie howls, other Pokémon get the shivers and head straight back to their nests.",
    "nationalPokedexNumbers": [
      229
    ],
    "legalities": {
      "unlimited": "Legal"
    },
    "images": {
      "small": "https://images.pokemontcg.io/neo3/8.png",
      "large": "https://images.pokemontcg.io/neo3/8_hires.png"
    }
  },
  {
    "id": "neo3-9",
    "name": "Jumpluff",
    "supertype": "Pokémon",
    "subtypes": [
      "Stage 2"
    ],
    "level": "37",
    "hp": "70",
    "types": [
      "Grass"
    ],
    "evolvesFrom": "Skiploom",
    "attacks": [
      {
        "name": "Evolutionary Spore",
        "cost": [
          "Grass"
        ],
        "convertedEnergyCost": 1,
        "damage": "",
        "text": "Choose any number of your Hoppips and Skiplooms. Then, for each Pokémon you chose in this way, you may search your deck for a card that evolves from that Pokémon and attach it to that Pokémon. (This counts as evolving those Pokémon.) Shuffle your deck afterward."
      },
      {
        "name": "Solarbeam",
        "cost": [
          "Grass"
        ],
        "convertedEnergyCost": 1,
        "damage": "30",
        "text": ""
      }
    ],
    "weaknesses": [
      {
        "type": "Fire",
        "value": "×2"
      }
    ],
    "resistances": [
      {
        "type": "Fighting",
        "value": "-30"
      }
    ],
    "number": "9",
    "artist": "Kagemaru Himeno",
    "rarity": "Rare Holo",
    "flavorText": "Drifts on seasonal winds and spreads its cotton-like spores all over the world to make more offspring.",
    "nationalPokedexNumbers": [
      189
    ],
    "legalities": {
      "unlimited": "Legal"
    },
    "images": {
      "small": "https://images.pokemontcg.io/neo3/9.png",
      "large": "https://images.pokemontcg.io/neo3/9_hires.png"
    }
  },
  {
    "id": "neo3-10",
    "name": "Magneton",
    "supertype": "Pokémon",
    "subtypes": [
      "Stage 1"
    ],
    "level": "37",
    "hp": "80",
    "types": [
      "Metal"
    ],
    "evolvesFrom": "Magnemite",
    "evolvesTo": [
      "Magnezone"
    ],
    "abilities": [
      {
        "name": "Electromagnetic Power",
        "text": "As often as you like during your turn (before your attack), you may take 1 Energy card attached to 1 of your Magnemites, Magnetons, or Dark Magnetons and attach it to a different 1 of your Magnemites, Magnetons, and Dark Magnetons. This power can't be used if Magneton is Asleep, Confused, or Paralyzed.",
        "type": "Pokémon Power"
      }
    ],
    "attacks": [
      {
        "name": "Plasma",
        "cost": [
          "Lightning",
          "Lightning",
          "Colorless"
        ],
        "convertedEnergyCost": 3,
        "damage": "30",
        "text": "If there are any Lightning Energy cards in your discard pile, attach 1 of them to Magneton."
      }
    ],
    "weaknesses": [
      {
        "type": "Fire",
        "value": "×2"
      }
    ],
    "resistances": [
      {
        "type": "Grass",
        "value": "-30"
      }
    ],
    "retreatCost": [
      "Colorless",
      "Colorless"
    ],
    "convertedRetreatCost": 2,
    "number": "10",
    "artist": "\"Big Mama\" Tagawa, CR CG gangs",
    "rarity": "Rare Holo",
    "flavorText": "Three Magnemites are linked by a strong magnetic force. Earaches will occur if you get too close.",
    "nationalPokedexNumbers": [
      82
    ],
    "legalities": {
      "unlimited": "Legal"
    },
    "images": {
      "small": "https://images.pokemontcg.io/neo3/10.png",
      "large": "https://images.pokemontcg.io/neo3/10_hires.png"
    }
  },
  {
    "id": "neo3-11",
    "name": "Misdreavus",
    "supertype": "Pokémon",
    "subtypes": [
      "Basic"
    ],
    "level": "25",
    "hp": "50",
    "types": [
      "Psychic"
    ],
    "evolvesTo": [
      "Mismagius"
    ],
    "attacks": [
      {
        "name": "Night Eyes",
        "cost": [
          "Psychic"
        ],
        "convertedEnergyCost": 1,
        "damage": "",
        "text": "The Defending Pokémon is now Asleep."
      },
      {
        "name": "Perish Song",
        "cost": [
          "Psychic",
          "Psychic",
          "Psychic"
        ],
        "convertedEnergyCost": 3,
        "damage": "",
        "text": "If the Defending Pokémon is Asleep and was attacked with Night Eyes during your last turn, it is Knocked Out."
      }
    ],
    "resistances": [
      {
        "type": "Fighting",
        "value": "-30"
      }
    ],
    "retreatCost": [
      "Colorless"
    ],
    "convertedRetreatCost": 1,
    "number": "11",
    "artist": "Ken Sugimori",
    "rarity": "Rare Holo",
    "flavorText": "It likes playing mischievous tricks such as screaming and wailing to startle people at night.",
    "nationalPokedexNumbers": [
      200
    ],
    "legalities": {
      "unlimited": "Legal"
    },
    "images": {
      "small": "https://images.pokemontcg.io/neo3/11.png",
      "large": "https://images.pokemontcg.io/neo3/11_hires.png"
    }
  },
  {
    "id": "neo3-12",
    "name": "Porygon2",
    "supertype": "Pokémon",
    "subtypes": [
      "Stage 1"
    ],
    "level": "33",
    "hp": "70",
    "types": [
      "Colorless"
    ],
    "evolvesFrom": "Porygon",
    "evolvesTo": [
      "Porygon-Z"
    ],
    "abilities": [
      {
        "name": "Energy Converter",
        "text": "Once during your turn (before your attack), you may choose 1 basic Energy card attached to 1 of your Pokémon and choose an Energy type. Treat that Energy card as that type until the end of your turn. This power can't be used if Porygon2 is Asleep, Confused, or Paralyzed. If Porygon2 becomes Asleep, Confused, or Paralyzed, the Energy card goes back to its original type.",
        "type": "Pokémon Power"
      }
    ],
    "attacks": [
      {
        "name": "Delta Beam",
        "cost": [
          "Colorless",
          "Colorless",
          "Colorless"
        ],
        "convertedEnergyCost": 3,
        "damage": "20",
        "text": "Flip a coin. If heads, choose whether the Defending Pokémon becomes Asleep, Confused, or Paralyzed."
      }
    ],
    "weaknesses": [
      {
        "type": "Fighting",
        "value": "×2"
      }
    ],
    "resistances": [
      {
        "type": "Psychic",
        "value": "-30"
      }
    ],
    "retreatCost": [
      "Colorless"
    ],
    "convertedRetreatCost": 1,
    "number": "12",
    "artist": "Keiji Kinebuchi",
    "rarity": "Rare Holo",
    "flavorText": "This upgraded version of Porygon is designed for space exploration. It can't fly, though.",
    "nationalPokedexNumbers": [
      233
    ],
    "legalities": {
      "unlimited": "Legal"
    },
    "images": {
      "small": "https://images.pokemontcg.io/neo3/12.png",
      "large": "https://images.pokemontcg.io/neo3/12_hires.png"
    }
  },
  {
    "id": "neo3-13",
    "name": "Raikou",
    "supertype": "Pokémon",
    "subtypes": [
      "Basic"
    ],
    "level": "40",
    "hp": "80",
    "types": [
      "Lightning"
    ],
    "abilities": [
      {
        "name": "Lightning Burst",
        "text": "Whenever you attach a Lightning Energy card from your hand to Raikou, if your opponent has any Benched Pokémon, he or she chooses 1 of them and switches it with the Defending Pokémon. This power stops working while Raikou is Asleep, Confused, or Paralyzed.",
        "type": "Pokémon Power"
      }
    ],
    "attacks": [
      {
        "name": "Lightning Tackle",
        "cost": [
          "Lightning",
          "Lightning",
          "Lightning"
        ],
        "convertedEnergyCost": 3,
        "damage": "50",
        "text": "Flip a coin. If tails, Raikou does 20 damage to itself."
      }
    ],
    "weaknesses": [
      {
        "type": "Fighting",
        "value": "×2"
      }
    ],
    "retreatCost": [
      "Colorless"
    ],
    "convertedRetreatCost": 1,
    "number": "13",
    "artist": "Ken Sugimori",
    "rarity": "Rare Holo",
    "flavorText": "The rain clouds it carries let it fire thunderbolts at will. They say that it descended with lightning.",
    "nationalPokedexNumbers": [
      243
    ],
    "legalities": {
      "unlimited": "Legal"
    },
    "images": {
      "small": "https://images.pokemontcg.io/neo3/13.png",
      "large": "https://images.pokemontcg.io/neo3/13_hires.png"
    }
  },
  {
    "id": "neo3-14",
    "name": "Suicune",
    "supertype": "Pokémon",
    "subtypes": [
      "Basic"
    ],
    "level": "33",
    "hp": "70",
    "types": [
      "Water"
    ],
    "abilities": [
      {
        "name": "Crystal Body",
        "text": "Prevent all effects of your opponent's attacks, other than damage, done to Suicune. This power stops working while Suicune is Asleep, Confused, or Paralyzed.",
        "type": "Pokémon Power"
      }
    ],
    "attacks": [
      {
        "name": "Aurora Wave",
        "cost": [
          "Water",
          "Water",
          "Water"
        ],
        "convertedEnergyCost": 3,
        "damage": "30",
        "text": "Flip 2 coins. If both are heads, the Defending Pokémon is now Paralyzed. If only 1 is heads, the Defending Pokémon is now Asleep."
      }
    ],
    "weaknesses": [
      {
        "type": "Lightning",
        "value": "×2"
      }
    ],
    "retreatCost": [
      "Colorless"
    ],
    "convertedRetreatCost": 1,
    "number": "14",
    "artist": "Ken Sugimori",
    "rarity": "Rare Holo",
    "flavorText": "Said to be the reincarnation of north winds, it can instantly purify filthy, murky water.",
    "nationalPokedexNumbers": [
      245
    ],
    "legalities": {
      "unlimited": "Legal"
    },
    "images": {
      "small": "https://images.pokemontcg.io/neo3/14.png",
      "large": "https://images.pokemontcg.io/neo3/14_hires.png"
    }
  },
  {
    "id": "neo3-15",
    "name": "Aerodactyl",
    "supertype": "Pokémon",
    "subtypes": [
      "Stage 1"
    ],
    "level": "27",
    "hp": "60",
    "types": [
      "Fighting"
    ],
    "evolvesFrom": "Mysterious Fossil",
    "abilities": [
      {
        "name": "Prehistoric Memory",
        "text": "Whenever an Evolved Pokémon attacks (even if it's your opponent's), it can use any attack from its Basic Pokémon card or any Evolution card attached to it. It still has to pay for that attack's Energy cost. This power stops working while Aerodactyl is Asleep, Confused, or Paralyzed.",
        "type": "Pokémon Power"
      }
    ],
    "attacks": [
      {
        "name": "Fly",
        "cost": [
          "Colorless",
          "Colorless",
          "Colorless"
        ],
        "convertedEnergyCost": 3,
        "damage": "30",
        "text": "Flip a coin. If heads, during your opponent's next turn, prevent all effects of attacks, including damage, done to Aerodactyl. If tails, this attack does nothing (not even damage)."
      }
    ],
    "weaknesses": [
      {
        "type": "Grass",
        "value": "×2"
      }
    ],
    "resistances": [
      {
        "type": "Fighting",
        "value": "-30"
      }
    ],
    "retreatCost": [
      "Colorless",
      "Colorless"
    ],
    "convertedRetreatCost": 2,
    "number": "15",
    "artist": "Shin-ichi Yoshida",
    "rarity": "Rare",
    "flavorText": "A vicious Pokémon from the distant past, it appears to have flown by spreading its wings and gliding.",
    "nationalPokedexNumbers": [
      142
    ],
    "legalities": {
      "unlimited": "Legal"
    },
    "images": {
      "small": "https://images.pokemontcg.io/neo3/15.png",
      "large": "https://images.pokemontcg.io/neo3/15_hires.png"
    }
  },
  {
    "id": "neo3-16",
    "name": "Celebi",
    "supertype": "Pokémon",
    "subtypes": [
      "Basic"
    ],
    "level": "14",
    "hp": "50",
    "types": [
      "Grass"
    ],
    "attacks": [
      {
        "name": "Psychic Leaf",
        "cost": [
          "Grass",
          "Grass"
        ],
        "convertedEnergyCost": 2,
        "damage": "10+",
        "text": "Flip a coin for each Energy attached to the Defending Pokémon. This attack does 10 damage plus 10 more damage for each heads. Remove a number of damage counters from Celebi equal to the damage done to the Defending Pokémon (after applying Weakness and Resistance). If Celebi has fewer damage counters than that, remove all of them."
      }
    ],
    "weaknesses": [
      {
        "type": "Fire",
        "value": "×2"
      }
    ],
    "retreatCost": [
      "Colorless"
    ],
    "convertedRetreatCost": 1,
    "number": "16",
    "artist": "Sumiyoshi Kizuki",
    "rarity": "Rare",
    "flavorText": "When Celebi disappears deep in a forest, it is said to leave behind an egg it brought from the future.",
    "nationalPokedexNumbers": [
      251
    ],
    "legalities": {
      "unlimited": "Legal"
    },
    "images": {
      "small": "https://images.pokemontcg.io/neo3/16.png",
      "large": "https://images.pokemontcg.io/neo3/16_hires.png"
    }
  },
  {
    "id": "neo3-17",
    "name": "Entei",
    "supertype": "Pokémon",
    "subtypes": [
      "Basic"
    ],
    "level": "24",
    "hp": "60",
    "types": [
      "Fire"
    ],
    "abilities": [
      {
        "name": "Legendary Body",
        "text": "As long as Entei is your Active Pokémon, Entei and Energy cards attached to it aren't affected by effects from Trainer cards other than Stadium cards. As long as this Power is active, discard any Trainer cards attached to Entei. (This power works even if Entei is Asleep, Confused, or Paralyzed.)",
        "type": "Pokémon Power"
      }
    ],
    "attacks": [
      {
        "name": "Mega Flame",
        "cost": [
          "Fire",
          "Fire",
          "Fire"
        ],
        "convertedEnergyCost": 3,
        "damage": "50",
        "text": "Flip 2 coins. For each tails, discard 1 Fire Energy card from Entei, if it has any."
      }
    ],
    "weaknesses": [
      {
        "type": "Water",
        "value": "×2"
      }
    ],
    "number": "17",
    "artist": "Naoyo Kimura",
    "rarity": "Rare",
    "flavorText": "A Pokémon that races across the land. It is said that one is born every time a new volcano appears.",
    "nationalPokedexNumbers": [
      244
    ],
    "legalities": {
      "unlimited": "Legal"
    },
    "images": {
      "small": "https://images.pokemontcg.io/neo3/17.png",
      "large": "https://images.pokemontcg.io/neo3/17_hires.png"
    }
  },
  {
    "id": "neo3-18",
    "name": "Ho-oh",
    "supertype": "Pokémon",
    "subtypes": [
      "Basic"
    ],
    "level": "44",
    "hp": "90",
    "types": [
      "Colorless"
    ],
    "attacks": [
      {
        "name": "Rainbow Burn",
        "cost": [
          "Colorless",
          "Colorless",
          "Colorless",
          "Colorless"
        ],
        "convertedEnergyCost": 4,
        "damage": "30+",
        "text": "This attack does 30 damage plus 10 more damage for each type of Basic Energy card, if any, attached to Ho-Oh."
      }
    ],
    "weaknesses": [
      {
        "type": "Water",
        "value": "×2"
      }
    ],
    "resistances": [
      {
        "type": "Fighting",
        "value": "-30"
      }
    ],
    "retreatCost": [
      "Colorless",
      "Colorless"
    ],
    "convertedRetreatCost": 2,
    "number": "18",
    "artist": "Aya Kusube",
    "rarity": "Rare",
    "flavorText": "A legend says that its body glows in seven colors. A rainbow is said to form behind it when it flies.",
    "nationalPokedexNumbers": [
      250
    ],
    "legalities": {
      "unlimited": "Legal"
    },
    "images": {
      "small": "https://images.pokemontcg.io/neo3/18.png",
      "large": "https://images.pokemontcg.io/neo3/18_hires.png"
    }
  },
  {
    "id": "neo3-19",
    "name": "Kingdra",
    "supertype": "Pokémon",
    "subtypes": [
      "Stage 2"
    ],
    "level": "49",
    "hp": "90",
    "types": [
      "Water"
    ],
    "evolvesFrom": "Seadra",
    "attacks": [
      {
        "name": "Genetic Memory",
        "cost": [
          "Colorless"
        ],
        "convertedEnergyCost": 1,
        "damage": "",
        "text": "Use any attack from Kingdra's Basic Pokémon card or Evolution card. (Kingdra doesn't have to pay for that attack's Energy cost.)"
      },
      {
        "name": "Twister",
        "cost": [
          "Water",
          "Water",
          "Colorless",
          "Colorless"
        ],
        "convertedEnergyCost": 4,
        "damage": "50",
        "text": "Flip 2 coins. For each heads, choose 1 Energy card attached to the Defending Pokémon, if any, and discard it. If both are tails, this attack does nothing (not even damage)."
      }
    ],
    "retreatCost": [
      "Colorless",
      "Colorless"
    ],
    "convertedRetreatCost": 2,
    "number": "19",
    "artist": "Mitsuhiro Arita",
    "rarity": "Rare",
    "flavorText": "It sleeps deep on the ocean floor to build its energy. It is said to cause tornadoes as it wakes.",
    "nationalPokedexNumbers": [
      230
    ],
    "legalities": {
      "unlimited": "Legal"
    },
    "images": {
      "small": "https://images.pokemontcg.io/neo3/19.png",
      "large": "https://images.pokemontcg.io/neo3/19_hires.png"
    }
  },
  {
    "id": "neo3-20",
    "name": "Lugia",
    "supertype": "Pokémon",
    "subtypes": [
      "Basic"
    ],
    "level": "43",
    "hp": "90",
    "types": [
      "Psychic"
    ],
    "attacks": [
      {
        "name": "Aerowing",
        "cost": [
          "Colorless",
          "Colorless",
          "Colorless",
          "Colorless"
        ],
        "convertedEnergyCost": 4,
        "damage": "40",
        "text": "You may flip a coin. If heads, this attack does 80 damage. If tails, this attack does nothing."
      }
    ],
    "weaknesses": [
      {
        "type": "Psychic",
        "value": "×2"
      }
    ],
    "resistances": [
      {
        "type": "Fighting",
        "value": "-30"
      }
    ],
    "retreatCost": [
      "Colorless",
      "Colorless"
    ],
    "convertedRetreatCost": 2,
    "number": "20",
    "artist": "Aya Kusube",
    "rarity": "Rare",
    "flavorText": "It is said to be the guardian of the seas. It is rumored to have been seen on the night of a storm.",
    "nationalPokedexNumbers": [
      249
    ],
    "legalities": {
      "unlimited": "Legal"
    },
    "images": {
      "small": "https://images.pokemontcg.io/neo3/20.png",
      "large": "https://images.pokemontcg.io/neo3/20_hires.png"
    }
  },
  {
    "id": "neo3-21",
    "name": "Raichu",
    "supertype": "Pokémon",
    "subtypes": [
      "Stage 1"
    ],
    "level": "39",
    "hp": "80",
    "types": [
      "Lightning"
    ],
    "evolvesFrom": "Pikachu",
    "attacks": [
      {
        "name": "Thundershock",
        "cost": [
          "Lightning",
          "Colorless"
        ],
        "convertedEnergyCost": 2,
        "damage": "20",
        "text": "Flip a coin. If heads, the Defending Pokémon is now Paralyzed."
      },
      {
        "name": "Lightning Strike",
        "cost": [
          "Lightning",
          "Lightning",
          "Lightning"
        ],
        "convertedEnergyCost": 3,
        "damage": "40",
        "text": "You may discard all Lightning Energy cards attached to Raichu. If you do, this attack does 80 damage."
      }
    ],
    "weaknesses": [
      {
        "type": "Fighting",
        "value": "×2"
      }
    ],
    "retreatCost": [
      "Colorless"
    ],
    "convertedRetreatCost": 1,
    "number": "21",
    "artist": "Masako Yamashita",
    "rarity": "Rare",
    "flavorText": "If the electric pouches in its cheeks become fully charged, both ears will stand straight up.",
    "nationalPokedexNumbers": [
      26
    ],
    "legalities": {
      "unlimited": "Legal"
    },
    "images": {
      "small": "https://images.pokemontcg.io/neo3/21.png",
      "large": "https://images.pokemontcg.io/neo3/21_hires.png"
    }
  },
  {
    "id": "neo3-22",
    "name": "Raikou",
    "supertype": "Pokémon",
    "subtypes": [
      "Basic"
    ],
    "level": "26",
    "hp": "60",
    "types": [
      "Lightning"
    ],
    "abilities": [
      {
        "name": "Legendary Body",
        "text": "As long as Raikou is your Active Pokémon, Raikou and Energy cards attached to it aren't affected by effects from Trainer cards other than Stadium cards. As long as this Power is active, discard any Trainer cards attached to Raikou. (This power works even if Raikou is Asleep, Confused, or Paralyzed.)",
        "type": "Pokémon Power"
      }
    ],
    "attacks": [
      {
        "name": "Lightning Spark",
        "cost": [
          "Lightning",
          "Lightning",
          "Lightning"
        ],
        "convertedEnergyCost": 3,
        "damage": "30",
        "text": "If your opponent has any Benched Pokémon, flip a coin. If heads, choose 1 of them and this attack does 20 damage to it. (Don't apply Weakness and Resistance for Benched Pokémon.)"
      }
    ],
    "weaknesses": [
      {
        "type": "Fighting",
        "value": "×2"
      }
    ],
    "number": "22",
    "artist": "Naoyo Kimura",
    "rarity": "Rare",
    "flavorText": "A Pokémon that races across the land while barking a cry that sounds like crashing thunder.",
    "nationalPokedexNumbers": [
      243
    ],
    "legalities": {
      "unlimited": "Legal"
    },
    "images": {
      "small": "https://images.pokemontcg.io/neo3/22.png",
      "large": "https://images.pokemontcg.io/neo3/22_hires.png"
    }
  },
  {
    "id": "neo3-23",
    "name": "Skarmory",
    "supertype": "Pokémon",
    "subtypes": [
      "Basic"
    ],
    "level": "29",
    "hp": "60",
    "types": [
      "Metal"
    ],
    "attacks": [
      {
        "name": "Fury Attack",
        "cost": [
          "Colorless"
        ],
        "convertedEnergyCost": 1,
        "damage": "10×",
        "text": "Flip 2 coins. This attack does 10 damage times the number of heads."
      },
      {
        "name": "Agility",
        "cost": [
          "Metal",
          "Colorless",
          "Colorless"
        ],
        "convertedEnergyCost": 3,
        "damage": "20",
        "text": "Flip a coin. If heads, during your opponent's next turn, prevent all effects of attacks, including damage, done to Skarmory."
      }
    ],
    "weaknesses": [
      {
        "type": "Fire",
        "value": "×2"
      }
    ],
    "resistances": [
      {
        "type": "Grass",
        "value": "-30"
      }
    ],
    "retreatCost": [
      "Colorless",
      "Colorless"
    ],
    "convertedRetreatCost": 2,
    "number": "23",
    "artist": "Aya Kusube",
    "rarity": "Rare",
    "flavorText": "After nesting in bramble bushes, the wings of its chicks grow hard from scratches by thorns.",
    "nationalPokedexNumbers": [
      227
    ],
    "legalities": {
      "unlimited": "Legal"
    },
    "images": {
      "small": "https://images.pokemontcg.io/neo3/23.png",
      "large": "https://images.pokemontcg.io/neo3/23_hires.png"
    }
  },
  {
    "id": "neo3-24",
    "name": "Sneasel",
    "supertype": "Pokémon",
    "subtypes": [
      "Basic"
    ],
    "level": "32",
    "hp": "60",
    "types": [
      "Darkness"
    ],
    "evolvesTo": [
      "Weavile"
    ],
    "attacks": [
      {
        "name": "Swipe",
        "cost": [
          "Darkness"
        ],
        "convertedEnergyCost": 1,
        "damage": "",
        "text": "Flip a coin. If heads, discard all Trainer cards attached to your opponent's Pokémon."
      },
      {
        "name": "Quick Attack",
        "cost": [
          "Colorless",
          "Colorless"
        ],
        "convertedEnergyCost": 2,
        "damage": "10+",
        "text": "Flip a coin. If heads, this attack does 10 damage plus 20 more damage."
      }
    ],
    "resistances": [
      {
        "type": "Psychic",
        "value": "-30"
      }
    ],
    "number": "24",
    "artist": "Sumiyoshi Kizuki",
    "rarity": "Rare",
    "flavorText": "Its paws conceal sharp claws. If attacked, it suddenly extends the claws and startles its enemy.",
    "nationalPokedexNumbers": [
      215
    ],
    "legalities": {
      "unlimited": "Legal"
    },
    "images": {
      "small": "https://images.pokemontcg.io/neo3/24.png",
      "large": "https://images.pokemontcg.io/neo3/24_hires.png"
    }
  },
  {
    "id": "neo3-25",
    "name": "Starmie",
    "supertype": "Pokémon",
    "subtypes": [
      "Stage 1"
    ],
    "level": "31",
    "hp": "70",
    "types": [
      "Psychic"
    ],
    "evolvesFrom": "Staryu",
    "attacks": [
      {
        "name": "Confuse Ray",
        "cost": [
          "Water"
        ],
        "convertedEnergyCost": 1,
        "damage": "10",
        "text": "Flip a coin. If heads, the Defending Pokémon is now Confused."
      },
      {
        "name": "Core Stream",
        "cost": [
          "Psychic",
          "Psychic",
          "Colorless"
        ],
        "convertedEnergyCost": 3,
        "damage": "",
        "text": "Choose an Energy type other than Colorless. This attack does 20 damage to each of your opponent's Pokémon with any Energy cards of that type attached to it. Don't apply Weakness and Resistance."
      }
    ],
    "weaknesses": [
      {
        "type": "Psychic",
        "value": "×2"
      }
    ],
    "retreatCost": [
      "Colorless"
    ],
    "convertedRetreatCost": 1,
    "number": "25",
    "artist": "Keita Komatsuya, CR CG gangs",
    "rarity": "Rare",
    "flavorText": "The center section of its body is called the core. It glows in a different color each time it is seen.",
    "nationalPokedexNumbers": [
      121
    ],
    "legalities": {
      "unlimited": "Legal"
    },
    "images": {
      "small": "https://images.pokemontcg.io/neo3/25.png",
      "large": "https://images.pokemontcg.io/neo3/25_hires.png"
    }
  },
  {
    "id": "neo3-26",
    "name": "Sudowoodo",
    "supertype": "Pokémon",
    "subtypes": [
      "Basic"
    ],
    "level": "27",
    "hp": "60",
    "types": [
      "Fighting"
    ],
    "abilities": [
      {
        "name": "Mimic",
        "text": "As long as Sudowoodo is your Active Pokémon, it copies all of the Defending Pokémon's attacks, including their costs. This power can't be used if Sudowoodo is Asleep, Confused, or Paralyzed.",
        "type": "Pokémon Power"
      }
    ],
    "attacks": [
      {
        "name": "Slam",
        "cost": [
          "Colorless",
          "Colorless"
        ],
        "convertedEnergyCost": 2,
        "damage": "20×",
        "text": "Flip 2 coins. This attack does 20 damage times the number of heads."
      }
    ],
    "weaknesses": [
      {
        "type": "Water",
        "value": "×2"
      }
    ],
    "retreatCost": [
      "Colorless",
      "Colorless",
      "Colorless"
    ],
    "convertedRetreatCost": 3,
    "number": "26",
    "artist": "Sumiyoshi Kizuki",
    "rarity": "Rare",
    "flavorText": "It disguises itself as a tree to avoid attack. It hates water, so it will disappear if it starts raining.",
    "nationalPokedexNumbers": [
      185
    ],
    "legalities": {
      "unlimited": "Legal"
    },
    "images": {
      "small": "https://images.pokemontcg.io/neo3/26.png",
      "large": "https://images.pokemontcg.io/neo3/26_hires.png"
    }
  },
  {
    "id": "neo3-27",
    "name": "Suicune",
    "supertype": "Pokémon",
    "subtypes": [
      "Basic"
    ],
    "level": "25",
    "hp": "60",
    "types": [
      "Water"
    ],
    "abilities": [
      {
        "name": "Legendary Body",
        "text": "As long as Suicune is your Active Pokémon, Suicune and Energy cards attached to it aren't affected by effects from Trainer cards other than Stadium cards. As long as this Power is active, discard any Trainer cards attached to Suicune. (This power works even if Suicune is Asleep, Confused, or Paralyzed.)",
        "type": "Pokémon Power"
      }
    ],
    "attacks": [
      {
        "name": "Crystal Wave",
        "cost": [
          "Water",
          "Water",
          "Water"
        ],
        "convertedEnergyCost": 3,
        "damage": "30+",
        "text": "Flip a coin. If heads, this attack does 30 damage plus 10 more damage. If tails, this attack does 30 damage and, if your opponent has any Benched Pokémon, he or she chooses 1 of them and switches it with the Defending Pokémon. (Do the damage before switching the Pokémon.)"
      }
    ],
    "weaknesses": [
      {
        "type": "Lightning",
        "value": "×2"
      }
    ],
    "number": "27",
    "artist": "Naoyo Kimura",
    "rarity": "Rare",
    "flavorText": "This Pokémon races across the land. It is said that north winds will somehow blow whenever it appears.",
    "nationalPokedexNumbers": [
      245
    ],
    "legalities": {
      "unlimited": "Legal"
    },
    "images": {
      "small": "https://images.pokemontcg.io/neo3/27.png",
      "large": "https://images.pokemontcg.io/neo3/27_hires.png"
    }
  },
  {
    "id": "neo3-28",
    "name": "Flaaffy",
    "supertype": "Pokémon",
    "subtypes": [
      "Stage 1"
    ],
    "level": "32",
    "hp": "70",
    "types": [
      "Lightning"
    ],
    "evolvesFrom": "Mareep",
    "evolvesTo": [
      "Ampharos"
    ],
    "attacks": [
      {
        "name": "Electric Punch",
        "cost": [
          "Lightning"
        ],
        "convertedEnergyCost": 1,
        "damage": "20",
        "text": ""
      },
      {
        "name": "Tail Shock",
        "cost": [
          "Lightning",
          "Colorless",
          "Colorless"
        ],
        "convertedEnergyCost": 3,
        "damage": "30",
        "text": "Flip a coin. If heads, this attack does 10 damage to each of your opponent's Benched Pokémon. (Don't apply Weakness and Resistance for Benched Pokémon.)"
      }
    ],
    "weaknesses": [
      {
        "type": "Fighting",
        "value": "×2"
      }
    ],
    "retreatCost": [
      "Colorless"
    ],
    "convertedRetreatCost": 1,
    "number": "28",
    "artist": "Toshinao Aoki",
    "rarity": "Uncommon",
    "flavorText": "Its fluffy fleece easily stores electricity. Its rubbery hide keeps it from being electrocuted.",
    "nationalPokedexNumbers": [
      180
    ],
    "legalities": {
      "unlimited": "Legal"
    },
    "images": {
      "small": "https://images.pokemontcg.io/neo3/28.png",
      "large": "https://images.pokemontcg.io/neo3/28_hires.png"
    }
  },
  {
    "id": "neo3-29",
    "name": "Golbat",
    "supertype": "Pokémon",
    "subtypes": [
      "Stage 1"
    ],
    "level": "27",
    "hp": "60",
    "types": [
      "Grass"
    ],
    "evolvesFrom": "Zubat",
    "evolvesTo": [
      "Crobat"
    ],
    "attacks": [
      {
        "name": "Screech",
        "cost": [
          "Colorless"
        ],
        "convertedEnergyCost": 1,
        "damage": "",
        "text": "Until the end of your next turn, if an attack damages the Defending Pokémon (after applying Weakness and Resistance), that attack does 20 more damage to the Defending Pokémon."
      },
      {
        "name": "Poison Bite",
        "cost": [
          "Grass",
          "Colorless"
        ],
        "convertedEnergyCost": 2,
        "damage": "10",
        "text": "If this attack damages the Defending Pokémon, the Defending Pokémon is now Poisoned and you remove a number of damage counters from Golbat equal to half that damage (rounded up to the nearest 10). If Golbat has fewer damage counters than that, remove all of them. Either way, the Defending Pokémon is now Poisoned."
      }
    ],
    "weaknesses": [
      {
        "type": "Psychic",
        "value": "×2"
      }
    ],
    "resistances": [
      {
        "type": "Fighting",
        "value": "-30"
      }
    ],
    "number": "29",
    "artist": "Masako Yamashita",
    "rarity": "Uncommon",
    "flavorText": "It can drink more than 10 ounces of blood at once. If it has too much, it gets heavy and flies clumsily.",
    "nationalPokedexNumbers": [
      42
    ],
    "legalities": {
      "unlimited": "Legal"
    },
    "images": {
      "small": "https://images.pokemontcg.io/neo3/29.png",
      "large": "https://images.pokemontcg.io/neo3/29_hires.png"
    }
  },
  {
    "id": "neo3-30",
    "name": "Graveler",
    "supertype": "Pokémon",
    "subtypes": [
      "Stage 1"
    ],
    "level": "32",
    "hp": "70",
    "types": [
      "Fighting"
    ],
    "evolvesFrom": "Geodude",
    "evolvesTo": [
      "Golem"
    ],
    "attacks": [
      {
        "name": "Earthquake",
        "cost": [
          "Fighting",
          "Colorless"
        ],
        "convertedEnergyCost": 2,
        "damage": "40",
        "text": "Does 10 damage to each of your own Benched Pokémon. (Don't apply Weakness and Resistance for Benched Pokémon.)"
      },
      {
        "name": "Rock Tumble",
        "cost": [
          "Fighting",
          "Fighting",
          "Fighting"
        ],
        "convertedEnergyCost": 3,
        "damage": "50",
        "text": "Don't apply Resistance."
      }
    ],
    "weaknesses": [
      {
        "type": "Grass",
        "value": "×2"
      }
    ],
    "retreatCost": [
      "Colorless",
      "Colorless"
    ],
    "convertedRetreatCost": 2,
    "number": "30",
    "artist": "Yukiko Baba",
    "rarity": "Uncommon",
    "flavorText": "With a free and uncaring nature, it doesn't mind if pieces break off while it rolls down mountains.",
    "nationalPokedexNumbers": [
      75
    ],
    "legalities": {
      "unlimited": "Legal"
    },
    "images": {
      "small": "https://images.pokemontcg.io/neo3/30.png",
      "large": "https://images.pokemontcg.io/neo3/30_hires.png"
    }
  },
  {
    "id": "neo3-31",
    "name": "Jynx",
    "supertype": "Pokémon",
    "subtypes": [
      "Basic"
    ],
    "level": "20",
    "hp": "60",
    "types": [
      "Water"
    ],
    "attacks": [
      {
        "name": "Freezing Kiss Goodnight",
        "cost": [
          "Water"
        ],
        "convertedEnergyCost": 1,
        "damage": "",
        "text": "The Defending Pokémon is now Asleep."
      },
      {
        "name": "Strange Dance",
        "cost": [
          "Psychic",
          "Psychic",
          "Colorless"
        ],
        "convertedEnergyCost": 3,
        "damage": "20+",
        "text": "Flip a coin. If heads, this attack does 20 damage plus 20 more damage and the Defending Pokémon is now Confused. If tails, this attack does 20 damage."
      }
    ],
    "weaknesses": [
      {
        "type": "Psychic",
        "value": "×2"
      }
    ],
    "retreatCost": [
      "Colorless"
    ],
    "convertedRetreatCost": 1,
    "number": "31",
    "artist": "Tomokazu Komiya",
    "rarity": "Uncommon",
    "flavorText": "It rocks its body rhythmically. It appears to alter the rhythm depending on how it is feeling.",
    "nationalPokedexNumbers": [
      124
    ],
    "legalities": {
      "unlimited": "Legal"
    },
    "images": {
      "small": "https://images.pokemontcg.io/neo3/31.png",
      "large": "https://images.pokemontcg.io/neo3/31_hires.png"
    }
  },
  {
    "id": "neo3-32",
    "name": "Lanturn",
    "supertype": "Pokémon",
    "subtypes": [
      "Stage 1"
    ],
    "level": "31",
    "hp": "80",
    "types": [
      "Lightning"
    ],
    "evolvesFrom": "Chinchou",
    "abilities": [
      {
        "name": "Submerge",
        "text": "Once during your turn (before your attack), you may change Lanturn's type to Water until the end of your turn. This power can't be used if Lanturn is Asleep, Confused, or Paralyzed. If Lanturn becomes Asleep, Confused, or Paralyzed after you have used this power, its type changes back to Lightning.",
        "type": "Pokémon Power"
      }
    ],
    "attacks": [
      {
        "name": "Blinding Light",
        "cost": [
          "Lightning",
          "Colorless",
          "Colorless"
        ],
        "convertedEnergyCost": 3,
        "damage": "30",
        "text": "Flip a coin. If heads, the Defending Pokémon is now Confused."
      }
    ],
    "weaknesses": [
      {
        "type": "Fighting",
        "value": "×2"
      }
    ],
    "retreatCost": [
      "Colorless",
      "Colorless"
    ],
    "convertedRetreatCost": 2,
    "number": "32",
    "artist": "Kagemaru Himeno",
    "rarity": "Uncommon",
    "flavorText": "It blinds prey with an intense burst of light, then swallows the immobilized prey in a single gulp.",
    "nationalPokedexNumbers": [
      171
    ],
    "legalities": {
      "unlimited": "Legal"
    },
    "images": {
      "small": "https://images.pokemontcg.io/neo3/32.png",
      "large": "https://images.pokemontcg.io/neo3/32_hires.png"
    }
  },
  {
    "id": "neo3-33",
    "name": "Magcargo",
    "supertype": "Pokémon",
    "subtypes": [
      "Stage 1"
    ],
    "level": "48",
    "hp": "80",
    "types": [
      "Fire"
    ],
    "evolvesFrom": "Slugma",
    "abilities": [
      {
        "name": "Magma Pool",
        "text": "If Magcargo is your Active Pokémon and moves to the Bench, remove 1 Fire Energy card attached to Magcargo, if any, and attach it to the new Active Pokémon. (You can't choose an Energy card that you used to pay the Retreat Cost.)",
        "type": "Pokémon Power"
      }
    ],
    "attacks": [
      {
        "name": "Lava Flow",
        "cost": [
          "Fire",
          "Fire",
          "Fire"
        ],
        "convertedEnergyCost": 3,
        "damage": "40+",
        "text": "You may discard any number of Fire Energy cards attached to Magcargo when you use this attack. If you do, this attack does 40 damage plus 20 more damage for each Fire Energy card you discarded in this way."
      }
    ],
    "weaknesses": [
      {
        "type": "Water",
        "value": "×2"
      }
    ],
    "retreatCost": [
      "Colorless",
      "Colorless",
      "Colorless"
    ],
    "convertedRetreatCost": 3,
    "number": "33",
    "artist": "Shin-ichi Yoshida",
    "rarity": "Uncommon",
    "flavorText": "The shell on its back is just skin that has cooled and hardened. It breaks easily with a slight touch.",
    "nationalPokedexNumbers": [
      219
    ],
    "legalities": {
      "unlimited": "Legal"
    },
    "images": {
      "small": "https://images.pokemontcg.io/neo3/33.png",
      "large": "https://images.pokemontcg.io/neo3/33_hires.png"
    }
  },
  {
    "id": "neo3-34",
    "name": "Octillery",
    "supertype": "Pokémon",
    "subtypes": [
      "Stage 1"
    ],
    "level": "43",
    "hp": "80",
    "types": [
      "Water"
    ],
    "evolvesFrom": "Remoraid",
    "attacks": [
      {
        "name": "Constrict",
        "cost": [
          "Water"
        ],
        "convertedEnergyCost": 1,
        "damage": "10",
        "text": "Flip a coin. If heads, the Defending Pokémon is now Paralyzed."
      },
      {
        "name": "Octazooka",
        "cost": [
          "Water",
          "Water",
          "Water"
        ],
        "convertedEnergyCost": 3,
        "damage": "40",
        "text": "Flip a coin. If heads, whenever the Defending Pokémon attacks, your opponent flips a coin. If tails, that attack does nothing. (Benching or evolving that Pokémon ends this effect.)"
      }
    ],
    "weaknesses": [
      {
        "type": "Lightning",
        "value": "×2"
      }
    ],
    "retreatCost": [
      "Colorless",
      "Colorless"
    ],
    "convertedRetreatCost": 2,
    "number": "34",
    "artist": "Tomokazu Komiya",
    "rarity": "Uncommon",
    "flavorText": "It traps enemies with its suction cupped tentacles then smashes them with its rockhard head.",
    "nationalPokedexNumbers": [
      224
    ],
    "legalities": {
      "unlimited": "Legal"
    },
    "images": {
      "small": "https://images.pokemontcg.io/neo3/34.png",
      "large": "https://images.pokemontcg.io/neo3/34_hires.png"
    }
  },
  {
    "id": "neo3-35",
    "name": "Parasect",
    "supertype": "Pokémon",
    "subtypes": [
      "Stage 1"
    ],
    "level": "30",
    "hp": "60",
    "types": [
      "Grass"
    ],
    "evolvesFrom": "Paras",
    "abilities": [
      {
        "name": "Allergic Pollen",
        "text": "As long as Parasect is in play, cards in any player's discard piles are not affected by attacks or Pokémon Powers. This power stops working if Parasect becomes Asleep, Confused, or Paralyzed.",
        "type": "Pokémon Power"
      }
    ],
    "attacks": [
      {
        "name": "Sleep Pinchers",
        "cost": [
          "Grass",
          "Grass"
        ],
        "convertedEnergyCost": 2,
        "damage": "30",
        "text": "Flip a coin. If heads, the Defending Pokémon is now Asleep."
      }
    ],
    "weaknesses": [
      {
        "type": "Fire",
        "value": "×2"
      }
    ],
    "retreatCost": [
      "Colorless",
      "Colorless"
    ],
    "convertedRetreatCost": 2,
    "number": "35",
    "artist": "Atsuko Nishida",
    "rarity": "Uncommon",
    "flavorText": "It stays mostly in dark, damp places, the preference not of the bug, but of the big mushrooms on its back.",
    "nationalPokedexNumbers": [
      47
    ],
    "legalities": {
      "unlimited": "Legal"
    },
    "images": {
      "small": "https://images.pokemontcg.io/neo3/35.png",
      "large": "https://images.pokemontcg.io/neo3/35_hires.png"
    }
  },
  {
    "id": "neo3-36",
    "name": "Piloswine",
    "supertype": "Pokémon",
    "subtypes": [
      "Stage 1"
    ],
    "level": "41",
    "hp": "90",
    "types": [
      "Fighting"
    ],
    "evolvesFrom": "Swinub",
    "evolvesTo": [
      "Mamoswine"
    ],
    "attacks": [
      {
        "name": "Nap",
        "cost": [
          "Colorless",
          "Colorless"
        ],
        "convertedEnergyCost": 2,
        "damage": "",
        "text": "Remove 3 damage counters from Piloswine. If it has fewer damage counters than that, remove all of them."
      },
      {
        "name": "High-Speed Charge",
        "cost": [
          "Fighting",
          "Fighting",
          "Colorless",
          "Colorless"
        ],
        "convertedEnergyCost": 4,
        "damage": "80",
        "text": "Piloswine does 30 damage to itself. Piloswine can't use this attack during your next turn."
      }
    ],
    "weaknesses": [
      {
        "type": "Grass",
        "value": "×2"
      }
    ],
    "resistances": [
      {
        "type": "Lightning",
        "value": "-30"
      }
    ],
    "retreatCost": [
      "Colorless",
      "Colorless",
      "Colorless"
    ],
    "convertedRetreatCost": 3,
    "number": "36",
    "artist": "Atsuko Nishida",
    "rarity": "Uncommon",
    "flavorText": "If it charges at an enemy, the hairs on its back stand up straight. It is very sensitive to sound.",
    "nationalPokedexNumbers": [
      221
    ],
    "legalities": {
      "unlimited": "Legal"
    },
    "images": {
      "small": "https://images.pokemontcg.io/neo3/36.png",
      "large": "https://images.pokemontcg.io/neo3/36_hires.png"
    }
  },
  {
    "id": "neo3-37",
    "name": "Seaking",
    "supertype": "Pokémon",
    "subtypes": [
      "Stage 1"
    ],
    "level": "29",
    "hp": "70",
    "types": [
      "Water"
    ],
    "evolvesFrom": "Goldeen",
    "attacks": [
      {
        "name": "Rising Lunge",
        "cost": [
          "Water"
        ],
        "convertedEnergyCost": 1,
        "damage": "10+",
        "text": "Flip a coin. If heads, this attack does 10 damage plus 10 more damage. If tails, this attack does 10 damage."
      },
      {
        "name": "Horn Swipe",
        "cost": [
          "Water",
          "Water"
        ],
        "convertedEnergyCost": 2,
        "damage": "20+",
        "text": "Flip 2 coins. If both are heads, this attack does 20 damage plus 40 more damage. If 1 or both of them are tails, this attack does 20 damage."
      }
    ],
    "weaknesses": [
      {
        "type": "Lightning",
        "value": "×2"
      }
    ],
    "retreatCost": [
      "Colorless"
    ],
    "convertedRetreatCost": 1,
    "number": "37",
    "artist": "Miki Tanaka",
    "rarity": "Uncommon",
    "flavorText": "Using its horn, it bores holes in riverbed boulders, making nests to prevent its eggs from washing away.",
    "nationalPokedexNumbers": [
      119
    ],
    "legalities": {
      "unlimited": "Legal"
    },
    "images": {
      "small": "https://images.pokemontcg.io/neo3/37.png",
      "large": "https://images.pokemontcg.io/neo3/37_hires.png"
    }
  },
  {
    "id": "neo3-38",
    "name": "Stantler",
    "supertype": "Pokémon",
    "subtypes": [
      "Basic"
    ],
    "level": "27",
    "hp": "60",
    "types": [
      "Colorless"
    ],
    "attacks": [
      {
        "name": "Terrorize",
        "cost": [
          "Colorless"
        ],
        "convertedEnergyCost": 1,
        "damage": "",
        "text": "If the Defending Pokémon is a Basic Pokémon, choose 1 of its attacks. That Pokémon can't use that attack during your opponent's next turn."
      },
      {
        "name": "Overhead Toss",
        "cost": [
          "Colorless",
          "Colorless",
          "Colorless"
        ],
        "convertedEnergyCost": 3,
        "damage": "30",
        "text": "If you have any Benched Pokémon, flip a coin. If tails, this attack does 10 damage to 1 of them. (Don't apply Weakness and Resistance for Benched Pokémon.)"
      }
    ],
    "weaknesses": [
      {
        "type": "Fighting",
        "value": "×2"
      }
    ],
    "resistances": [
      {
        "type": "Psychic",
        "value": "-30"
      }
    ],
    "retreatCost": [
      "Colorless"
    ],
    "convertedRetreatCost": 1,
    "number": "38",
    "artist": "Yukiko Baba",
    "rarity": "Uncommon",
    "flavorText": "Those who stare at its antlers will gradually lose control of their senses and be unable to stand.",
    "nationalPokedexNumbers": [
      234
    ],
    "legalities": {
      "unlimited": "Legal"
    },
    "images": {
      "small": "https://images.pokemontcg.io/neo3/38.png",
      "large": "https://images.pokemontcg.io/neo3/38_hires.png"
    }
  },
  {
    "id": "neo3-39",
    "name": "Unown [B]",
    "supertype": "Pokémon",
    "subtypes": [
      "Basic"
    ],
    "level": "19",
    "hp": "50",
    "types": [
      "Psychic"
    ],
    "rules": [
      "You may have up to 4 Basic Pokémon cards in your deck with Unown in their names."
    ],
    "abilities": [
      {
        "name": "[Bear]",
        "text": "Once during your turn (before your attack), you may move 1 damage counter from 1 of your Pokémon with Unown in its name to Unown [B]. This power can't be used if Unown [B] has 10 HP left. This power can be used even if Unown [B] is Asleep, Confused, or Paralyzed.",
        "type": "Pokémon Power"
      }
    ],
    "attacks": [
      {
        "name": "Hidden Power",
        "cost": [
          "Psychic"
        ],
        "convertedEnergyCost": 1,
        "damage": "10",
        "text": ""
      }
    ],
    "weaknesses": [
      {
        "type": "Psychic",
        "value": "×2"
      }
    ],
    "retreatCost": [
      "Colorless"
    ],
    "convertedRetreatCost": 1,
    "number": "39",
    "artist": "CR CG gangs",
    "rarity": "Uncommon",
    "flavorText": "Their shapes look like hieroglyphs on ancient tablets. It is said that the two are somehow related.",
    "nationalPokedexNumbers": [
      201
    ],
    "legalities": {
      "unlimited": "Legal"
    },
    "images": {
      "small": "https://images.pokemontcg.io/neo3/39.png",
      "large": "https://images.pokemontcg.io/neo3/39_hires.png"
    }
  },
  {
    "id": "neo3-40",
    "name": "Unown [Y]",
    "supertype": "Pokémon",
    "subtypes": [
      "Basic"
    ],
    "level": "12",
    "hp": "40",
    "types": [
      "Psychic"
    ],
    "rules": [
      "You may have up to 4 Basic Pokémon cards in your deck with Unown in their names."
    ],
    "abilities": [
      {
        "name": "[Yield]",
        "text": "Once during your turn (before your attack), you may flip a coin. If heads, search your deck for a Psychic Energy card and attach it to 1 of your Pokémon with Unown in its name. Shuffle your deck afterward. This power can be used even if Unown [Y] is Asleep, Confused, or Paralyzed.",
        "type": "Pokémon Power"
      }
    ],
    "attacks": [
      {
        "name": "Hidden Power",
        "cost": [
          "Psychic"
        ],
        "convertedEnergyCost": 1,
        "damage": "10",
        "text": ""
      }
    ],
    "weaknesses": [
      {
        "type": "Psychic",
        "value": "×2"
      }
    ],
    "retreatCost": [
      "Colorless"
    ],
    "convertedRetreatCost": 1,
    "number": "40",
    "artist": "CR CG gangs",
    "rarity": "Uncommon",
    "flavorText": "Their shapes look like hieroglyphs on ancient tablets. It is said that the two are somehow related.",
    "nationalPokedexNumbers": [
      201
    ],
    "legalities": {
      "unlimited": "Legal"
    },
    "images": {
      "small": "https://images.pokemontcg.io/neo3/40.png",
      "large": "https://images.pokemontcg.io/neo3/40_hires.png"
    }
  },
  {
    "id": "neo3-41",
    "name": "Aipom",
    "supertype": "Pokémon",
    "subtypes": [
      "Basic"
    ],
    "level": "19",
    "hp": "40",
    "types": [
      "Colorless"
    ],
    "evolvesTo": [
      "Ambipom"
    ],
    "attacks": [
      {
        "name": "Grab",
        "cost": [
          "Colorless"
        ],
        "convertedEnergyCost": 1,
        "damage": "",
        "text": "Choose a Trainer card attached to 1 of your opponent's Pokémon. Your opponent shuffles that card into his or her deck."
      },
      {
        "name": "Tail Punch",
        "cost": [
          "Colorless",
          "Colorless"
        ],
        "convertedEnergyCost": 2,
        "damage": "20",
        "text": ""
      }
    ],
    "weaknesses": [
      {
        "type": "Fighting",
        "value": "×2"
      }
    ],
    "resistances": [
      {
        "type": "Psychic",
        "value": "-30"
      }
    ],
    "number": "41",
    "artist": "Sumiyoshi Kizuki",
    "rarity": "Common",
    "flavorText": "It lives atop tall trees. When leaping from branch to branch, it deftly uses its tail for balance.",
    "nationalPokedexNumbers": [
      190
    ],
    "legalities": {
      "unlimited": "Legal"
    },
    "images": {
      "small": "https://images.pokemontcg.io/neo3/41.png",
      "large": "https://images.pokemontcg.io/neo3/41_hires.png"
    }
  },
  {
    "id": "neo3-42",
    "name": "Chinchou",
    "supertype": "Pokémon",
    "subtypes": [
      "Basic"
    ],
    "level": "13",
    "hp": "50",
    "types": [
      "Lightning"
    ],
    "evolvesTo": [
      "Lanturn"
    ],
    "attacks": [
      {
        "name": "Positive Ion",
        "cost": [
          "Lightning"
        ],
        "convertedEnergyCost": 1,
        "damage": "10+",
        "text": "Flip a coin. If heads, this attack does 10 damage plus 10 more damage. If tails, this attack does 10 damage."
      },
      {
        "name": "Negative Ion",
        "cost": [
          "Water"
        ],
        "convertedEnergyCost": 1,
        "damage": "10",
        "text": "If the Defending Pokémon attacks Chinchou during your opponent's next turn, any damage done to Chinchou is reduced by 10 (before applying Weakness and Resistance). (Benching or evolving either Pokémon ends this effect.)"
      }
    ],
    "weaknesses": [
      {
        "type": "Fighting",
        "value": "×2"
      }
    ],
    "retreatCost": [
      "Colorless"
    ],
    "convertedRetreatCost": 1,
    "number": "42",
    "artist": "Atsuko Nishida",
    "rarity": "Common",
    "flavorText": "On the dark ocean floor, its only means of communication is its constantly flashing lights.",
    "nationalPokedexNumbers": [
      170
    ],
    "legalities": {
      "unlimited": "Legal"
    },
    "images": {
      "small": "https://images.pokemontcg.io/neo3/42.png",
      "large": "https://images.pokemontcg.io/neo3/42_hires.png"
    }
  },
  {
    "id": "neo3-43",
    "name": "Farfetch'd",
    "supertype": "Pokémon",
    "subtypes": [
      "Basic"
    ],
    "level": "22",
    "hp": "50",
    "types": [
      "Colorless"
    ],
    "evolvesTo": [
      "Sirfetch'd"
    ],
    "attacks": [
      {
        "name": "Gust",
        "cost": [
          "Colorless"
        ],
        "convertedEnergyCost": 1,
        "damage": "10",
        "text": ""
      },
      {
        "name": "Leek Jab",
        "cost": [
          "Colorless",
          "Colorless",
          "Colorless"
        ],
        "convertedEnergyCost": 3,
        "damage": "40",
        "text": "This attack can't be used during your next turn. (Benching Farfetch'd ends this effect.)"
      }
    ],
    "weaknesses": [
      {
        "type": "Lightning",
        "value": "×2"
      }
    ],
    "resistances": [
      {
        "type": "Fighting",
        "value": "-30"
      }
    ],
    "retreatCost": [
      "Colorless"
    ],
    "convertedRetreatCost": 1,
    "number": "43",
    "artist": "Miki Tanaka",
    "rarity": "Common",
    "flavorText": "If anyone tries to disturb where the essential plant sticks grow, it uses its own stick to thwart them.",
    "nationalPokedexNumbers": [
      83
    ],
    "legalities": {
      "unlimited": "Legal"
    },
    "images": {
      "small": "https://images.pokemontcg.io/neo3/43.png",
      "large": "https://images.pokemontcg.io/neo3/43_hires.png"
    }
  },
  {
    "id": "neo3-44",
    "name": "Geodude",
    "supertype": "Pokémon",
    "subtypes": [
      "Basic"
    ],
    "level": "14",
    "hp": "40",
    "types": [
      "Fighting"
    ],
    "evolvesTo": [
      "Graveler"
    ],
    "attacks": [
      {
        "name": "Knuckle Punch",
        "cost": [
          "Fighting"
        ],
        "convertedEnergyCost": 1,
        "damage": "20",
        "text": ""
      }
    ],
    "weaknesses": [
      {
        "type": "Grass",
        "value": "×2"
      }
    ],
    "retreatCost": [
      "Colorless"
    ],
    "convertedRetreatCost": 1,
    "number": "44",
    "artist": "Masako Yamashita",
    "rarity": "Common",
    "flavorText": "It uses its arms to steadily climb steep mountain paths. It swings its fists around if angered.",
    "nationalPokedexNumbers": [
      74
    ],
    "legalities": {
      "unlimited": "Legal"
    },
    "images": {
      "small": "https://images.pokemontcg.io/neo3/44.png",
      "large": "https://images.pokemontcg.io/neo3/44_hires.png"
    }
  },
  {
    "id": "neo3-45",
    "name": "Goldeen",
    "supertype": "Pokémon",
    "subtypes": [
      "Basic"
    ],
    "level": "14",
    "hp": "40",
    "types": [
      "Water"
    ],
    "evolvesTo": [
      "Seaking"
    ],
    "rules": [
      "ColorlessFin Smack: 10×\nFlip 2 coins. This attack does 10 damage times the number of heads."
    ],
    "attacks": [
      {
        "name": "Fin Smack",
        "cost": [
          "Colorless"
        ],
        "convertedEnergyCost": 1,
        "damage": "10×",
        "text": "Flip 2 coins. This attack does 10 damage times the number of heads."
      }
    ],
    "weaknesses": [
      {
        "type": "Lightning",
        "value": "×2"
      }
    ],
    "number": "45",
    "artist": "Yuka Morii",
    "rarity": "Common",
    "flavorText": "Its dorsal, pectoral and tail fins wave elegantly in the water. That is why it is known as the water dancer.",
    "nationalPokedexNumbers": [
      118
    ],
    "legalities": {
      "unlimited": "Legal"
    },
    "images": {
      "small": "https://images.pokemontcg.io/neo3/45.png",
      "large": "https://images.pokemontcg.io/neo3/45_hires.png"
    }
  },
  {
    "id": "neo3-46",
    "name": "Murkrow",
    "supertype": "Pokémon",
    "subtypes": [
      "Basic"
    ],
    "level": "21",
    "hp": "40",
    "types": [
      "Darkness"
    ],
    "evolvesTo": [
      "Honchkrow"
    ],
    "attacks": [
      {
        "name": "Call for Family",
        "cost": [
          "Colorless"
        ],
        "convertedEnergyCost": 1,
        "damage": "",
        "text": "Search your deck for a Basic Pokémon card named Murkrow and put it onto your Bench. Shuffle your deck afterward. (You can't use this attack if your Bench is full.)"
      },
      {
        "name": "Flock Attack",
        "cost": [
          "Colorless",
          "Colorless"
        ],
        "convertedEnergyCost": 2,
        "damage": "10+",
        "text": "Flip a number of coins equal to the number of Murkrows on your Bench. This attack does 10 damage plus 10 more damage for each heads."
      }
    ],
    "resistances": [
      {
        "type": "Psychic",
        "value": "-30"
      }
    ],
    "number": "46",
    "artist": "Hironobu Yoshida",
    "rarity": "Common",
    "flavorText": "Feared and loathed by many, it is believed to bring misfortune to all those who see it at night.",
    "nationalPokedexNumbers": [
      198
    ],
    "legalities": {
      "unlimited": "Legal"
    },
    "images": {
      "small": "https://images.pokemontcg.io/neo3/46.png",
      "large": "https://images.pokemontcg.io/neo3/46_hires.png"
    }
  },
  {
    "id": "neo3-47",
    "name": "Paras",
    "supertype": "Pokémon",
    "subtypes": [
      "Basic"
    ],
    "level": "10",
    "hp": "40",
    "types": [
      "Grass"
    ],
    "evolvesTo": [
      "Parasect"
    ],
    "attacks": [
      {
        "name": "Sleep Spore",
        "cost": [
          "Grass"
        ],
        "convertedEnergyCost": 1,
        "damage": "10",
        "text": "Flip a coin. If heads, the Defending Pokémon is now Asleep."
      },
      {
        "name": "Scratch",
        "cost": [
          "Colorless",
          "Colorless"
        ],
        "convertedEnergyCost": 2,
        "damage": "20",
        "text": ""
      }
    ],
    "weaknesses": [
      {
        "type": "Fire",
        "value": "×2"
      }
    ],
    "retreatCost": [
      "Colorless"
    ],
    "convertedRetreatCost": 1,
    "number": "47",
    "artist": "Kagemaru Himeno",
    "rarity": "Common",
    "flavorText": "It is doused with mushroom spores when it is born. As its body grows, mushrooms sprout from its back.",
    "nationalPokedexNumbers": [
      46
    ],
    "legalities": {
      "unlimited": "Legal"
    },
    "images": {
      "small": "https://images.pokemontcg.io/neo3/47.png",
      "large": "https://images.pokemontcg.io/neo3/47_hires.png"
    }
  },
  {
    "id": "neo3-48",
    "name": "Quagsire",
    "supertype": "Pokémon",
    "subtypes": [
      "Stage 1"
    ],
    "level": "35",
    "hp": "70",
    "types": [
      "Water"
    ],
    "evolvesFrom": "Wooper",
    "attacks": [
      {
        "name": "Mud Slap",
        "cost": [
          "Fighting",
          "Fighting"
        ],
        "convertedEnergyCost": 2,
        "damage": "30",
        "text": ""
      },
      {
        "name": "Whirlpool",
        "cost": [
          "Water",
          "Water",
          "Colorless",
          "Colorless"
        ],
        "convertedEnergyCost": 4,
        "damage": "40",
        "text": "If the Defending Pokémon has any Energy cards attached to it, choose 1 of them and discard it."
      }
    ],
    "weaknesses": [
      {
        "type": "Grass",
        "value": "×2"
      }
    ],
    "resistances": [
      {
        "type": "Lightning",
        "value": "-30"
      }
    ],
    "retreatCost": [
      "Colorless",
      "Colorless"
    ],
    "convertedRetreatCost": 2,
    "number": "48",
    "artist": "Yuka Morii",
    "rarity": "Common",
    "flavorText": "Due to its relaxed and carefree attitude, it often bumps its head on boulders and boat hulls as it swims.",
    "nationalPokedexNumbers": [
      195
    ],
    "legalities": {
      "unlimited": "Legal"
    },
    "images": {
      "small": "https://images.pokemontcg.io/neo3/48.png",
      "large": "https://images.pokemontcg.io/neo3/48_hires.png"
    }
  },
  {
    "id": "neo3-49",
    "name": "Qwilfish",
    "supertype": "Pokémon",
    "subtypes": [
      "Basic"
    ],
    "level": "30",
    "hp": "60",
    "types": [
      "Water"
    ],
    "attacks": [
      {
        "name": "Poison Sting",
        "cost": [
          "Water"
        ],
        "convertedEnergyCost": 1,
        "damage": "10",
        "text": "Flip a coin. If heads, the Defending Pokémon is now Poisoned."
      },
      {
        "name": "Needle Storm",
        "cost": [
          "Colorless",
          "Colorless"
        ],
        "convertedEnergyCost": 2,
        "damage": "20×",
        "text": "Flip a coin until you get tails. This attack does 20 damage times the number of heads you get."
      }
    ],
    "weaknesses": [
      {
        "type": "Lightning",
        "value": "×2"
      }
    ],
    "retreatCost": [
      "Colorless"
    ],
    "convertedRetreatCost": 1,
    "number": "49",
    "artist": "Sumiyoshi Kizuki",
    "rarity": "Common",
    "flavorText": "To fire its poison spikes, it must inflate its body by drinking over 2.6 gallons of water all at once.",
    "nationalPokedexNumbers": [
      211
    ],
    "legalities": {
      "unlimited": "Legal"
    },
    "images": {
      "small": "https://images.pokemontcg.io/neo3/49.png",
      "large": "https://images.pokemontcg.io/neo3/49_hires.png"
    }
  },
  {
    "id": "neo3-50",
    "name": "Remoraid",
    "supertype": "Pokémon",
    "subtypes": [
      "Basic"
    ],
    "level": "15",
    "hp": "40",
    "types": [
      "Water"
    ],
    "evolvesTo": [
      "Octillery"
    ],
    "attacks": [
      {
        "name": "Sharpshooting",
        "cost": [
          "Water"
        ],
        "convertedEnergyCost": 1,
        "damage": "",
        "text": "Flip a coin. If heads, choose 1 of your opponent's Pokémon. This attack does 20 damage to that Pokémon. Don't apply Weakness and Resistance."
      }
    ],
    "weaknesses": [
      {
        "type": "Lightning",
        "value": "×2"
      }
    ],
    "number": "50",
    "artist": "Miki Tanaka",
    "rarity": "Common",
    "flavorText": "It has superb accuracy. The water it shoots out can strike even moving prey from more than 300 feet.",
    "nationalPokedexNumbers": [
      223
    ],
    "legalities": {
      "unlimited": "Legal"
    },
    "images": {
      "small": "https://images.pokemontcg.io/neo3/50.png",
      "large": "https://images.pokemontcg.io/neo3/50_hires.png"
    }
  },
  {
    "id": "neo3-51",
    "name": "Shuckle",
    "supertype": "Pokémon",
    "subtypes": [
      "Basic"
    ],
    "level": "28",
    "hp": "40",
    "types": [
      "Fighting"
    ],
    "abilities": [
      {
        "name": "Hard Shell",
        "text": "Whenever an attack (including your own) does 40 or less damage to Shuckle (after applying Weakness and Resistance), reduce that damage to 10. (Any other effects of attacks still happen.) This power stops working while Shuckle is Asleep, Confused, or Paralyzed.",
        "type": "Pokémon Power"
      }
    ],
    "attacks": [
      {
        "name": "Toxic Saliva",
        "cost": [
          "Grass",
          "Grass"
        ],
        "convertedEnergyCost": 2,
        "damage": "",
        "text": "Flip a coin. If heads, the Defending Pokémon is now Poisoned. It now takes 20 Poison damage instead of 10 after each player's turn (even if it was already Poisoned)."
      }
    ],
    "weaknesses": [
      {
        "type": "Grass",
        "value": "×2"
      }
    ],
    "retreatCost": [
      "Colorless"
    ],
    "convertedRetreatCost": 1,
    "number": "51",
    "artist": "Yuka Morii",
    "rarity": "Common",
    "flavorText": "It stores berries inside its shell. To avoid attacks, it hides beneath rocks and remains completely still.",
    "nationalPokedexNumbers": [
      213
    ],
    "legalities": {
      "unlimited": "Legal"
    },
    "images": {
      "small": "https://images.pokemontcg.io/neo3/51.png",
      "large": "https://images.pokemontcg.io/neo3/51_hires.png"
    }
  },
  {
    "id": "neo3-52",
    "name": "Skiploom",
    "supertype": "Pokémon",
    "subtypes": [
      "Stage 1"
    ],
    "level": "29",
    "hp": "60",
    "types": [
      "Grass"
    ],
    "evolvesFrom": "Hoppip",
    "evolvesTo": [
      "Jumpluff"
    ],
    "attacks": [
      {
        "name": "Hop",
        "cost": [
          "Colorless"
        ],
        "convertedEnergyCost": 1,
        "damage": "20",
        "text": ""
      },
      {
        "name": "Mysterious Powder",
        "cost": [
          "Grass"
        ],
        "convertedEnergyCost": 1,
        "damage": "10",
        "text": "Flip a coin. If heads, the Defending Pokémon is now Confused."
      }
    ],
    "weaknesses": [
      {
        "type": "Fire",
        "value": "×2"
      }
    ],
    "resistances": [
      {
        "type": "Fighting",
        "value": "-30"
      }
    ],
    "number": "52",
    "artist": "Mitsuhiro Arita",
    "rarity": "Common",
    "flavorText": "It spreads its petals to absorb sunlight. It also floats in the air to get closer to the sun.",
    "nationalPokedexNumbers": [
      188
    ],
    "legalities": {
      "unlimited": "Legal"
    },
    "images": {
      "small": "https://images.pokemontcg.io/neo3/52.png",
      "large": "https://images.pokemontcg.io/neo3/52_hires.png"
    }
  },
  {
    "id": "neo3-53",
    "name": "Slugma",
    "supertype": "Pokémon",
    "subtypes": [
      "Basic"
    ],
    "level": "27",
    "hp": "50",
    "types": [
      "Fire"
    ],
    "evolvesTo": [
      "Magcargo"
    ],
    "attacks": [
      {
        "name": "Flare",
        "cost": [
          "Fire"
        ],
        "convertedEnergyCost": 1,
        "damage": "10",
        "text": ""
      },
      {
        "name": "Magma Ring",
        "cost": [
          "Fire",
          "Fire"
        ],
        "convertedEnergyCost": 2,
        "damage": "20",
        "text": "The Defending Pokémon can't retreat during your opponent's next turn."
      }
    ],
    "weaknesses": [
      {
        "type": "Water",
        "value": "×2"
      }
    ],
    "retreatCost": [
      "Colorless",
      "Colorless"
    ],
    "convertedRetreatCost": 2,
    "number": "53",
    "artist": "Kagemaru Himeno",
    "rarity": "Common",
    "flavorText": "It never sleeps. It has to keep moving because if it stopped, its magma body would cool and harden.",
    "nationalPokedexNumbers": [
      218
    ],
    "legalities": {
      "unlimited": "Legal"
    },
    "images": {
      "small": "https://images.pokemontcg.io/neo3/53.png",
      "large": "https://images.pokemontcg.io/neo3/53_hires.png"
    }
  },
  {
    "id": "neo3-54",
    "name": "Smoochum",
    "supertype": "Pokémon",
    "subtypes": [
      "Baby"
    ],
    "level": "6",
    "hp": "30",
    "types": [
      "Psychic"
    ],
    "evolvesFrom": "Jynx",
    "evolvesTo": [
      "Jynx"
    ],
    "rules": [
      "If this Baby Pokémon is your Active Pokémon and your opponent announces an attack, your opponent flips a coin (before doing anything else). If tails, your opponent's turn ends."
    ],
    "attacks": [
      {
        "name": "Psykiss",
        "cost": [
          "Colorless"
        ],
        "convertedEnergyCost": 1,
        "damage": "",
        "text": "Flip a coin. If heads, choose a Special Energy card attached to 1 of your opponent's Pokémon. Your opponent shuffles that card into his or her deck."
      }
    ],
    "number": "54",
    "artist": "Atsuko Nishida",
    "rarity": "Common",
    "flavorText": "It always rocks its head slowly backwards and forwards as if it is trying to kiss someone.",
    "nationalPokedexNumbers": [
      238
    ],
    "legalities": {
      "unlimited": "Legal"
    },
    "images": {
      "small": "https://images.pokemontcg.io/neo3/54.png",
      "large": "https://images.pokemontcg.io/neo3/54_hires.png"
    }
  },
  {
    "id": "neo3-55",
    "name": "Snubbull",
    "supertype": "Pokémon",
    "subtypes": [
      "Basic"
    ],
    "level": "21",
    "hp": "50",
    "types": [
      "Colorless"
    ],
    "evolvesTo": [
      "Granbull"
    ],
    "attacks": [
      {
        "name": "Bite",
        "cost": [
          "Colorless"
        ],
        "convertedEnergyCost": 1,
        "damage": "10",
        "text": ""
      },
      {
        "name": "Raging Headbutt",
        "cost": [
          "Colorless",
          "Colorless"
        ],
        "convertedEnergyCost": 2,
        "damage": "10+",
        "text": "Flip a coin. If heads, this attack does 10 damage plus 10 damage times the number of damage counters on Snubbull. If tails, this attack does 10 damage."
      }
    ],
    "weaknesses": [
      {
        "type": "Fighting",
        "value": "×2"
      }
    ],
    "resistances": [
      {
        "type": "Psychic",
        "value": "-30"
      }
    ],
    "retreatCost": [
      "Colorless"
    ],
    "convertedRetreatCost": 1,
    "number": "55",
    "artist": "Tomokazu Komiya",
    "rarity": "Common",
    "flavorText": "It has an active, playful nature. Many people like to frolic with it because of its affectionate ways.",
    "nationalPokedexNumbers": [
      209
    ],
    "legalities": {
      "unlimited": "Legal"
    },
    "images": {
      "small": "https://images.pokemontcg.io/neo3/55.png",
      "large": "https://images.pokemontcg.io/neo3/55_hires.png"
    }
  },
  {
    "id": "neo3-56",
    "name": "Staryu",
    "supertype": "Pokémon",
    "subtypes": [
      "Basic"
    ],
    "level": "13",
    "hp": "40",
    "types": [
      "Water"
    ],
    "evolvesTo": [
      "Starmie"
    ],
    "attacks": [
      {
        "name": "Tackle",
        "cost": [
          "Colorless"
        ],
        "convertedEnergyCost": 1,
        "damage": "10",
        "text": ""
      },
      {
        "name": "Bubblebeam",
        "cost": [
          "Water"
        ],
        "convertedEnergyCost": 1,
        "damage": "10",
        "text": "Flip a coin. If heads, the Defending Pokémon is now Paralyzed."
      }
    ],
    "weaknesses": [
      {
        "type": "Lightning",
        "value": "×2"
      }
    ],
    "retreatCost": [
      "Colorless"
    ],
    "convertedRetreatCost": 1,
    "number": "56",
    "artist": "Mitsuhiro Arita",
    "rarity": "Common",
    "flavorText": "At night, the center of its body slowly flickers with the same rhythm as a human heartbeat.",
    "nationalPokedexNumbers": [
      120
    ],
    "legalities": {
      "unlimited": "Legal"
    },
    "images": {
      "small": "https://images.pokemontcg.io/neo3/56.png",
      "large": "https://images.pokemontcg.io/neo3/56_hires.png"
    }
  },
  {
    "id": "neo3-57",
    "name": "Swinub",
    "supertype": "Pokémon",
    "subtypes": [
      "Basic"
    ],
    "level": "10",
    "hp": "40",
    "types": [
      "Fighting"
    ],
    "evolvesTo": [
      "Piloswine"
    ],
    "attacks": [
      {
        "name": "Tackle",
        "cost": [
          "Colorless"
        ],
        "convertedEnergyCost": 1,
        "damage": "10",
        "text": ""
      },
      {
        "name": "Take Down",
        "cost": [
          "Fighting",
          "Colorless"
        ],
        "convertedEnergyCost": 2,
        "damage": "30",
        "text": "Swinub does 10 damage to itself."
      }
    ],
    "weaknesses": [
      {
        "type": "Grass",
        "value": "×2"
      }
    ],
    "resistances": [
      {
        "type": "Lightning",
        "value": "-30"
      }
    ],
    "retreatCost": [
      "Colorless"
    ],
    "convertedRetreatCost": 1,
    "number": "57",
    "artist": "Miki Tanaka",
    "rarity": "Common",
    "flavorText": "If it smells something enticing, it dashes headlong off to find the source of the aroma.",
    "nationalPokedexNumbers": [
      220
    ],
    "legalities": {
      "unlimited": "Legal"
    },
    "images": {
      "small": "https://images.pokemontcg.io/neo3/57.png",
      "large": "https://images.pokemontcg.io/neo3/57_hires.png"
    }
  },
  {
    "id": "neo3-58",
    "name": "Unown [K]",
    "supertype": "Pokémon",
    "subtypes": [
      "Basic"
    ],
    "level": "14",
    "hp": "40",
    "types": [
      "Psychic"
    ],
    "rules": [
      "You may have up to 4 Basic Pokémon cards in your deck with Unown in their names."
    ],
    "abilities": [
      {
        "name": "[Keep]",
        "text": "Your opponent's attacks, Pokémon Powers, and Trainer cards can't discard Energy cards from your Pokémon with Unown in their names. (Any other effects still happen.)",
        "type": "Pokémon Power"
      }
    ],
    "attacks": [
      {
        "name": "Hidden Power",
        "cost": [
          "Psychic"
        ],
        "convertedEnergyCost": 1,
        "damage": "10",
        "text": ""
      }
    ],
    "weaknesses": [
      {
        "type": "Psychic",
        "value": "×2"
      }
    ],
    "retreatCost": [
      "Colorless"
    ],
    "convertedRetreatCost": 1,
    "number": "58",
    "artist": "CR CG gangs",
    "rarity": "Common",
    "flavorText": "Their shapes look like hieroglyphs on ancient tablets. It is said that the two are somehow related.",
    "nationalPokedexNumbers": [
      201
    ],
    "legalities": {
      "unlimited": "Legal"
    },
    "images": {
      "small": "https://images.pokemontcg.io/neo3/58.png",
      "large": "https://images.pokemontcg.io/neo3/58_hires.png"
    }
  },
  {
    "id": "neo3-59",
    "name": "Zubat",
    "supertype": "Pokémon",
    "subtypes": [
      "Basic"
    ],
    "level": "13",
    "hp": "40",
    "types": [
      "Grass"
    ],
    "evolvesTo": [
      "Golbat"
    ],
    "attacks": [
      {
        "name": "Bite",
        "cost": [
          "Colorless"
        ],
        "convertedEnergyCost": 1,
        "damage": "10",
        "text": ""
      },
      {
        "name": "Poison Spray",
        "cost": [
          "Grass"
        ],
        "convertedEnergyCost": 1,
        "damage": "",
        "text": "The Defending Pokémon is now Poisoned."
      }
    ],
    "weaknesses": [
      {
        "type": "Psychic",
        "value": "×2"
      }
    ],
    "resistances": [
      {
        "type": "Fighting",
        "value": "-30"
      }
    ],
    "number": "59",
    "artist": "Yukiko Baba",
    "rarity": "Common",
    "flavorText": "While flying, it constantly emits ultrasonic waves from its mouth to check its surroundings.",
    "nationalPokedexNumbers": [
      41
    ],
    "legalities": {
      "unlimited": "Legal"
    },
    "images": {
      "small": "https://images.pokemontcg.io/neo3/59.png",
      "large": "https://images.pokemontcg.io/neo3/59_hires.png"
    }
  },
  {
    "id": "neo3-60",
    "name": "Balloon Berry",
    "supertype": "Trainer",
    "subtypes": [
      "Pokémon Tool"
    ],
    "rules": [
      "Attach Balloon Berry to 1 of your Pokémon that doesn't have a Pokémon Tool attached to it.",
      "When the Pokémon Balloon Berry is attached to retreats, discard Balloon Berry instead of discarding Energy cards."
    ],
    "number": "60",
    "artist": "Keiji Kinebuchi",
    "rarity": "Uncommon",
    "legalities": {
      "unlimited": "Legal"
    },
    "images": {
      "small": "https://images.pokemontcg.io/neo3/60.png",
      "large": "https://images.pokemontcg.io/neo3/60_hires.png"
    }
  },
  {
    "id": "neo3-61",
    "name": "Healing Field",
    "supertype": "Trainer",
    "subtypes": [
      "Stadium"
    ],
    "rules": [
      "This card stays in play when you play it. Discard this card if another Stadium card comes into play.",
      "Once during each player's turn, he or she may flip a coin. If heads, that player removes 2 damage counters from his or her Active Pokémon (1 if it only has 1)."
    ],
    "number": "61",
    "artist": "Keiji Kinebuchi",
    "rarity": "Uncommon",
    "legalities": {
      "unlimited": "Legal"
    },
    "images": {
      "small": "https://images.pokemontcg.io/neo3/61.png",
      "large": "https://images.pokemontcg.io/neo3/61_hires.png"
    }
  },
  {
    "id": "neo3-62",
    "name": "Pokémon Breeder Fields",
    "supertype": "Trainer",
    "rules": [
      "Flip a coin for 1 or 2 of your non-Baby Pokémon that can evolve. For each heads, search your deck for a later-Stage card that matches that Pokémon. Then put that card into your hand. Shuffle your deck afterward."
    ],
    "number": "62",
    "artist": "Ken Sugimori",
    "rarity": "Uncommon",
    "legalities": {
      "unlimited": "Legal"
    },
    "images": {
      "small": "https://images.pokemontcg.io/neo3/62.png",
      "large": "https://images.pokemontcg.io/neo3/62_hires.png"
    }
  },
  {
    "id": "neo3-63",
    "name": "Rocket's Hideout",
    "supertype": "Trainer",
    "subtypes": [
      "Stadium"
    ],
    "rules": [
      "This card stays in play when you play it. Discard this card if another Stadium card comes into play.",
      "Each Pokémon in play with Dark in its name (even your opponent's) gets +20 HP."
    ],
    "number": "63",
    "artist": "Keiji Kinebuchi",
    "rarity": "Uncommon",
    "legalities": {
      "unlimited": "Legal"
    },
    "images": {
      "small": "https://images.pokemontcg.io/neo3/63.png",
      "large": "https://images.pokemontcg.io/neo3/63_hires.png"
    }
  },
  {
    "id": "neo3-64",
    "name": "Old Rod",
    "supertype": "Trainer",
    "rules": [
      "Flip 2 coins. If both are heads, put a Baby Pokémon, Basic Pokémon, or Evolution card from your discard pile into your hand. If both are tails, put a Trainer card from your discard pile into your hand."
    ],
    "number": "64",
    "artist": "Keiji Kinebuchi",
    "rarity": "Common",
    "legalities": {
      "unlimited": "Legal"
    },
    "images": {
      "small": "https://images.pokemontcg.io/neo3/64.png",
      "large": "https://images.pokemontcg.io/neo3/64_hires.png"
    }
  },
  {
    "id": "neo3-65",
    "name": "Shining Gyarados",
    "supertype": "Pokémon",
    "subtypes": [
      "Basic"
    ],
    "level": "62",
    "hp": "100",
    "types": [
      "Water"
    ],
    "rules": [
      "You can't have more than 1 Shining Gyarados in your deck."
    ],
    "attacks": [
      {
        "name": "Outrage",
        "cost": [
          "Water",
          "Fighting",
          "Fighting"
        ],
        "convertedEnergyCost": 3,
        "damage": "30+",
        "text": "Flip a coin. If heads, this attack does 30 damage plus 10 more damage for each damage counter on Shining Gyarados. If tails, this attack does nothing."
      },
      {
        "name": "Devastate",
        "cost": [
          "Water",
          "Water",
          "Fire",
          "Fire"
        ],
        "convertedEnergyCost": 4,
        "damage": "50",
        "text": "Discard 2 Fire Energy cards attached to Shining Gyarados or this attack does nothing. This attack does 10 damage to each of your opponent's Benched Pokémon. (Don't apply Weakness and Resistance for Benched Pokémon.) Then, flip a coin. If heads, choose 1 Energy card attached to each of your opponent's Pokémon that has any Energy cards attached to it and discard those Energy cards."
      }
    ],
    "weaknesses": [
      {
        "type": "Grass",
        "value": "×2"
      }
    ],
    "resistances": [
      {
        "type": "Fighting",
        "value": "-30"
      }
    ],
    "retreatCost": [
      "Colorless",
      "Colorless",
      "Colorless"
    ],
    "convertedRetreatCost": 3,
    "number": "65",
    "artist": "Ken Sugimori",
    "rarity": "Rare Shining",
    "flavorText": "Once it appears, it goes on a rampage. It remains enraged until it demolishes everything around it.",
    "nationalPokedexNumbers": [
      130
    ],
    "legalities": {
      "unlimited": "Legal"
    },
    "images": {
      "small": "https://images.pokemontcg.io/neo3/65.png",
      "large": "https://images.pokemontcg.io/neo3/65_hires.png"
    }
  },
  {
    "id": "neo3-66",
    "name": "Shining Magikarp",
    "supertype": "Pokémon",
    "subtypes": [
      "Basic"
    ],
    "level": "11",
    "hp": "30",
    "types": [
      "Water"
    ],
    "evolvesTo": [
      "Gyarados"
    ],
    "rules": [
      "You can't have more than 1 Shining Magikarp in your deck."
    ],
    "attacks": [
      {
        "name": "Gold Scale",
        "cost": [
          "Water"
        ],
        "convertedEnergyCost": 1,
        "damage": "",
        "text": "Your opponent may draw 2 cards. Either way, you may draw 2 cards."
      },
      {
        "name": "Dragon Bond",
        "cost": [
          "Psychic"
        ],
        "convertedEnergyCost": 1,
        "damage": "",
        "text": "Search your deck for a card named Gyarados, Dark Gyarados, or Shining Gyarados. Show it to your opponent and put it into your hand. Shuffle your deck afterward."
      }
    ],
    "weaknesses": [
      {
        "type": "Lightning",
        "value": "×2"
      }
    ],
    "retreatCost": [
      "Colorless"
    ],
    "convertedRetreatCost": 1,
    "number": "66",
    "artist": "Ken Sugimori",
    "rarity": "Rare Shining",
    "flavorText": "An underpowered, pathetic Pokémon. It may jump high on rare occasions, but never more than seven feet.",
    "nationalPokedexNumbers": [
      129
    ],
    "legalities": {
      "unlimited": "Legal"
    },
    "images": {
      "small": "https://images.pokemontcg.io/neo3/66.png",
      "large": "https://images.pokemontcg.io/neo3/66_hires.png"
    }
  }
]