[
  {
    "id": "pop9-1",
    "name": "Garchomp",
    "supertype": "Pokémon",
    "subtypes": [
      "Stage 2"
    ],
    "level": "64",
    "hp": "130",
    "types": [
      "Colorless"
    ],
    "evolvesFrom": "Gabite",
    "attacks": [
      {
        "name": "Dragon Rage",
        "cost": [
          "Colorless"
        ],
        "convertedEnergyCost": 1,
        "damage": "80",
        "text": "Flip 2 coins. If either of them is tails, this attack does nothing."
      },
      {
        "name": "Jet Sword",
        "cost": [
          "Colorless",
          "Colorless",
          "Colorless"
        ],
        "convertedEnergyCost": 3,
        "damage": "100",
        "text": "Discard 2 Energy attached to Garchomp and this attack does 10 damage to each of your opponent's Benched Pokémon. (Don't apply Weakness and Resistance for Benched Pokémon.)"
      }
    ],
    "weaknesses": [
      {
        "type": "Colorless",
        "value": "+30"
      }
    ],
    "number": "1",
    "artist": "Kagemaru Himeno",
    "rarity": "Rare",
    "flavorText": "It flies at speeds equal to a jet fighter plane. It never allows its prey to escape.",
    "nationalPokedexNumbers": [
      445
    ],
    "legalities": {
      "unlimited": "Legal"
    },
    "images": {
      "small": "https://images.pokemontcg.io/pop9/1.png",
      "large": "https://images.pokemontcg.io/pop9/1_hires.png"
    }
  },
  {
    "id": "pop9-2",
    "name": "Manaphy",
    "supertype": "Pokémon",
    "subtypes": [
      "Basic"
    ],
    "level": "25",
    "hp": "70",
    "types": [
      "Water"
    ],
    "attacks": [
      {
        "name": "Dive",
        "cost": [
          "Water"
        ],
        "convertedEnergyCost": 1,
        "damage": "",
        "text": "Look at the top 7 cards of your deck, choose 1 of them, and put it into your hand. Put the other cards back on top of your deck. Shuffle your deck afterward."
      },
      {
        "name": "Water Glow",
        "cost": [
          "Water"
        ],
        "convertedEnergyCost": 1,
        "damage": "",
        "text": "Choose 1 of your opponent's Pokémon. This attack does 20 damage to that Pokémon. (Don't apply Weakness and Resistance for Benched Pokémon.) Remove from Manaphy the number of damage counters equal to the damage you did to that Pokémon."
      }
    ],
    "weaknesses": [
      {
        "type": "Lightning",
        "value": "+20"
      }
    ],
    "retreatCost": [
      "Colorless"
    ],
    "convertedRetreatCost": 1,
    "number": "2",
    "artist": "Masakazu Fukuda",
    "rarity": "Rare",
    "flavorText": "It is born with a wondrous power that lets it bond with any kind of Pokémon.",
    "nationalPokedexNumbers": [
      490
    ],
    "legalities": {
      "unlimited": "Legal"
    },
    "images": {
      "small": "https://images.pokemontcg.io/pop9/2.png",
      "large": "https://images.pokemontcg.io/pop9/2_hires.png"
    }
  },
  {
    "id": "pop9-3",
    "name": "Raichu",
    "supertype": "Pokémon",
    "subtypes": [
      "Stage 1"
    ],
    "level": "39",
    "hp": "90",
    "types": [
      "Lightning"
    ],
    "evolvesFrom": "Pikachu",
    "attacks": [
      {
        "name": "Slam",
        "cost": [
          "Colorless",
          "Colorless"
        ],
        "convertedEnergyCost": 2,
        "damage": "30×",
        "text": "Flip 2 coins. This attack does 30 damage times the number of heads."
      },
      {
        "name": "High Volt",
        "cost": [
          "Lightning",
          "Lightning",
          "Lightning"
        ],
        "convertedEnergyCost": 3,
        "damage": "60",
        "text": "If Raichu evolved from Pikachu during this turn, this attack's base damage is 100 instead of 60."
      }
    ],
    "weaknesses": [
      {
        "type": "Fighting",
        "value": "+20"
      }
    ],
    "resistances": [
      {
        "type": "Metal",
        "value": "-20"
      }
    ],
    "retreatCost": [
      "Colorless"
    ],
    "convertedRetreatCost": 1,
    "number": "3",
    "artist": "Midori Harada",
    "rarity": "Rare",
    "flavorText": "It can loose 100,000-volt bursts of electricity, instantly downing foes several times its size.",
    "nationalPokedexNumbers": [
      26
    ],
    "legalities": {
      "unlimited": "Legal"
    },
    "images": {
      "small": "https://images.pokemontcg.io/pop9/3.png",
      "large": "https://images.pokemontcg.io/pop9/3_hires.png"
    }
  },
  {
    "id": "pop9-4",
    "name": "Regigigas",
    "supertype": "Pokémon",
    "subtypes": [
      "Basic"
    ],
    "level": "42",
    "hp": "100",
    "types": [
      "Colorless"
    ],
    "attacks": [
      {
        "name": "Body Slam",
        "cost": [
          "Colorless",
          "Colorless",
          "Colorless"
        ],
        "convertedEnergyCost": 3,
        "damage": "20",
        "text": "Flip a coin. If heads, the Defending Pokémon is now Paralyzed."
      },
      {
        "name": "Double Stomp",
        "cost": [
          "Colorless",
          "Colorless",
          "Colorless",
          "Colorless"
        ],
        "convertedEnergyCost": 4,
        "damage": "50+",
        "text": "Flip 2 coins. This attack does 50 damage plus 20 more damage for each heads."
      }
    ],
    "weaknesses": [
      {
        "type": "Fighting",
        "value": "×2"
      }
    ],
    "retreatCost": [
      "Colorless",
      "Colorless",
      "Colorless",
      "Colorless"
    ],
    "convertedRetreatCost": 4,
    "number": "4",
    "artist": "Kent Kanetsuna",
    "rarity": "Rare",
    "flavorText": "There is an enduring legend that states this Pokémon towed continents with ropes.",
    "nationalPokedexNumbers": [
      486
    ],
    "legalities": {
      "unlimited": "Legal"
    },
    "images": {
      "small": "https://images.pokemontcg.io/pop9/4.png",
      "large": "https://images.pokemontcg.io/pop9/4_hires.png"
    }
  },
  {
    "id": "pop9-5",
    "name": "Rotom",
    "supertype": "Pokémon",
    "subtypes": [
      "Basic"
    ],
    "level": "46",
    "hp": "70",
    "types": [
      "Lightning"
    ],
    "abilities": [
      {
        "name": "Type Shift",
        "text": "Once during your turn (before your attack), you may use this power. Rotom's type is Psychic until the end of your turn.",
        "type": "Poké-Power"
      }
    ],
    "attacks": [
      {
        "name": "Poltergeist",
        "cost": [
          "Psychic",
          "Colorless"
        ],
        "convertedEnergyCost": 2,
        "damage": "30+",
        "text": "Look at your opponent's hand. This attack does 30 damage plus 10 more damage for each Trainer, Supporter, and Stadium card in your opponent's hand."
      }
    ],
    "weaknesses": [
      {
        "type": "Darkness",
        "value": "+20"
      }
    ],
    "resistances": [
      {
        "type": "Colorless",
        "value": "-20"
      }
    ],
    "retreatCost": [
      "Colorless"
    ],
    "convertedRetreatCost": 1,
    "number": "5",
    "artist": "Masakazu Fukuda",
    "rarity": "Rare",
    "flavorText": "Its electric-like body can enter some kinds of machines and take control in order to make mischief.",
    "nationalPokedexNumbers": [
      479
    ],
    "legalities": {
      "unlimited": "Legal"
    },
    "images": {
      "small": "https://images.pokemontcg.io/pop9/5.png",
      "large": "https://images.pokemontcg.io/pop9/5_hires.png"
    }
  },
  {
    "id": "pop9-6",
    "name": "Buizel",
    "supertype": "Pokémon",
    "subtypes": [
      "Basic"
    ],
    "level": "17",
    "hp": "60",
    "types": [
      "Water"
    ],
    "evolvesTo": [
      "Floatzel"
    ],
    "attacks": [
      {
        "name": "Whirlpool",
        "cost": [
          "Water"
        ],
        "convertedEnergyCost": 1,
        "damage": "",
        "text": "Flip a coin. If heads, discard an Energy attached to the Defending Pokémon."
      },
      {
        "name": "Super Fast",
        "cost": [
          "Water",
          "Water"
        ],
        "convertedEnergyCost": 2,
        "damage": "30",
        "text": "If you have Pachirisu in play, flip a coin. If heads, prevent all effects of an attack, including damage, done to Buizel during your opponent's next turn."
      }
    ],
    "weaknesses": [
      {
        "type": "Lightning",
        "value": "+10"
      }
    ],
    "retreatCost": [
      "Colorless"
    ],
    "convertedRetreatCost": 1,
    "number": "6",
    "artist": "Midori Harada",
    "rarity": "Uncommon",
    "flavorText": "It swims by rotating its two tails like a screw. When it dives, its flotation sac collapses.",
    "nationalPokedexNumbers": [
      418
    ],
    "legalities": {
      "unlimited": "Legal"
    },
    "images": {
      "small": "https://images.pokemontcg.io/pop9/6.png",
      "large": "https://images.pokemontcg.io/pop9/6_hires.png"
    }
  },
  {
    "id": "pop9-7",
    "name": "Croagunk",
    "supertype": "Pokémon",
    "subtypes": [
      "Basic"
    ],
    "level": "19",
    "hp": "60",
    "types": [
      "Psychic"
    ],
    "evolvesTo": [
      "Toxicroak"
    ],
    "attacks": [
      {
        "name": "Knock Off",
        "cost": [
          "Colorless"
        ],
        "convertedEnergyCost": 1,
        "damage": "",
        "text": "Flip a coin. If heads, choose 1 card from your opponent's hand without looking and discard it."
      },
      {
        "name": "Nimble",
        "cost": [
          "Psychic",
          "Psychic"
        ],
        "convertedEnergyCost": 2,
        "damage": "30",
        "text": "If you have Turtwig in play, remove from Croagunk the number of damage counters equal to the damage you did to the Defending Pokémon."
      }
    ],
    "weaknesses": [
      {
        "type": "Psychic",
        "value": "+10"
      }
    ],
    "retreatCost": [
      "Colorless",
      "Colorless"
    ],
    "convertedRetreatCost": 2,
    "number": "7",
    "artist": "Midori Harada",
    "rarity": "Uncommon",
    "flavorText": "Inflating its poison sacs, it makes an eerie blubbering sound for intimidation.",
    "nationalPokedexNumbers": [
      453
    ],
    "legalities": {
      "unlimited": "Legal"
    },
    "images": {
      "small": "https://images.pokemontcg.io/pop9/7.png",
      "large": "https://images.pokemontcg.io/pop9/7_hires.png"
    }
  },
  {
    "id": "pop9-8",
    "name": "Gabite",
    "supertype": "Pokémon",
    "subtypes": [
      "Stage 1"
    ],
    "level": "33",
    "hp": "80",
    "types": [
      "Colorless"
    ],
    "evolvesFrom": "Gible",
    "evolvesTo": [
      "Garchomp"
    ],
    "attacks": [
      {
        "name": "Burrow",
        "cost": [
          "Colorless"
        ],
        "convertedEnergyCost": 1,
        "damage": "",
        "text": "Flip a coin. If heads, prevent all damage done to Gabite by attacks during your opponent's next turn."
      },
      {
        "name": "Distored Wave",
        "cost": [
          "Colorless",
          "Colorless",
          "Colorless"
        ],
        "convertedEnergyCost": 3,
        "damage": "60",
        "text": "Before doing damage, remove 2 damage counters from the Defending Pokémon."
      }
    ],
    "weaknesses": [
      {
        "type": "Colorless",
        "value": "+20"
      }
    ],
    "retreatCost": [
      "Colorless"
    ],
    "convertedRetreatCost": 1,
    "number": "8",
    "artist": "Kagemaru Himeno",
    "rarity": "Uncommon",
    "flavorText": "It habitually digs up and hoards gems in its nest. Its loot is constantly targeted by thieves.",
    "nationalPokedexNumbers": [
      444
    ],
    "legalities": {
      "unlimited": "Legal"
    },
    "images": {
      "small": "https://images.pokemontcg.io/pop9/8.png",
      "large": "https://images.pokemontcg.io/pop9/8_hires.png"
    }
  },
  {
    "id": "pop9-9",
    "name": "Lopunny",
    "supertype": "Pokémon",
    "subtypes": [
      "Stage 1"
    ],
    "level": "36",
    "hp": "80",
    "types": [
      "Colorless"
    ],
    "evolvesFrom": "Buneary",
    "attacks": [
      {
        "name": "Jump Kick",
        "cost": [
          "Colorless",
          "Colorless"
        ],
        "convertedEnergyCost": 2,
        "damage": "20",
        "text": "Does 20 damage to 1 of your opponent's Benched Pokémon. (Don't apply Weakness and Resistance for Benched Pokémon.)"
      },
      {
        "name": "Jazzed",
        "cost": [
          "Colorless",
          "Colorless",
          "Colorless"
        ],
        "convertedEnergyCost": 3,
        "damage": "50",
        "text": "If Lopunny evolved from Buneary during this turn, remove all damage counters from Lopunny."
      }
    ],
    "weaknesses": [
      {
        "type": "Fighting",
        "value": "+20"
      }
    ],
    "retreatCost": [
      "Colorless"
    ],
    "convertedRetreatCost": 1,
    "number": "9",
    "artist": "Midori Harada",
    "rarity": "Uncommon",
    "flavorText": "It is very conscious of its looks and never fails to groom its ears. It runs with sprightly jumps.",
    "nationalPokedexNumbers": [
      428
    ],
    "legalities": {
      "unlimited": "Legal"
    },
    "images": {
      "small": "https://images.pokemontcg.io/pop9/9.png",
      "large": "https://images.pokemontcg.io/pop9/9_hires.png"
    }
  },
  {
    "id": "pop9-10",
    "name": "Pachirisu",
    "supertype": "Pokémon",
    "subtypes": [
      "Basic"
    ],
    "level": "20",
    "hp": "70",
    "types": [
      "Lightning"
    ],
    "attacks": [
      {
        "name": "Thunder Wave",
        "cost": [
          "Lightning"
        ],
        "convertedEnergyCost": 1,
        "damage": "10",
        "text": "Flip a coin. If heads, the Defending Pokémon is now Paralyzed."
      },
      {
        "name": "Poison Berry",
        "cost": [
          "Lightning",
          "Colorless"
        ],
        "convertedEnergyCost": 2,
        "damage": "20+",
        "text": "If you have Croagunk in play, this attack does 20 damage plus 20 more damage and the Defending Pokémon is now Poisoned."
      }
    ],
    "weaknesses": [
      {
        "type": "Fighting",
        "value": "+20"
      }
    ],
    "resistances": [
      {
        "type": "Metal",
        "value": "-20"
      }
    ],
    "retreatCost": [
      "Colorless"
    ],
    "convertedRetreatCost": 1,
    "number": "10",
    "artist": "Midori Harada",
    "rarity": "Uncommon",
    "flavorText": "It makes electricity with pouches in its cheeks and shoots charges from its tail. It live atop trees.",
    "nationalPokedexNumbers": [
      417
    ],
    "legalities": {
      "unlimited": "Legal"
    },
    "images": {
      "small": "https://images.pokemontcg.io/pop9/10.png",
      "large": "https://images.pokemontcg.io/pop9/10_hires.png"
    }
  },
  {
    "id": "pop9-11",
    "name": "Pichu",
    "supertype": "Pokémon",
    "subtypes": [
      "Basic"
    ],
    "level": "5",
    "hp": "40",
    "types": [
      "Lightning"
    ],
    "evolvesTo": [
      "Pikachu"
    ],
    "abilities": [
      {
        "name": "Baby Evolution",
        "text": "Once during your turn (before your attack), you may put Pikachu from your hand onto Pichu (this counts as evolving Pichu) and remove all damage counters from Pichu.",
        "type": "Poké-Power"
      }
    ],
    "attacks": [
      {
        "name": "Find a Friend",
        "cost": [

        ],
        "convertedEnergyCost": 0,
        "damage": "",
        "text": "Flip a coin. If heads, search your deck for a Pokémon, show it to your opponent, and put it into your hand. Shuffle your deck afterward."
      }
    ],
    "weaknesses": [
      {
        "type": "Fighting",
        "value": "+10"
      }
    ],
    "resistances": [
      {
        "type": "Metal",
        "value": "-20"
      }
    ],
    "retreatCost": [
      "Colorless"
    ],
    "convertedRetreatCost": 1,
    "number": "11",
    "artist": "Midori Harada",
    "rarity": "Uncommon",
    "flavorText": "It plays with others by touching tails and setting off sparks. This appears to be a test of courage.",
    "nationalPokedexNumbers": [
      172
    ],
    "legalities": {
      "unlimited": "Legal"
    },
    "images": {
      "small": "https://images.pokemontcg.io/pop9/11.png",
      "large": "https://images.pokemontcg.io/pop9/11_hires.png"
    }
  },
  {
    "id": "pop9-12",
    "name": "Buneary",
    "supertype": "Pokémon",
    "subtypes": [
      "Basic"
    ],
    "level": "8",
    "hp": "50",
    "types": [
      "Colorless"
    ],
    "evolvesTo": [
      "Lopunny"
    ],
    "attacks": [
      {
        "name": "Dizzy Punch",
        "cost": [
          "Colorless"
        ],
        "convertedEnergyCost": 1,
        "damage": "10×",
        "text": "Flip 2 coins. This attack does 10 damage times the number of heads."
      },
      {
        "name": "Defense Curl",
        "cost": [
          "Colorless",
          "Colorless"
        ],
        "convertedEnergyCost": 2,
        "damage": "",
        "text": "Flip a coin. If heads, prevent all damage done to Buneary by attacks during your opponent's next turn."
      }
    ],
    "weaknesses": [
      {
        "type": "Fighting",
        "value": "+10"
      }
    ],
    "retreatCost": [
      "Colorless"
    ],
    "convertedRetreatCost": 1,
    "number": "12",
    "artist": "Midori Harada",
    "rarity": "Common",
    "flavorText": "When it senses danger, it perks up its ears. On cold nights, it sleeps with its head tucked into its fur.",
    "nationalPokedexNumbers": [
      427
    ],
    "legalities": {
      "unlimited": "Legal"
    },
    "images": {
      "small": "https://images.pokemontcg.io/pop9/12.png",
      "large": "https://images.pokemontcg.io/pop9/12_hires.png"
    }
  },
  {
    "id": "pop9-13",
    "name": "Chimchar",
    "supertype": "Pokémon",
    "subtypes": [
      "Basic"
    ],
    "level": "5",
    "hp": "40",
    "types": [
      "Fire"
    ],
    "evolvesTo": [
      "Monferno"
    ],
    "attacks": [
      {
        "name": "Serial Swipes",
        "cost": [
          "Fire"
        ],
        "convertedEnergyCost": 1,
        "damage": "10×",
        "text": "Flip 4 coins. This attack does 10 damage times the number of heads."
      },
      {
        "name": "Sleepy",
        "cost": [
          "Fire",
          "Colorless",
          "Colorless"
        ],
        "convertedEnergyCost": 3,
        "damage": "40+",
        "text": "If you have Piplup in play, this attack does 40 damage plus 20 more damage and the Defending Pokémon is now Asleep."
      }
    ],
    "weaknesses": [
      {
        "type": "Water",
        "value": "+10"
      }
    ],
    "retreatCost": [
      "Colorless"
    ],
    "convertedRetreatCost": 1,
    "number": "13",
    "artist": "Midori Harada",
    "rarity": "Common",
    "flavorText": "Its fiery rear end is fueld by gas made in its belly. Even rain can't extinguish the fire.",
    "nationalPokedexNumbers": [
      390
    ],
    "legalities": {
      "unlimited": "Legal"
    },
    "images": {
      "small": "https://images.pokemontcg.io/pop9/13.png",
      "large": "https://images.pokemontcg.io/pop9/13_hires.png"
    }
  },
  {
    "id": "pop9-14",
    "name": "Gible",
    "supertype": "Pokémon",
    "subtypes": [
      "Basic"
    ],
    "level": "9",
    "hp": "50",
    "types": [
      "Colorless"
    ],
    "evolvesTo": [
      "Gabite"
    ],
    "attacks": [
      {
        "name": "Push Down",
        "cost": [
          "Colorless"
        ],
        "convertedEnergyCost": 1,
        "damage": "10",
        "text": "Your opponent switches the Defending Pokémon with 1 of his or her Benched Pokémon."
      }
    ],
    "weaknesses": [
      {
        "type": "Colorless",
        "value": "+10"
      }
    ],
    "retreatCost": [
      "Colorless"
    ],
    "convertedRetreatCost": 1,
    "number": "14",
    "artist": "Hiroki Fuchino",
    "rarity": "Common",
    "flavorText": "Its nests is small, horizontal holes in cave walls. It pounces to catch prey that stray too close.",
    "nationalPokedexNumbers": [
      443
    ],
    "legalities": {
      "unlimited": "Legal"
    },
    "images": {
      "small": "https://images.pokemontcg.io/pop9/14.png",
      "large": "https://images.pokemontcg.io/pop9/14_hires.png"
    }
  },
  {
    "id": "pop9-15",
    "name": "Pikachu",
    "supertype": "Pokémon",
    "subtypes": [
      "Basic"
    ],
    "level": "18",
    "hp": "60",
    "types": [
      "Lightning"
    ],
    "evolvesTo": [
      "Raichu"
    ],
    "attacks": [
      {
        "name": "Growl",
        "cost": [
          "Colorless"
        ],
        "convertedEnergyCost": 1,
        "damage": "",
        "text": "During your opponent's next turn, any damage done by attacks from the Defending Pokémon is reduced by 20 (before applying Weakness and Resistance)."
      },
      {
        "name": "Numb",
        "cost": [
          "Lightning",
          "Colorless",
          "Colorless"
        ],
        "convertedEnergyCost": 3,
        "damage": "30",
        "text": "If Pikachu evolved from Pichu during this turn, the Defending Pokémon is now Paralyzed."
      }
    ],
    "weaknesses": [
      {
        "type": "Fighting",
        "value": "+10"
      }
    ],
    "resistances": [
      {
        "type": "Metal",
        "value": "-20"
      }
    ],
    "retreatCost": [
      "Colorless"
    ],
    "convertedRetreatCost": 1,
    "number": "15",
    "artist": "Midori Harada",
    "rarity": "Common",
    "flavorText": "If it looses crackling power from the electric pouches on its cheeks, it is being wary.",
    "nationalPokedexNumbers": [
      25
    ],
    "legalities": {
      "unlimited": "Legal"
    },
    "images": {
      "small": "https://images.pokemontcg.io/pop9/15.png",
      "large": "https://images.pokemontcg.io/pop9/15_hires.png"
    }
  },
  {
    "id": "pop9-16",
    "name": "Piplup",
    "supertype": "Pokémon",
    "subtypes": [
      "Basic"
    ],
    "level": "6",
    "hp": "50",
    "types": [
      "Water"
    ],
    "evolvesTo": [
      "Prinplup"
    ],
    "attacks": [
      {
        "name": "Water Sport",
        "cost": [
          "Water"
        ],
        "convertedEnergyCost": 1,
        "damage": "10+",
        "text": "If Piplup has less Energy attached to it than the Defending Pokémon, this attack does 10 damage plus more 10 more damage."
      },
      {
        "name": "Wavelet",
        "cost": [
          "Water",
          "Colorless",
          "Colorless"
        ],
        "convertedEnergyCost": 3,
        "damage": "40",
        "text": "If you have Buizel in play, this attack does 10 damage to each of your opponent's Benched Pokémon. (Don't apply Weakness and Resistance for Benched Pokémon.)"
      }
    ],
    "weaknesses": [
      {
        "type": "Lightning",
        "value": "+10"
      }
    ],
    "retreatCost": [
      "Colorless"
    ],
    "convertedRetreatCost": 1,
    "number": "16",
    "artist": "Midori Harada",
    "rarity": "Common",
    "flavorText": "It lives along shores in northern countries. A skilled swimmer, it dives for over 10 minutes to hunt.",
    "nationalPokedexNumbers": [
      393
    ],
    "legalities": {
      "unlimited": "Legal"
    },
    "images": {
      "small": "https://images.pokemontcg.io/pop9/16.png",
      "large": "https://images.pokemontcg.io/pop9/16_hires.png"
    }
  },
  {
    "id": "pop9-17",
    "name": "Turtwig",
    "supertype": "Pokémon",
    "subtypes": [
      "Basic"
    ],
    "level": "7",
    "hp": "60",
    "types": [
      "Grass"
    ],
    "evolvesTo": [
      "Grotle"
    ],
    "attacks": [
      {
        "name": "Absorb",
        "cost": [
          "Grass"
        ],
        "convertedEnergyCost": 1,
        "damage": "10",
        "text": "Remove 1 damage counter from Turtwig."
      },
      {
        "name": "Parboil",
        "cost": [
          "Grass",
          "Colorless",
          "Colorless"
        ],
        "convertedEnergyCost": 3,
        "damage": "40+",
        "text": "If you have Chimchar in play, this attack does 40 damage plus 20 more damage and the Defending Pokémon is now Burned."
      }
    ],
    "weaknesses": [
      {
        "type": "Fire",
        "value": "+10"
      }
    ],
    "resistances": [
      {
        "type": "Water",
        "value": "-20"
      }
    ],
    "retreatCost": [
      "Colorless",
      "Colorless"
    ],
    "convertedRetreatCost": 2,
    "number": "17",
    "artist": "Midori Harada",
    "rarity": "Common",
    "flavorText": "It undertakes photosynthesis with its body, making oxygen. The leaf on its head wilts if it is thirsty.",
    "nationalPokedexNumbers": [
      387
    ],
    "legalities": {
      "unlimited": "Legal"
    },
    "images": {
      "small": "https://images.pokemontcg.io/pop9/17.png",
      "large": "https://images.pokemontcg.io/pop9/17_hires.png"
    }
  }
]