[
  {
    "id": "sm115-1",
    "name": "Caterpie",
    "supertype": "Pokémon",
    "subtypes": [
      "Basic"
    ],
    "hp": "60",
    "types": [
      "Grass"
    ],
    "evolvesTo": [
      "Metapod"
    ],
    "attacks": [
      {
        "name": "Tackle",
        "cost": [
          "Grass"
        ],
        "convertedEnergyCost": 1,
        "damage": "10",
        "text": ""
      }
    ],
    "weaknesses": [
      {
        "type": "Fire",
        "value": "×2"
      }
    ],
    "retreatCost": [
      "Colorless"
    ],
    "convertedRetreatCost": 1,
    "number": "1",
    "artist": "tetsuya koizumi",
    "rarity": "Common",
    "flavorText": "Perhaps because it would like to grow up quickly, it has a voracious appetite, eating a hundred leaves a day.",
    "nationalPokedexNumbers": [
      10
    ],
    "legalities": {
      "unlimited": "Legal",

      "expanded": "Legal"
    },
    "images": {
      "small": "https://images.pokemontcg.io/sm115/1.png",
      "large": "https://images.pokemontcg.io/sm115/1_hires.png"
    }
  },
  {
    "id": "sm115-2",
    "name": "Metapod",
    "supertype": "Pokémon",
    "subtypes": [
      "Stage 1"
    ],
    "hp": "90",
    "types": [
      "Grass"
    ],
    "evolvesFrom": "Caterpie",
    "evolvesTo": [
      "Butterfree"
    ],
    "attacks": [
      {
        "name": "Tackle",
        "cost": [
          "Grass",
          "Colorless"
        ],
        "convertedEnergyCost": 2,
        "damage": "30",
        "text": ""
      }
    ],
    "weaknesses": [
      {
        "type": "Fire",
        "value": "×2"
      }
    ],
    "retreatCost": [
      "Colorless",
      "Colorless"
    ],
    "convertedRetreatCost": 2,
    "number": "2",
    "artist": "Shibuzoh.",
    "rarity": "Uncommon",
    "flavorText": "Its shell is filled with a thick liquid. All of the cells throughout its body are being rebuilt in preparation for evolution.",
    "nationalPokedexNumbers": [
      11
    ],
    "legalities": {
      "unlimited": "Legal",

      "expanded": "Legal"
    },
    "images": {
      "small": "https://images.pokemontcg.io/sm115/2.png",
      "large": "https://images.pokemontcg.io/sm115/2_hires.png"
    }
  },
  {
    "id": "sm115-3",
    "name": "Butterfree",
    "supertype": "Pokémon",
    "subtypes": [
      "Stage 2"
    ],
    "hp": "130",
    "types": [
      "Grass"
    ],
    "evolvesFrom": "Metapod",
    "attacks": [
      {
        "name": "Gust",
        "cost": [
          "Grass",
          "Colorless"
        ],
        "convertedEnergyCost": 2,
        "damage": "80",
        "text": ""
      }
    ],
    "weaknesses": [
      {
        "type": "Fire",
        "value": "×2"
      }
    ],
    "retreatCost": [
      "Colorless"
    ],
    "convertedRetreatCost": 1,
    "number": "3",
    "artist": "Masakazu Fukuda",
    "rarity": "Rare",
    "flavorText": "Its wings are covered in toxic scales. If it finds bird Pokémon going after Caterpie, Butterfree sprinkles its scales on them to drive them off.",
    "nationalPokedexNumbers": [
      12
    ],
    "legalities": {
      "unlimited": "Legal",

      "expanded": "Legal"
    },
    "images": {
      "small": "https://images.pokemontcg.io/sm115/3.png",
      "large": "https://images.pokemontcg.io/sm115/3_hires.png"
    }
  },
  {
    "id": "sm115-4",
    "name": "Paras",
    "supertype": "Pokémon",
    "subtypes": [
      "Basic"
    ],
    "hp": "70",
    "types": [
      "Grass"
    ],
    "evolvesTo": [
      "Parasect"
    ],
    "attacks": [
      {
        "name": "Scratch",
        "cost": [
          "Colorless"
        ],
        "convertedEnergyCost": 1,
        "damage": "10",
        "text": ""
      },
      {
        "name": "Slash",
        "cost": [
          "Grass",
          "Colorless"
        ],
        "convertedEnergyCost": 2,
        "damage": "20",
        "text": ""
      }
    ],
    "weaknesses": [
      {
        "type": "Fire",
        "value": "×2"
      }
    ],
    "retreatCost": [
      "Colorless"
    ],
    "convertedRetreatCost": 1,
    "number": "4",
    "artist": "OOYAMA",
    "rarity": "Common",
    "flavorText": "Whether it's due to a lack of moisture or a lack of nutrients, in Alola the mushrooms on Paras don't grow up quite right.",
    "nationalPokedexNumbers": [
      46
    ],
    "legalities": {
      "unlimited": "Legal",

      "expanded": "Legal"
    },
    "images": {
      "small": "https://images.pokemontcg.io/sm115/4.png",
      "large": "https://images.pokemontcg.io/sm115/4_hires.png"
    }
  },
  {
    "id": "sm115-5",
    "name": "Scyther",
    "supertype": "Pokémon",
    "subtypes": [
      "Basic"
    ],
    "hp": "100",
    "types": [
      "Grass"
    ],
    "evolvesTo": [
      "Scizor"
    ],
    "attacks": [
      {
        "name": "Slash",
        "cost": [
          "Grass"
        ],
        "convertedEnergyCost": 1,
        "damage": "10",
        "text": ""
      },
      {
        "name": "Sharp Scythe",
        "cost": [
          "Grass",
          "Colorless"
        ],
        "convertedEnergyCost": 2,
        "damage": "30",
        "text": ""
      }
    ],
    "weaknesses": [
      {
        "type": "Fire",
        "value": "×2"
      }
    ],
    "retreatCost": [
      "Colorless"
    ],
    "convertedRetreatCost": 1,
    "number": "5",
    "artist": "Hasuno",
    "rarity": "Uncommon",
    "flavorText": "Its two sharp scythes are more than just weapons. It uses them with dexterity to dress its prey before eating.",
    "nationalPokedexNumbers": [
      123
    ],
    "legalities": {
      "unlimited": "Legal",

      "expanded": "Legal"
    },
    "images": {
      "small": "https://images.pokemontcg.io/sm115/5.png",
      "large": "https://images.pokemontcg.io/sm115/5_hires.png"
    }
  },
  {
    "id": "sm115-6",
    "name": "Pinsir-GX",
    "supertype": "Pokémon",
    "subtypes": [
      "Basic",
      "GX"
    ],
    "hp": "180",
    "types": [
      "Grass"
    ],
    "rules": [
      "Pokémon-GX rule: When your Pokémon-GX is Knocked Out, your opponent takes 2 Prize cards."
    ],
    "attacks": [
      {
        "name": "Superpowered Horns",
        "cost": [
          "Grass",
          "Grass",
          "Colorless"
        ],
        "convertedEnergyCost": 3,
        "damage": "110",
        "text": ""
      },
      {
        "name": "Guillotine-GX",
        "cost": [
          "Grass",
          "Grass",
          "Colorless"
        ],
        "convertedEnergyCost": 3,
        "damage": "160",
        "text": "(You can't use more than 1 GX attack in a game.)"
      }
    ],
    "weaknesses": [
      {
        "type": "Fire",
        "value": "×2"
      }
    ],
    "retreatCost": [
      "Colorless",
      "Colorless"
    ],
    "convertedRetreatCost": 2,
    "number": "6",
    "artist": "5ban Graphics",
    "rarity": "Rare Holo GX",
    "nationalPokedexNumbers": [
      127
    ],
    "legalities": {
      "unlimited": "Legal",

      "expanded": "Legal"
    },
    "images": {
      "small": "https://images.pokemontcg.io/sm115/6.png",
      "large": "https://images.pokemontcg.io/sm115/6_hires.png"
    }
  },
  {
    "id": "sm115-7",
    "name": "Charmander",
    "supertype": "Pokémon",
    "subtypes": [
      "Basic"
    ],
    "hp": "70",
    "types": [
      "Fire"
    ],
    "evolvesTo": [
      "Charmeleon"
    ],
    "attacks": [
      {
        "name": "Gnaw",
        "cost": [
          "Fire"
        ],
        "convertedEnergyCost": 1,
        "damage": "10",
        "text": ""
      },
      {
        "name": "Flare",
        "cost": [
          "Fire",
          "Colorless"
        ],
        "convertedEnergyCost": 2,
        "damage": "20",
        "text": ""
      }
    ],
    "weaknesses": [
      {
        "type": "Water",
        "value": "×2"
      }
    ],
    "retreatCost": [
      "Colorless"
    ],
    "convertedRetreatCost": 1,
    "number": "7",
    "artist": "Megumi Mizutani",
    "rarity": "Common",
    "flavorText": "The flame on its tail indicates Charmander's life force. If it is healthy, the flame burns brightly.",
    "nationalPokedexNumbers": [
      4
    ],
    "legalities": {
      "unlimited": "Legal",

      "expanded": "Legal"
    },
    "images": {
      "small": "https://images.pokemontcg.io/sm115/7.png",
      "large": "https://images.pokemontcg.io/sm115/7_hires.png"
    }
  },
  {
    "id": "sm115-8",
    "name": "Charmeleon",
    "supertype": "Pokémon",
    "subtypes": [
      "Stage 1"
    ],
    "hp": "100",
    "types": [
      "Fire"
    ],
    "evolvesFrom": "Charmander",
    "evolvesTo": [
      "Charizard"
    ],
    "attacks": [
      {
        "name": "Slash",
        "cost": [
          "Fire",
          "Colorless"
        ],
        "convertedEnergyCost": 2,
        "damage": "30",
        "text": ""
      },
      {
        "name": "Flamethrower",
        "cost": [
          "Fire",
          "Fire",
          "Colorless"
        ],
        "convertedEnergyCost": 3,
        "damage": "80",
        "text": ""
      }
    ],
    "weaknesses": [
      {
        "type": "Water",
        "value": "×2"
      }
    ],
    "retreatCost": [
      "Colorless"
    ],
    "convertedRetreatCost": 1,
    "number": "8",
    "artist": "Shin Nagasawa",
    "rarity": "Uncommon",
    "flavorText": "It lashes about with its tail to knock down its foe. It then tears up the fallen opponent with sharp claws.",
    "nationalPokedexNumbers": [
      5
    ],
    "legalities": {
      "unlimited": "Legal",

      "expanded": "Legal"
    },
    "images": {
      "small": "https://images.pokemontcg.io/sm115/8.png",
      "large": "https://images.pokemontcg.io/sm115/8_hires.png"
    }
  },
  {
    "id": "sm115-9",
    "name": "Charizard-GX",
    "supertype": "Pokémon",
    "subtypes": [
      "Stage 2",
      "GX"
    ],
    "hp": "250",
    "types": [
      "Fire"
    ],
    "evolvesFrom": "Charmeleon",
    "rules": [
      "Pokémon-GX rule: When your Pokémon-GX is Knocked Out, your opponent takes 2 Prize cards."
    ],
    "attacks": [
      {
        "name": "Flamethrower",
        "cost": [
          "Fire",
          "Fire",
          "Colorless",
          "Colorless"
        ],
        "convertedEnergyCost": 4,
        "damage": "140",
        "text": ""
      },
      {
        "name": "Flare Blitz-GX",
        "cost": [
          "Fire",
          "Fire",
          "Colorless",
          "Colorless"
        ],
        "convertedEnergyCost": 4,
        "damage": "300",
        "text": "(You can't use more than 1 GX attack in a game.)"
      }
    ],
    "weaknesses": [
      {
        "type": "Water",
        "value": "×2"
      }
    ],
    "retreatCost": [
      "Colorless",
      "Colorless",
      "Colorless"
    ],
    "convertedRetreatCost": 3,
    "number": "9",
    "artist": "aky CG Works",
    "rarity": "Rare Holo GX",
    "nationalPokedexNumbers": [
      6
    ],
    "legalities": {
      "unlimited": "Legal",

      "expanded": "Legal"
    },
    "images": {
      "small": "https://images.pokemontcg.io/sm115/9.png",
      "large": "https://images.pokemontcg.io/sm115/9_hires.png"
    }
  },
  {
    "id": "sm115-10",
    "name": "Magmar",
    "supertype": "Pokémon",
    "subtypes": [
      "Basic"
    ],
    "hp": "90",
    "types": [
      "Fire"
    ],
    "evolvesTo": [
      "Magmortar"
    ],
    "attacks": [
      {
        "name": "Fire Punch",
        "cost": [
          "Fire",
          "Fire"
        ],
        "convertedEnergyCost": 2,
        "damage": "50",
        "text": ""
      }
    ],
    "weaknesses": [
      {
        "type": "Water",
        "value": "×2"
      }
    ],
    "retreatCost": [
      "Colorless",
      "Colorless"
    ],
    "convertedRetreatCost": 2,
    "number": "10",
    "artist": "Satoshi Shirai",
    "rarity": "Uncommon",
    "flavorText": "Its entire body is burning. When it breathes, the temperature rises. When it sneezes, flames shoot out!",
    "nationalPokedexNumbers": [
      126
    ],
    "legalities": {
      "unlimited": "Legal",

      "expanded": "Legal"
    },
    "images": {
      "small": "https://images.pokemontcg.io/sm115/10.png",
      "large": "https://images.pokemontcg.io/sm115/10_hires.png"
    }
  },
  {
    "id": "sm115-11",
    "name": "Psyduck",
    "supertype": "Pokémon",
    "subtypes": [
      "Basic"
    ],
    "hp": "60",
    "types": [
      "Water"
    ],
    "evolvesTo": [
      "Golduck"
    ],
    "attacks": [
      {
        "name": "Headache",
        "cost": [
          "Water"
        ],
        "convertedEnergyCost": 1,
        "damage": "20",
        "text": ""
      }
    ],
    "weaknesses": [
      {
        "type": "Grass",
        "value": "×2"
      }
    ],
    "retreatCost": [
      "Colorless"
    ],
    "convertedRetreatCost": 1,
    "number": "11",
    "artist": "nagimiso",
    "rarity": "Common",
    "flavorText": "Using psychokinesis gives it a headache, so it normally passes the time spacing out and doing as little as possible.",
    "nationalPokedexNumbers": [
      54
    ],
    "legalities": {
      "unlimited": "Legal",

      "expanded": "Legal"
    },
    "images": {
      "small": "https://images.pokemontcg.io/sm115/11.png",
      "large": "https://images.pokemontcg.io/sm115/11_hires.png"
    }
  },
  {
    "id": "sm115-12",
    "name": "Slowpoke",
    "supertype": "Pokémon",
    "subtypes": [
      "Basic"
    ],
    "hp": "70",
    "types": [
      "Water"
    ],
    "evolvesTo": [
      "Slowbro",
      "Slowking"
    ],
    "attacks": [
      {
        "name": "Yawn",
        "cost": [
          "Colorless"
        ],
        "convertedEnergyCost": 1,
        "damage": "",
        "text": "Your opponent's Active Pokémon is now Asleep."
      }
    ],
    "weaknesses": [
      {
        "type": "Grass",
        "value": "×2"
      }
    ],
    "retreatCost": [
      "Colorless",
      "Colorless"
    ],
    "convertedRetreatCost": 2,
    "number": "12",
    "artist": "Misa Tsutsui",
    "rarity": "Common",
    "flavorText": "Alolan home cooking involves drying Slowpoke tails and then simmering them into a salty stew.",
    "nationalPokedexNumbers": [
      79
    ],
    "legalities": {
      "unlimited": "Legal",

      "expanded": "Legal"
    },
    "images": {
      "small": "https://images.pokemontcg.io/sm115/12.png",
      "large": "https://images.pokemontcg.io/sm115/12_hires.png"
    }
  },
  {
    "id": "sm115-13",
    "name": "Staryu",
    "supertype": "Pokémon",
    "subtypes": [
      "Basic"
    ],
    "hp": "50",
    "types": [
      "Water"
    ],
    "evolvesTo": [
      "Starmie"
    ],
    "attacks": [
      {
        "name": "Numbing Water",
        "cost": [
          "Colorless"
        ],
        "convertedEnergyCost": 1,
        "damage": "10",
        "text": "Flip a coin. If heads, your opponent's Active Pokémon is now Paralyzed."
      }
    ],
    "weaknesses": [
      {
        "type": "Grass",
        "value": "×2"
      }
    ],
    "retreatCost": [
      "Colorless"
    ],
    "convertedRetreatCost": 1,
    "number": "13",
    "artist": "Ken Sugimori",
    "rarity": "Common",
    "flavorText": "In many places, there are folktales of stardust falling into the ocean and becoming Staryu.",
    "nationalPokedexNumbers": [
      120
    ],
    "legalities": {
      "unlimited": "Legal",

      "expanded": "Legal"
    },
    "images": {
      "small": "https://images.pokemontcg.io/sm115/13.png",
      "large": "https://images.pokemontcg.io/sm115/13_hires.png"
    }
  },
  {
    "id": "sm115-14",
    "name": "Starmie-GX",
    "supertype": "Pokémon",
    "subtypes": [
      "Stage 1",
      "GX"
    ],
    "hp": "190",
    "types": [
      "Water"
    ],
    "evolvesFrom": "Staryu",
    "rules": [
      "Pokémon-GX rule: When your Pokémon-GX is Knocked Out, your opponent takes 2 Prize cards."
    ],
    "attacks": [
      {
        "name": "Star Stream",
        "cost": [
          "Water"
        ],
        "convertedEnergyCost": 1,
        "damage": "40",
        "text": "Attach 2 Water Energy cards from your discard pile to 1 of your Pokémon."
      },
      {
        "name": "Spinning Attack",
        "cost": [
          "Colorless",
          "Colorless",
          "Colorless"
        ],
        "convertedEnergyCost": 3,
        "damage": "100",
        "text": ""
      },
      {
        "name": "Hydro Pump-GX",
        "cost": [
          "Colorless"
        ],
        "convertedEnergyCost": 1,
        "damage": "40+",
        "text": "This attack does 40 more damage times the amount of Water Energy attached to this Pokémon. (You can't use more than 1 GX attack in a game.)"
      }
    ],
    "weaknesses": [
      {
        "type": "Grass",
        "value": "×2"
      }
    ],
    "number": "14",
    "artist": "PLANETA Otani",
    "rarity": "Rare Holo GX",
    "nationalPokedexNumbers": [
      121
    ],
    "legalities": {
      "unlimited": "Legal",

      "expanded": "Legal"
    },
    "images": {
      "small": "https://images.pokemontcg.io/sm115/14.png",
      "large": "https://images.pokemontcg.io/sm115/14_hires.png"
    }
  },
  {
    "id": "sm115-15",
    "name": "Magikarp",
    "supertype": "Pokémon",
    "subtypes": [
      "Basic"
    ],
    "hp": "30",
    "types": [
      "Water"
    ],
    "evolvesTo": [
      "Gyarados"
    ],
    "attacks": [
      {
        "name": "Splash",
        "cost": [
          "Colorless"
        ],
        "convertedEnergyCost": 1,
        "damage": "10",
        "text": ""
      }
    ],
    "weaknesses": [
      {
        "type": "Lightning",
        "value": "×2"
      }
    ],
    "retreatCost": [
      "Colorless"
    ],
    "convertedRetreatCost": 1,
    "number": "15",
    "artist": "Shigenori Negishi",
    "rarity": "Common",
    "flavorText": "In the distant past, they were fairly strong, but they have become gradually weaker over time.",
    "nationalPokedexNumbers": [
      129
    ],
    "legalities": {
      "unlimited": "Legal",

      "expanded": "Legal"
    },
    "images": {
      "small": "https://images.pokemontcg.io/sm115/15.png",
      "large": "https://images.pokemontcg.io/sm115/15_hires.png"
    }
  },
  {
    "id": "sm115-16",
    "name": "Gyarados-GX",
    "supertype": "Pokémon",
    "subtypes": [
      "Stage 1",
      "GX"
    ],
    "hp": "230",
    "types": [
      "Water"
    ],
    "evolvesFrom": "Magikarp",
    "rules": [
      "Pokémon-GX rule: When your Pokémon-GX is Knocked Out, your opponent takes 2 Prize cards."
    ],
    "attacks": [
      {
        "name": "Dragon Rage",
        "cost": [
          "Water",
          "Water",
          "Water",
          "Colorless"
        ],
        "convertedEnergyCost": 4,
        "damage": "130",
        "text": ""
      },
      {
        "name": "Hyper Beam-GX",
        "cost": [
          "Water",
          "Water",
          "Water",
          "Colorless"
        ],
        "convertedEnergyCost": 4,
        "damage": "240",
        "text": "(You can't use more than 1 GX attack in a game.)"
      }
    ],
    "weaknesses": [
      {
        "type": "Lightning",
        "value": "×2"
      }
    ],
    "retreatCost": [
      "Colorless",
      "Colorless",
      "Colorless"
    ],
    "convertedRetreatCost": 3,
    "number": "16",
    "artist": "5ban Graphics",
    "rarity": "Rare Holo GX",
    "nationalPokedexNumbers": [
      130
    ],
    "legalities": {
      "unlimited": "Legal",

      "expanded": "Legal"
    },
    "images": {
      "small": "https://images.pokemontcg.io/sm115/16.png",
      "large": "https://images.pokemontcg.io/sm115/16_hires.png"
    }
  },
  {
    "id": "sm115-17",
    "name": "Lapras",
    "supertype": "Pokémon",
    "subtypes": [
      "Basic"
    ],
    "hp": "120",
    "types": [
      "Water"
    ],
    "attacks": [
      {
        "name": "Aqua Wave",
        "cost": [
          "Water",
          "Water",
          "Colorless"
        ],
        "convertedEnergyCost": 3,
        "damage": "80",
        "text": ""
      }
    ],
    "weaknesses": [
      {
        "type": "Grass",
        "value": "×2"
      }
    ],
    "retreatCost": [
      "Colorless",
      "Colorless"
    ],
    "convertedRetreatCost": 2,
    "number": "17",
    "artist": "kodama",
    "rarity": "Rare",
    "flavorText": "It likes swimming around with people on its back. In the Alola region, it's an important means of transportation over water.",
    "nationalPokedexNumbers": [
      131
    ],
    "legalities": {
      "unlimited": "Legal",

      "expanded": "Legal"
    },
    "images": {
      "small": "https://images.pokemontcg.io/sm115/17.png",
      "large": "https://images.pokemontcg.io/sm115/17_hires.png"
    }
  },
  {
    "id": "sm115-18",
    "name": "Vaporeon",
    "supertype": "Pokémon",
    "subtypes": [
      "Stage 1"
    ],
    "hp": "120",
    "types": [
      "Water"
    ],
    "evolvesFrom": "Eevee",
    "attacks": [
      {
        "name": "Water Gun",
        "cost": [
          "Water",
          "Colorless"
        ],
        "convertedEnergyCost": 2,
        "damage": "30",
        "text": ""
      },
      {
        "name": "Bubble Drain",
        "cost": [
          "Water",
          "Water",
          "Colorless"
        ],
        "convertedEnergyCost": 3,
        "damage": "80",
        "text": "Heal 30 damage from this Pokémon."
      }
    ],
    "weaknesses": [
      {
        "type": "Grass",
        "value": "×2"
      }
    ],
    "retreatCost": [
      "Colorless",
      "Colorless",
      "Colorless"
    ],
    "convertedRetreatCost": 3,
    "number": "18",
    "artist": "Masakazu Fukuda",
    "rarity": "Rare Holo",
    "flavorText": "Clean, clear waters are its usual habitat. When it's about to be attacked by an invading enemy, it dives into the water to hide.",
    "nationalPokedexNumbers": [
      134
    ],
    "legalities": {
      "unlimited": "Legal",

      "expanded": "Legal"
    },
    "images": {
      "small": "https://images.pokemontcg.io/sm115/18.png",
      "large": "https://images.pokemontcg.io/sm115/18_hires.png"
    }
  },
  {
    "id": "sm115-19",
    "name": "Pikachu",
    "supertype": "Pokémon",
    "subtypes": [
      "Basic"
    ],
    "hp": "70",
    "types": [
      "Lightning"
    ],
    "evolvesTo": [
      "Raichu"
    ],
    "attacks": [
      {
        "name": "Quick Attack",
        "cost": [
          "Lightning"
        ],
        "convertedEnergyCost": 1,
        "damage": "10",
        "text": ""
      },
      {
        "name": "Electro Ball",
        "cost": [
          "Lightning",
          "Lightning",
          "Colorless"
        ],
        "convertedEnergyCost": 3,
        "damage": "60",
        "text": ""
      }
    ],
    "weaknesses": [
      {
        "type": "Fighting",
        "value": "×2"
      }
    ],
    "resistances": [
      {
        "type": "Metal",
        "value": "-20"
      }
    ],
    "retreatCost": [
      "Colorless"
    ],
    "convertedRetreatCost": 1,
    "number": "19",
    "artist": "Kagemaru Himeno",
    "rarity": "Common",
    "flavorText": "Its nature is to store up electricity. Forests where nests of Pikachu live are dangerous, since the trees are so often struck by lightning.",
    "nationalPokedexNumbers": [
      25
    ],
    "legalities": {
      "unlimited": "Legal",

      "expanded": "Legal"
    },
    "images": {
      "small": "https://images.pokemontcg.io/sm115/19.png",
      "large": "https://images.pokemontcg.io/sm115/19_hires.png"
    }
  },
  {
    "id": "sm115-20",
    "name": "Raichu-GX",
    "supertype": "Pokémon",
    "subtypes": [
      "Stage 1",
      "GX"
    ],
    "hp": "210",
    "types": [
      "Lightning"
    ],
    "evolvesFrom": "Pikachu",
    "rules": [
      "Pokémon-GX rule: When your Pokémon-GX is Knocked Out, your opponent takes 2 Prize cards."
    ],
    "attacks": [
      {
        "name": "Thunderbolt",
        "cost": [
          "Lightning",
          "Lightning",
          "Colorless"
        ],
        "convertedEnergyCost": 3,
        "damage": "120",
        "text": ""
      },
      {
        "name": "Spark Ball-GX",
        "cost": [
          "Lightning",
          "Lightning",
          "Colorless"
        ],
        "convertedEnergyCost": 3,
        "damage": "200",
        "text": "(You can't use more than 1 GX attack in a game.)"
      }
    ],
    "weaknesses": [
      {
        "type": "Fighting",
        "value": "×2"
      }
    ],
    "resistances": [
      {
        "type": "Metal",
        "value": "-20"
      }
    ],
    "retreatCost": [
      "Colorless"
    ],
    "convertedRetreatCost": 1,
    "number": "20",
    "artist": "5ban Graphics",
    "rarity": "Rare Holo GX",
    "nationalPokedexNumbers": [
      26
    ],
    "legalities": {
      "unlimited": "Legal",

      "expanded": "Legal"
    },
    "images": {
      "small": "https://images.pokemontcg.io/sm115/20.png",
      "large": "https://images.pokemontcg.io/sm115/20_hires.png"
    }
  },
  {
    "id": "sm115-21",
    "name": "Voltorb",
    "supertype": "Pokémon",
    "subtypes": [
      "Basic"
    ],
    "hp": "50",
    "types": [
      "Lightning"
    ],
    "evolvesTo": [
      "Electrode"
    ],
    "attacks": [
      {
        "name": "Lightning Ball",
        "cost": [
          "Lightning"
        ],
        "convertedEnergyCost": 1,
        "damage": "20",
        "text": ""
      }
    ],
    "weaknesses": [
      {
        "type": "Fighting",
        "value": "×2"
      }
    ],
    "resistances": [
      {
        "type": "Metal",
        "value": "-20"
      }
    ],
    "retreatCost": [
      "Colorless"
    ],
    "convertedRetreatCost": 1,
    "number": "21",
    "artist": "SATOSHI NAKAI",
    "rarity": "Common",
    "flavorText": "It was discovered when Poké Balls were introduced. It is said that there is some connection.",
    "nationalPokedexNumbers": [
      100
    ],
    "legalities": {
      "unlimited": "Legal",

      "expanded": "Legal"
    },
    "images": {
      "small": "https://images.pokemontcg.io/sm115/21.png",
      "large": "https://images.pokemontcg.io/sm115/21_hires.png"
    }
  },
  {
    "id": "sm115-22",
    "name": "Electrode",
    "supertype": "Pokémon",
    "subtypes": [
      "Stage 1"
    ],
    "hp": "100",
    "types": [
      "Lightning"
    ],
    "evolvesFrom": "Voltorb",
    "attacks": [
      {
        "name": "Lightning Ball",
        "cost": [
          "Lightning"
        ],
        "convertedEnergyCost": 1,
        "damage": "30",
        "text": ""
      },
      {
        "name": "Electroblast",
        "cost": [
          "Lightning",
          "Colorless",
          "Colorless"
        ],
        "convertedEnergyCost": 3,
        "damage": "60+",
        "text": "Flip 2 coins. This attack does 30 more damage for each heads."
      }
    ],
    "weaknesses": [
      {
        "type": "Fighting",
        "value": "×2"
      }
    ],
    "resistances": [
      {
        "type": "Metal",
        "value": "-20"
      }
    ],
    "retreatCost": [
      "Colorless"
    ],
    "convertedRetreatCost": 1,
    "number": "22",
    "artist": "Anesaki Dynamic",
    "rarity": "Rare",
    "flavorText": "It explodes in response to even minor stimuli. It is feared, with the nickname of \"The Bomb Ball.\"",
    "nationalPokedexNumbers": [
      101
    ],
    "legalities": {
      "unlimited": "Legal",

      "expanded": "Legal"
    },
    "images": {
      "small": "https://images.pokemontcg.io/sm115/22.png",
      "large": "https://images.pokemontcg.io/sm115/22_hires.png"
    }
  },
  {
    "id": "sm115-23",
    "name": "Jolteon",
    "supertype": "Pokémon",
    "subtypes": [
      "Stage 1"
    ],
    "hp": "90",
    "types": [
      "Lightning"
    ],
    "evolvesFrom": "Eevee",
    "abilities": [
      {
        "name": "Electromagnetic Wall",
        "text": "As long as this Pokémon is your Active Pokémon, whenever your opponent attaches an Energy card from their hand to 1 of their Pokémon, put 2 damage counters on that Pokémon.",
        "type": "Ability"
      }
    ],
    "attacks": [
      {
        "name": "Thunderbolt",
        "cost": [
          "Lightning",
          "Colorless"
        ],
        "convertedEnergyCost": 2,
        "damage": "90",
        "text": "Discard all Energy from this Pokémon."
      }
    ],
    "weaknesses": [
      {
        "type": "Fighting",
        "value": "×2"
      }
    ],
    "resistances": [
      {
        "type": "Metal",
        "value": "-20"
      }
    ],
    "number": "23",
    "artist": "Kouki Saitou",
    "rarity": "Rare",
    "flavorText": "Its lungs contain an organ that creates electricity. The crackling sound of electricity can be heard when it exhales.",
    "nationalPokedexNumbers": [
      135
    ],
    "legalities": {
      "unlimited": "Legal",

      "expanded": "Legal"
    },
    "images": {
      "small": "https://images.pokemontcg.io/sm115/23.png",
      "large": "https://images.pokemontcg.io/sm115/23_hires.png"
    }
  },
  {
    "id": "sm115-24",
    "name": "Zapdos",
    "supertype": "Pokémon",
    "subtypes": [
      "Basic"
    ],
    "hp": "120",
    "types": [
      "Lightning"
    ],
    "attacks": [
      {
        "name": "Hurricane Call",
        "cost": [
          "Colorless",
          "Colorless"
        ],
        "convertedEnergyCost": 2,
        "damage": "",
        "text": "Flip 4 coins. For each heads, search your deck for a Lightning Energy card and attach it to 1 of your Pokémon-GX or Pokémon-EX. Then, shuffle your deck."
      },
      {
        "name": "Sky-High Claws",
        "cost": [
          "Lightning",
          "Lightning",
          "Colorless"
        ],
        "convertedEnergyCost": 3,
        "damage": "100",
        "text": ""
      }
    ],
    "weaknesses": [
      {
        "type": "Lightning",
        "value": "×2"
      }
    ],
    "resistances": [
      {
        "type": "Fighting",
        "value": "-20"
      }
    ],
    "retreatCost": [
      "Colorless",
      "Colorless"
    ],
    "convertedRetreatCost": 2,
    "number": "24",
    "artist": "Shin Nagasawa",
    "rarity": "Rare Holo",
    "flavorText": "A legendary bird Pokémon that is said to appear from clouds while dropping enormous lightning bolts.",
    "nationalPokedexNumbers": [
      145
    ],
    "legalities": {
      "unlimited": "Legal",

      "expanded": "Legal"
    },
    "images": {
      "small": "https://images.pokemontcg.io/sm115/24.png",
      "large": "https://images.pokemontcg.io/sm115/24_hires.png"
    }
  },
  {
    "id": "sm115-25",
    "name": "Ekans",
    "supertype": "Pokémon",
    "subtypes": [
      "Basic"
    ],
    "hp": "60",
    "types": [
      "Psychic"
    ],
    "evolvesTo": [
      "Arbok"
    ],
    "attacks": [
      {
        "name": "Wrap",
        "cost": [
          "Psychic"
        ],
        "convertedEnergyCost": 1,
        "damage": "10",
        "text": "Flip a coin. If heads, discard an Energy from your opponent's Active Pokémon."
      }
    ],
    "weaknesses": [
      {
        "type": "Psychic",
        "value": "×2"
      }
    ],
    "retreatCost": [
      "Colorless"
    ],
    "convertedRetreatCost": 1,
    "number": "25",
    "artist": "MAHOU",
    "rarity": "Common",
    "flavorText": "By dislocating its jaw, it can swallow prey larger than itself. After a meal, it curls up and rests.",
    "nationalPokedexNumbers": [
      23
    ],
    "legalities": {
      "unlimited": "Legal",

      "expanded": "Legal"
    },
    "images": {
      "small": "https://images.pokemontcg.io/sm115/25.png",
      "large": "https://images.pokemontcg.io/sm115/25_hires.png"
    }
  },
  {
    "id": "sm115-26",
    "name": "Ekans",
    "supertype": "Pokémon",
    "subtypes": [
      "Basic"
    ],
    "hp": "60",
    "types": [
      "Psychic"
    ],
    "evolvesTo": [
      "Arbok"
    ],
    "attacks": [
      {
        "name": "Tail Whap",
        "cost": [
          "Colorless",
          "Colorless"
        ],
        "convertedEnergyCost": 2,
        "damage": "30",
        "text": ""
      }
    ],
    "weaknesses": [
      {
        "type": "Psychic",
        "value": "×2"
      }
    ],
    "retreatCost": [
      "Colorless"
    ],
    "convertedRetreatCost": 1,
    "number": "26",
    "artist": "Masakazu Fukuda",
    "rarity": "Common",
    "flavorText": "By dislocating its jaw, it can swallow prey larger than itself. After a meal, it curls up and rests.",
    "nationalPokedexNumbers": [
      23
    ],
    "legalities": {
      "unlimited": "Legal",

      "expanded": "Legal"
    },
    "images": {
      "small": "https://images.pokemontcg.io/sm115/26.png",
      "large": "https://images.pokemontcg.io/sm115/26_hires.png"
    }
  },
  {
    "id": "sm115-27",
    "name": "Arbok",
    "supertype": "Pokémon",
    "subtypes": [
      "Stage 1"
    ],
    "hp": "120",
    "types": [
      "Psychic"
    ],
    "evolvesFrom": "Ekans",
    "abilities": [
      {
        "name": "Last Pattern",
        "text": "If this Pokémon is Knocked Out by damage from an opponent's attack, discard 2 random cards from your opponent's hand.",
        "type": "Ability"
      }
    ],
    "attacks": [
      {
        "name": "Rocket Tail",
        "cost": [
          "Psychic",
          "Colorless",
          "Colorless"
        ],
        "convertedEnergyCost": 3,
        "damage": "50+",
        "text": "If Jessie & James is in your discard pile, this attack does 80 more damage."
      }
    ],
    "weaknesses": [
      {
        "type": "Psychic",
        "value": "×2"
      }
    ],
    "retreatCost": [
      "Colorless",
      "Colorless"
    ],
    "convertedRetreatCost": 2,
    "number": "27",
    "artist": "kirisAki",
    "rarity": "Rare",
    "flavorText": "The latest research has determined that there are over 20 possible arrangements of the patterns on its stomach.",
    "nationalPokedexNumbers": [
      24
    ],
    "legalities": {
      "unlimited": "Legal",

      "expanded": "Legal"
    },
    "images": {
      "small": "https://images.pokemontcg.io/sm115/27.png",
      "large": "https://images.pokemontcg.io/sm115/27_hires.png"
    }
  },
  {
    "id": "sm115-28",
    "name": "Koffing",
    "supertype": "Pokémon",
    "subtypes": [
      "Basic"
    ],
    "hp": "60",
    "types": [
      "Psychic"
    ],
    "evolvesTo": [
      "Weezing"
    ],
    "attacks": [
      {
        "name": "Tackle",
        "cost": [
          "Colorless"
        ],
        "convertedEnergyCost": 1,
        "damage": "20",
        "text": ""
      }
    ],
    "weaknesses": [
      {
        "type": "Psychic",
        "value": "×2"
      }
    ],
    "retreatCost": [
      "Colorless"
    ],
    "convertedRetreatCost": 1,
    "number": "28",
    "artist": "Saya Tsuruta",
    "rarity": "Common",
    "flavorText": "Its thin, balloon-like body is inflated by horribly toxic gases. It reeks when it is nearby.",
    "nationalPokedexNumbers": [
      109
    ],
    "legalities": {
      "unlimited": "Legal",

      "expanded": "Legal"
    },
    "images": {
      "small": "https://images.pokemontcg.io/sm115/28.png",
      "large": "https://images.pokemontcg.io/sm115/28_hires.png"
    }
  },
  {
    "id": "sm115-29",
    "name": "Weezing",
    "supertype": "Pokémon",
    "subtypes": [
      "Stage 1"
    ],
    "hp": "120",
    "types": [
      "Psychic"
    ],
    "evolvesFrom": "Koffing",
    "abilities": [
      {
        "name": "Surrender Now",
        "text": "Once during your turn, if this Pokémon is discarded with the effect of Jessie & James, you may have your opponent discard a card from their hand. (They discard that card after the effect of Jessie & James.)",
        "type": "Ability"
      }
    ],
    "attacks": [
      {
        "name": "Tackle",
        "cost": [
          "Colorless"
        ],
        "convertedEnergyCost": 1,
        "damage": "40",
        "text": ""
      }
    ],
    "weaknesses": [
      {
        "type": "Psychic",
        "value": "×2"
      }
    ],
    "retreatCost": [
      "Colorless",
      "Colorless",
      "Colorless"
    ],
    "convertedRetreatCost": 3,
    "number": "29",
    "artist": "Hideki Ishikawa",
    "rarity": "Rare",
    "flavorText": "If one of the twin Koffing inflates, the other one deflates. It constantly mixes its poisonous gases.",
    "nationalPokedexNumbers": [
      110
    ],
    "legalities": {
      "unlimited": "Legal",

      "expanded": "Legal"
    },
    "images": {
      "small": "https://images.pokemontcg.io/sm115/29.png",
      "large": "https://images.pokemontcg.io/sm115/29_hires.png"
    }
  },
  {
    "id": "sm115-30",
    "name": "Jynx",
    "supertype": "Pokémon",
    "subtypes": [
      "Basic"
    ],
    "hp": "100",
    "types": [
      "Psychic"
    ],
    "attacks": [
      {
        "name": "Slap",
        "cost": [
          "Psychic"
        ],
        "convertedEnergyCost": 1,
        "damage": "10",
        "text": ""
      },
      {
        "name": "Lovely Kiss",
        "cost": [
          "Psychic",
          "Colorless"
        ],
        "convertedEnergyCost": 2,
        "damage": "30",
        "text": ""
      }
    ],
    "weaknesses": [
      {
        "type": "Psychic",
        "value": "×2"
      }
    ],
    "retreatCost": [
      "Colorless"
    ],
    "convertedRetreatCost": 1,
    "number": "30",
    "artist": "Kouki Saitou",
    "rarity": "Uncommon",
    "flavorText": "It sways its hips to a rhythm all its own. The precise movements of Jynx living in Alola are truly wonderful.",
    "nationalPokedexNumbers": [
      124
    ],
    "legalities": {
      "unlimited": "Legal",

      "expanded": "Legal"
    },
    "images": {
      "small": "https://images.pokemontcg.io/sm115/30.png",
      "large": "https://images.pokemontcg.io/sm115/30_hires.png"
    }
  },
  {
    "id": "sm115-31",
    "name": "Mewtwo-GX",
    "supertype": "Pokémon",
    "subtypes": [
      "Basic",
      "GX"
    ],
    "hp": "180",
    "types": [
      "Psychic"
    ],
    "rules": [
      "Pokémon-GX rule: When your Pokémon-GX is Knocked Out, your opponent takes 2 Prize cards."
    ],
    "attacks": [
      {
        "name": "Super Psy Bolt",
        "cost": [
          "Psychic",
          "Psychic",
          "Colorless"
        ],
        "convertedEnergyCost": 3,
        "damage": "110",
        "text": ""
      },
      {
        "name": "Psycrush-GX",
        "cost": [
          "Psychic",
          "Psychic",
          "Colorless"
        ],
        "convertedEnergyCost": 3,
        "damage": "120",
        "text": "Discard all Energy from your opponent's Active Pokémon. (You can't use more than 1 GX attack in a game.)"
      }
    ],
    "weaknesses": [
      {
        "type": "Psychic",
        "value": "×2"
      }
    ],
    "retreatCost": [
      "Colorless",
      "Colorless"
    ],
    "convertedRetreatCost": 2,
    "number": "31",
    "artist": "aky CG Works",
    "rarity": "Rare Holo GX",
    "nationalPokedexNumbers": [
      150
    ],
    "legalities": {
      "unlimited": "Legal",

      "expanded": "Legal"
    },
    "images": {
      "small": "https://images.pokemontcg.io/sm115/31.png",
      "large": "https://images.pokemontcg.io/sm115/31_hires.png"
    }
  },
  {
    "id": "sm115-32",
    "name": "Mew",
    "supertype": "Pokémon",
    "subtypes": [
      "Basic"
    ],
    "hp": "80",
    "types": [
      "Psychic"
    ],
    "attacks": [
      {
        "name": "Psyshot",
        "cost": [
          "Psychic",
          "Psychic"
        ],
        "convertedEnergyCost": 2,
        "damage": "50",
        "text": ""
      }
    ],
    "weaknesses": [
      {
        "type": "Psychic",
        "value": "×2"
      }
    ],
    "retreatCost": [
      "Colorless"
    ],
    "convertedRetreatCost": 1,
    "number": "32",
    "artist": "Atsuko Nishida",
    "rarity": "Rare",
    "flavorText": "Because it can use all kinds of moves, many scientists believe Mew to be the ancestor of Pokémon.",
    "nationalPokedexNumbers": [
      151
    ],
    "legalities": {
      "unlimited": "Legal",

      "expanded": "Legal"
    },
    "images": {
      "small": "https://images.pokemontcg.io/sm115/32.png",
      "large": "https://images.pokemontcg.io/sm115/32_hires.png"
    }
  },
  {
    "id": "sm115-33",
    "name": "Geodude",
    "supertype": "Pokémon",
    "subtypes": [
      "Basic"
    ],
    "hp": "70",
    "types": [
      "Fighting"
    ],
    "evolvesTo": [
      "Graveler"
    ],
    "attacks": [
      {
        "name": "Tackle",
        "cost": [
          "Colorless"
        ],
        "convertedEnergyCost": 1,
        "damage": "10",
        "text": ""
      }
    ],
    "weaknesses": [
      {
        "type": "Grass",
        "value": "×2"
      }
    ],
    "retreatCost": [
      "Colorless",
      "Colorless"
    ],
    "convertedRetreatCost": 2,
    "number": "33",
    "artist": "Ken Sugimori",
    "rarity": "Common",
    "flavorText": "Geodude that have lived a long life have had all their edges smoothed out until they're totally round. They also have a calm, quiet disposition.",
    "nationalPokedexNumbers": [
      74
    ],
    "legalities": {
      "unlimited": "Legal",

      "expanded": "Legal"
    },
    "images": {
      "small": "https://images.pokemontcg.io/sm115/33.png",
      "large": "https://images.pokemontcg.io/sm115/33_hires.png"
    }
  },
  {
    "id": "sm115-34",
    "name": "Graveler",
    "supertype": "Pokémon",
    "subtypes": [
      "Stage 1"
    ],
    "hp": "100",
    "types": [
      "Fighting"
    ],
    "evolvesFrom": "Geodude",
    "evolvesTo": [
      "Golem"
    ],
    "attacks": [
      {
        "name": "Tackle",
        "cost": [
          "Colorless",
          "Colorless"
        ],
        "convertedEnergyCost": 2,
        "damage": "30",
        "text": ""
      },
      {
        "name": "Mudslide",
        "cost": [
          "Fighting",
          "Fighting",
          "Colorless",
          "Colorless"
        ],
        "convertedEnergyCost": 4,
        "damage": "",
        "text": "Discard 2 Fighting Energy from this Pokémon. This attack does 80 damage to 1 of your opponent's Pokémon. (Don't apply Weakness and Resistance for Benched Pokémon.)"
      }
    ],
    "weaknesses": [
      {
        "type": "Grass",
        "value": "×2"
      }
    ],
    "retreatCost": [
      "Colorless",
      "Colorless",
      "Colorless"
    ],
    "convertedRetreatCost": 3,
    "number": "34",
    "artist": "Ken Sugimori",
    "rarity": "Uncommon",
    "flavorText": "It climbs up cliffs as it heads toward the peak of a mountain. As soon as it reaches the summit, it rolls back down the way it came.",
    "nationalPokedexNumbers": [
      75
    ],
    "legalities": {
      "unlimited": "Legal",

      "expanded": "Legal"
    },
    "images": {
      "small": "https://images.pokemontcg.io/sm115/34.png",
      "large": "https://images.pokemontcg.io/sm115/34_hires.png"
    }
  },
  {
    "id": "sm115-35",
    "name": "Golem",
    "supertype": "Pokémon",
    "subtypes": [
      "Stage 2"
    ],
    "hp": "170",
    "types": [
      "Fighting"
    ],
    "evolvesFrom": "Graveler",
    "attacks": [
      {
        "name": "Rock Slide",
        "cost": [
          "Fighting",
          "Colorless",
          "Colorless"
        ],
        "convertedEnergyCost": 3,
        "damage": "60",
        "text": "This attack does 20 damage to 3 of your opponent's Benched Pokémon. (Don't apply Weakness and Resistance for Benched Pokémon.)"
      },
      {
        "name": "Land Crush",
        "cost": [
          "Fighting",
          "Fighting",
          "Colorless",
          "Colorless"
        ],
        "convertedEnergyCost": 4,
        "damage": "140",
        "text": ""
      }
    ],
    "weaknesses": [
      {
        "type": "Grass",
        "value": "×2"
      }
    ],
    "retreatCost": [
      "Colorless",
      "Colorless",
      "Colorless",
      "Colorless"
    ],
    "convertedRetreatCost": 4,
    "number": "35",
    "artist": "Ken Sugimori",
    "rarity": "Rare",
    "flavorText": "When Golem grow old, they stop shedding their shells. Those that have lived a long, long time have shells green with moss.",
    "nationalPokedexNumbers": [
      76
    ],
    "legalities": {
      "unlimited": "Legal",

      "expanded": "Legal"
    },
    "images": {
      "small": "https://images.pokemontcg.io/sm115/35.png",
      "large": "https://images.pokemontcg.io/sm115/35_hires.png"
    }
  },
  {
    "id": "sm115-36",
    "name": "Onix-GX",
    "supertype": "Pokémon",
    "subtypes": [
      "Basic",
      "GX"
    ],
    "hp": "200",
    "types": [
      "Fighting"
    ],
    "evolvesTo": [
      "Steelix"
    ],
    "rules": [
      "Pokémon-GX rule: When your Pokémon-GX is Knocked Out, your opponent takes 2 Prize cards."
    ],
    "attacks": [
      {
        "name": "Bind",
        "cost": [
          "Fighting"
        ],
        "convertedEnergyCost": 1,
        "damage": "30",
        "text": "Flip a coin. If heads, your opponent's Active Pokémon is now Paralyzed."
      },
      {
        "name": "Heavy Impact",
        "cost": [
          "Fighting",
          "Colorless",
          "Colorless",
          "Colorless",
          "Colorless"
        ],
        "convertedEnergyCost": 5,
        "damage": "150",
        "text": ""
      },
      {
        "name": "Rocky Avalanche-GX",
        "cost": [
          "Fighting",
          "Colorless",
          "Colorless",
          "Colorless",
          "Colorless"
        ],
        "convertedEnergyCost": 5,
        "damage": "200",
        "text": "During your opponent's next turn, this Pokémon takes 100 less damage from attacks (after applying Weakness and Resistance). (You can't use more than 1 GX attack in a game.)"
      }
    ],
    "weaknesses": [
      {
        "type": "Grass",
        "value": "×2"
      }
    ],
    "retreatCost": [
      "Colorless",
      "Colorless",
      "Colorless",
      "Colorless"
    ],
    "convertedRetreatCost": 4,
    "number": "36",
    "artist": "PLANETA Igarashi",
    "rarity": "Rare Holo GX",
    "nationalPokedexNumbers": [
      95
    ],
    "legalities": {
      "unlimited": "Legal",

      "expanded": "Legal"
    },
    "images": {
      "small": "https://images.pokemontcg.io/sm115/36.png",
      "large": "https://images.pokemontcg.io/sm115/36_hires.png"
    }
  },
  {
    "id": "sm115-37",
    "name": "Cubone",
    "supertype": "Pokémon",
    "subtypes": [
      "Basic"
    ],
    "hp": "60",
    "types": [
      "Fighting"
    ],
    "evolvesTo": [
      "Marowak"
    ],
    "attacks": [
      {
        "name": "Sharpshooting",
        "cost": [
          "Colorless",
          "Colorless"
        ],
        "convertedEnergyCost": 2,
        "damage": "",
        "text": "This attack does 20 damage to 1 of your opponent's Pokémon. (Don't apply Weakness and Resistance for Benched Pokémon.)"
      }
    ],
    "weaknesses": [
      {
        "type": "Grass",
        "value": "×2"
      }
    ],
    "retreatCost": [
      "Colorless",
      "Colorless"
    ],
    "convertedRetreatCost": 2,
    "number": "37",
    "artist": "Hasuno",
    "rarity": "Common",
    "flavorText": "The skull it wears on its head is that of its dead mother. According to some, it will evolve when it comes to terms with the pain of her death.",
    "nationalPokedexNumbers": [
      104
    ],
    "legalities": {
      "unlimited": "Legal",

      "expanded": "Legal"
    },
    "images": {
      "small": "https://images.pokemontcg.io/sm115/37.png",
      "large": "https://images.pokemontcg.io/sm115/37_hires.png"
    }
  },
  {
    "id": "sm115-38",
    "name": "Clefairy",
    "supertype": "Pokémon",
    "subtypes": [
      "Basic"
    ],
    "hp": "60",
    "types": [
      "Fairy"
    ],
    "evolvesTo": [
      "Clefable"
    ],
    "attacks": [
      {
        "name": "Lead",
        "cost": [
          "Colorless"
        ],
        "convertedEnergyCost": 1,
        "damage": "",
        "text": "Flip a coin. If heads, search your deck for a Supporter card, reveal it, and put it into your hand. Then, shuffle your deck."
      },
      {
        "name": "Pound",
        "cost": [
          "Fairy"
        ],
        "convertedEnergyCost": 1,
        "damage": "10",
        "text": ""
      }
    ],
    "weaknesses": [
      {
        "type": "Metal",
        "value": "×2"
      }
    ],
    "resistances": [
      {
        "type": "Darkness",
        "value": "-20"
      }
    ],
    "retreatCost": [
      "Colorless"
    ],
    "convertedRetreatCost": 1,
    "number": "38",
    "artist": "Saya Tsuruta",
    "rarity": "Common",
    "flavorText": "They're popular, but they're rare. Trainers who show them off recklessly may be targeted by thieves.",
    "nationalPokedexNumbers": [
      35
    ],
    "legalities": {
      "unlimited": "Legal",

      "expanded": "Legal"
    },
    "images": {
      "small": "https://images.pokemontcg.io/sm115/38.png",
      "large": "https://images.pokemontcg.io/sm115/38_hires.png"
    }
  },
  {
    "id": "sm115-39",
    "name": "Clefairy",
    "supertype": "Pokémon",
    "subtypes": [
      "Basic"
    ],
    "hp": "60",
    "types": [
      "Fairy"
    ],
    "evolvesTo": [
      "Clefable"
    ],
    "attacks": [
      {
        "name": "Pound",
        "cost": [
          "Fairy"
        ],
        "convertedEnergyCost": 1,
        "damage": "10",
        "text": ""
      },
      {
        "name": "Moon Dance",
        "cost": [
          "Fairy",
          "Colorless"
        ],
        "convertedEnergyCost": 2,
        "damage": "30",
        "text": ""
      }
    ],
    "weaknesses": [
      {
        "type": "Metal",
        "value": "×2"
      }
    ],
    "resistances": [
      {
        "type": "Darkness",
        "value": "-20"
      }
    ],
    "retreatCost": [
      "Colorless"
    ],
    "convertedRetreatCost": 1,
    "number": "39",
    "artist": "kirisAki",
    "rarity": "Common",
    "flavorText": "They're popular, but they're rare. Trainers who show them off recklessly may be targeted by thieves.",
    "nationalPokedexNumbers": [
      35
    ],
    "legalities": {
      "unlimited": "Legal",

      "expanded": "Legal"
    },
    "images": {
      "small": "https://images.pokemontcg.io/sm115/39.png",
      "large": "https://images.pokemontcg.io/sm115/39_hires.png"
    }
  },
  {
    "id": "sm115-40",
    "name": "Clefable",
    "supertype": "Pokémon",
    "subtypes": [
      "Stage 1"
    ],
    "hp": "120",
    "types": [
      "Fairy"
    ],
    "evolvesFrom": "Clefairy",
    "attacks": [
      {
        "name": "Pound",
        "cost": [
          "Fairy",
          "Colorless"
        ],
        "convertedEnergyCost": 2,
        "damage": "40",
        "text": ""
      },
      {
        "name": "Moon Impact",
        "cost": [
          "Fairy",
          "Fairy",
          "Colorless"
        ],
        "convertedEnergyCost": 3,
        "damage": "90",
        "text": ""
      }
    ],
    "weaknesses": [
      {
        "type": "Metal",
        "value": "×2"
      }
    ],
    "resistances": [
      {
        "type": "Darkness",
        "value": "-20"
      }
    ],
    "retreatCost": [
      "Colorless",
      "Colorless"
    ],
    "convertedRetreatCost": 2,
    "number": "40",
    "artist": "sui",
    "rarity": "Rare",
    "flavorText": "It can't help but hear a pin drop from over half a mile away, so it lives deep in the mountains where there aren't many people or Pokémon.",
    "nationalPokedexNumbers": [
      36
    ],
    "legalities": {
      "unlimited": "Legal",

      "expanded": "Legal"
    },
    "images": {
      "small": "https://images.pokemontcg.io/sm115/40.png",
      "large": "https://images.pokemontcg.io/sm115/40_hires.png"
    }
  },
  {
    "id": "sm115-41",
    "name": "Jigglypuff",
    "supertype": "Pokémon",
    "subtypes": [
      "Basic"
    ],
    "hp": "70",
    "types": [
      "Fairy"
    ],
    "evolvesTo": [
      "Wigglytuff"
    ],
    "attacks": [
      {
        "name": "Singing Voice",
        "cost": [
          "Fairy"
        ],
        "convertedEnergyCost": 1,
        "damage": "10",
        "text": ""
      },
      {
        "name": "Rollout",
        "cost": [
          "Fairy",
          "Colorless"
        ],
        "convertedEnergyCost": 2,
        "damage": "30",
        "text": ""
      }
    ],
    "weaknesses": [
      {
        "type": "Metal",
        "value": "×2"
      }
    ],
    "resistances": [
      {
        "type": "Darkness",
        "value": "-20"
      }
    ],
    "retreatCost": [
      "Colorless"
    ],
    "convertedRetreatCost": 1,
    "number": "41",
    "artist": "Mizue",
    "rarity": "Common",
    "flavorText": "Recordings of Jigglypuff's strange lullabies can be purchased from department stores. These CDs can be found near the bedding area.",
    "nationalPokedexNumbers": [
      39
    ],
    "legalities": {
      "unlimited": "Legal",

      "expanded": "Legal"
    },
    "images": {
      "small": "https://images.pokemontcg.io/sm115/41.png",
      "large": "https://images.pokemontcg.io/sm115/41_hires.png"
    }
  },
  {
    "id": "sm115-42",
    "name": "Wigglytuff-GX",
    "supertype": "Pokémon",
    "subtypes": [
      "Stage 1",
      "GX"
    ],
    "hp": "210",
    "types": [
      "Fairy"
    ],
    "evolvesFrom": "Jigglypuff",
    "rules": [
      "Pokémon-GX rule: When your Pokémon-GX is Knocked Out, your opponent takes 2 Prize cards."
    ],
    "attacks": [
      {
        "name": "Rolling Rush",
        "cost": [
          "Fairy",
          "Fairy",
          "Colorless"
        ],
        "convertedEnergyCost": 3,
        "damage": "100+",
        "text": "Flip a coin until you get tails. This attack does 30 more damage for each heads."
      },
      {
        "name": "Lovely Star-GX",
        "cost": [
          "Fairy",
          "Fairy",
          "Colorless"
        ],
        "convertedEnergyCost": 3,
        "damage": "130",
        "text": "Heal all damage from this Pokémon. (You can't use more than 1 GX attack in a game.)"
      }
    ],
    "weaknesses": [
      {
        "type": "Metal",
        "value": "×2"
      }
    ],
    "resistances": [
      {
        "type": "Darkness",
        "value": "-20"
      }
    ],
    "retreatCost": [
      "Colorless",
      "Colorless"
    ],
    "convertedRetreatCost": 2,
    "number": "42",
    "artist": "5ban Graphics",
    "rarity": "Rare Holo GX",
    "nationalPokedexNumbers": [
      40
    ],
    "legalities": {
      "unlimited": "Legal",

      "expanded": "Legal"
    },
    "images": {
      "small": "https://images.pokemontcg.io/sm115/42.png",
      "large": "https://images.pokemontcg.io/sm115/42_hires.png"
    }
  },
  {
    "id": "sm115-43",
    "name": "Mr. Mime",
    "supertype": "Pokémon",
    "subtypes": [
      "Basic"
    ],
    "hp": "90",
    "types": [
      "Fairy"
    ],
    "attacks": [
      {
        "name": "Happy Mime",
        "cost": [
          "Fairy"
        ],
        "convertedEnergyCost": 1,
        "damage": "",
        "text": "Each player draws a card."
      },
      {
        "name": "Double Slap",
        "cost": [
          "Fairy",
          "Fairy"
        ],
        "convertedEnergyCost": 2,
        "damage": "40×",
        "text": "Flip 2 coins. This attack does 40 damage for each heads."
      }
    ],
    "weaknesses": [
      {
        "type": "Metal",
        "value": "×2"
      }
    ],
    "resistances": [
      {
        "type": "Darkness",
        "value": "-20"
      }
    ],
    "retreatCost": [
      "Colorless"
    ],
    "convertedRetreatCost": 1,
    "number": "43",
    "artist": "Hideki Ishikawa",
    "rarity": "Rare",
    "flavorText": "Its pantomime skills are wonderful. You may become enraptured while watching it, but next thing you know, Mr. Mime has made a real wall.",
    "legalities": {
      "unlimited": "Legal",

      "expanded": "Legal"
    },
    "images": {
      "small": "https://images.pokemontcg.io/sm115/43.png",
      "large": "https://images.pokemontcg.io/sm115/43_hires.png"
    }
  },
  {
    "id": "sm115-44",
    "name": "Moltres & Zapdos & Articuno-GX",
    "supertype": "Pokémon",
    "subtypes": [
      "Basic",
      "TAG TEAM",
      "GX"
    ],
    "hp": "300",
    "types": [
      "Colorless"
    ],
    "rules": [
      "TAG TEAM rule: When your TAG TEAM is Knocked Out, your opponent takes 3 Prize cards."
    ],
    "attacks": [
      {
        "name": "Trinity Burn",
        "cost": [
          "Fire",
          "Water",
          "Lightning",
          "Colorless"
        ],
        "convertedEnergyCost": 4,
        "damage": "210",
        "text": ""
      },
      {
        "name": "Sky Legends-GX",
        "cost": [
          "Colorless"
        ],
        "convertedEnergyCost": 1,
        "damage": "",
        "text": "Shuffle this Pokémon and all cards attached to it into your deck. If this Pokémon has at least 1 extra Fire, Water, and Lightning Energy attached to it (in addition to this attack's cost), this attack does 110 damage to 3 of your opponent's Pokémon. (Don't apply Weakness and Resistance for Benched Pokémon.) (You can't use more than 1 GX attack in a game.)"
      }
    ],
    "weaknesses": [
      {
        "type": "Lightning",
        "value": "×2"
      }
    ],
    "resistances": [
      {
        "type": "Fighting",
        "value": "-20"
      }
    ],
    "retreatCost": [
      "Colorless",
      "Colorless",
      "Colorless"
    ],
    "convertedRetreatCost": 3,
    "number": "44",
    "artist": "Mitsuhiro Arita",
    "rarity": "Rare Holo GX",
    "nationalPokedexNumbers": [
      144,
      145,
      146
    ],
    "legalities": {
      "unlimited": "Legal",

      "expanded": "Legal"
    },
    "images": {
      "small": "https://images.pokemontcg.io/sm115/44.png",
      "large": "https://images.pokemontcg.io/sm115/44_hires.png"
    }
  },
  {
    "id": "sm115-45",
    "name": "Farfetch'd",
    "supertype": "Pokémon",
    "subtypes": [
      "Basic"
    ],
    "hp": "80",
    "types": [
      "Colorless"
    ],
    "evolvesTo": [
      "Sirfetch'd"
    ],
    "attacks": [
      {
        "name": "Leek Slap",
        "cost": [
          "Colorless",
          "Colorless"
        ],
        "convertedEnergyCost": 2,
        "damage": "30",
        "text": ""
      }
    ],
    "weaknesses": [
      {
        "type": "Lightning",
        "value": "×2"
      }
    ],
    "resistances": [
      {
        "type": "Fighting",
        "value": "-20"
      }
    ],
    "retreatCost": [
      "Colorless"
    ],
    "convertedRetreatCost": 1,
    "number": "45",
    "artist": "Eri Yamaki",
    "rarity": "Uncommon",
    "flavorText": "The plant stalk it holds is its weapon. The stalk is used like a sword to cut all sorts of things.",
    "nationalPokedexNumbers": [
      83
    ],
    "legalities": {
      "unlimited": "Legal",

      "expanded": "Legal"
    },
    "images": {
      "small": "https://images.pokemontcg.io/sm115/45.png",
      "large": "https://images.pokemontcg.io/sm115/45_hires.png"
    }
  },
  {
    "id": "sm115-46",
    "name": "Chansey",
    "supertype": "Pokémon",
    "subtypes": [
      "Basic"
    ],
    "hp": "130",
    "types": [
      "Colorless"
    ],
    "evolvesTo": [
      "Blissey"
    ],
    "attacks": [
      {
        "name": "Double-Edge",
        "cost": [
          "Colorless",
          "Colorless",
          "Colorless"
        ],
        "convertedEnergyCost": 3,
        "damage": "80",
        "text": "This Pokémon does 20 damage to itself."
      }
    ],
    "weaknesses": [
      {
        "type": "Fighting",
        "value": "×2"
      }
    ],
    "retreatCost": [
      "Colorless",
      "Colorless"
    ],
    "convertedRetreatCost": 2,
    "number": "46",
    "artist": "sowsow",
    "rarity": "Uncommon",
    "flavorText": "It seems that other Pokémon's efforts to take its delicious, nutritious egg away from it caused Chansey to get faster at fleeing.",
    "nationalPokedexNumbers": [
      113
    ],
    "legalities": {
      "unlimited": "Legal",

      "expanded": "Legal"
    },
    "images": {
      "small": "https://images.pokemontcg.io/sm115/46.png",
      "large": "https://images.pokemontcg.io/sm115/46_hires.png"
    }
  },
  {
    "id": "sm115-47",
    "name": "Kangaskhan",
    "supertype": "Pokémon",
    "subtypes": [
      "Basic"
    ],
    "hp": "120",
    "types": [
      "Colorless"
    ],
    "attacks": [
      {
        "name": "Parental Fury",
        "cost": [
          "Colorless",
          "Colorless"
        ],
        "convertedEnergyCost": 2,
        "damage": "40×",
        "text": "Flip a coin until you get tails. This attack does 40 damage for each heads."
      }
    ],
    "weaknesses": [
      {
        "type": "Fighting",
        "value": "×2"
      }
    ],
    "retreatCost": [
      "Colorless",
      "Colorless"
    ],
    "convertedRetreatCost": 2,
    "number": "47",
    "artist": "You Iribi",
    "rarity": "Rare",
    "flavorText": "Kangaskhan protects its child by keeping it in its pouch. It has zero forgiveness for those who harm its child and will beat them down.",
    "nationalPokedexNumbers": [
      115
    ],
    "legalities": {
      "unlimited": "Legal",

      "expanded": "Legal"
    },
    "images": {
      "small": "https://images.pokemontcg.io/sm115/47.png",
      "large": "https://images.pokemontcg.io/sm115/47_hires.png"
    }
  },
  {
    "id": "sm115-48",
    "name": "Eevee",
    "supertype": "Pokémon",
    "subtypes": [
      "Basic"
    ],
    "hp": "60",
    "types": [
      "Colorless"
    ],
    "evolvesTo": [
      "Vaporeon",
      "Jolteon",
      "Flareon",
      "Sylveon",
      "Espeon",
      "Umbreon",
      "Leafeon",
      "Glaceon"
    ],
    "attacks": [
      {
        "name": "Curiosity",
        "cost": [
          "Colorless"
        ],
        "convertedEnergyCost": 1,
        "damage": "",
        "text": "Your opponent reveals their hand."
      },
      {
        "name": "Spin Tackle",
        "cost": [
          "Colorless",
          "Colorless"
        ],
        "convertedEnergyCost": 2,
        "damage": "30",
        "text": "Flip a coin. If tails, this Pokémon does 10 damage to itself."
      }
    ],
    "weaknesses": [
      {
        "type": "Fighting",
        "value": "×2"
      }
    ],
    "retreatCost": [
      "Colorless"
    ],
    "convertedRetreatCost": 1,
    "number": "48",
    "artist": "Kagemaru Himeno",
    "rarity": "Rare Holo",
    "flavorText": "The question of why only Eevee has such unstable genes has still not been solved.",
    "nationalPokedexNumbers": [
      133
    ],
    "legalities": {
      "unlimited": "Legal",

      "expanded": "Legal"
    },
    "images": {
      "small": "https://images.pokemontcg.io/sm115/48.png",
      "large": "https://images.pokemontcg.io/sm115/48_hires.png"
    }
  },
  {
    "id": "sm115-49",
    "name": "Eevee",
    "supertype": "Pokémon",
    "subtypes": [
      "Basic"
    ],
    "hp": "60",
    "types": [
      "Colorless"
    ],
    "evolvesTo": [
      "Vaporeon",
      "Jolteon",
      "Flareon",
      "Sylveon",
      "Espeon",
      "Umbreon",
      "Leafeon",
      "Glaceon"
    ],
    "attacks": [
      {
        "name": "Gnaw",
        "cost": [
          "Colorless"
        ],
        "convertedEnergyCost": 1,
        "damage": "20",
        "text": ""
      }
    ],
    "weaknesses": [
      {
        "type": "Fighting",
        "value": "×2"
      }
    ],
    "retreatCost": [
      "Colorless"
    ],
    "convertedRetreatCost": 1,
    "number": "49",
    "artist": "Hitoshi Ariga",
    "rarity": "Common",
    "flavorText": "Current studies show it can evolve into an incredible eight different species of Pokémon.",
    "nationalPokedexNumbers": [
      133
    ],
    "legalities": {
      "unlimited": "Legal",

      "expanded": "Legal"
    },
    "images": {
      "small": "https://images.pokemontcg.io/sm115/49.png",
      "large": "https://images.pokemontcg.io/sm115/49_hires.png"
    }
  },
  {
    "id": "sm115-50",
    "name": "Snorlax",
    "supertype": "Pokémon",
    "subtypes": [
      "Basic"
    ],
    "hp": "150",
    "types": [
      "Colorless"
    ],
    "attacks": [
      {
        "name": "Incredible Snore",
        "cost": [
          "Colorless",
          "Colorless",
          "Colorless",
          "Colorless"
        ],
        "convertedEnergyCost": 4,
        "damage": "100",
        "text": ""
      }
    ],
    "weaknesses": [
      {
        "type": "Fighting",
        "value": "×2"
      }
    ],
    "retreatCost": [
      "Colorless",
      "Colorless",
      "Colorless"
    ],
    "convertedRetreatCost": 3,
    "number": "50",
    "artist": "Akira Komayama",
    "rarity": "Rare",
    "flavorText": "It doesn't do anything other than eat and sleep. When prompted to make a serious effort, though, it apparently displays awesome power.",
    "nationalPokedexNumbers": [
      143
    ],
    "legalities": {
      "unlimited": "Legal",

      "expanded": "Legal"
    },
    "images": {
      "small": "https://images.pokemontcg.io/sm115/50.png",
      "large": "https://images.pokemontcg.io/sm115/50_hires.png"
    }
  },
  {
    "id": "sm115-51",
    "name": "Bill's Analysis",
    "supertype": "Trainer",
    "subtypes": [
      "Supporter"
    ],
    "rules": [
      "Look at the top 7 cards of your deck. You may reveal up to 2 Trainer cards you find there and put them into your hand. Shuffle the other cards back into your deck.",
      "You may play only 1 Supporter card during your turn (before your attack)."
    ],
    "number": "51",
    "artist": "Naoki Saito",
    "rarity": "Rare",
    "legalities": {
      "unlimited": "Legal",

      "expanded": "Legal"
    },
    "images": {
      "small": "https://images.pokemontcg.io/sm115/51.png",
      "large": "https://images.pokemontcg.io/sm115/51_hires.png"
    }
  },
  {
    "id": "sm115-52",
    "name": "Blaine's Last Stand",
    "supertype": "Trainer",
    "subtypes": [
      "Supporter"
    ],
    "rules": [
      "You can play this card only when it is the last card in your hand.",
      "Draw 2 cards for each Fire Pokémon you have in play.",
      "You may play only 1 Supporter card during your turn (before your attack)."
    ],
    "number": "52",
    "artist": "Ken Sugimori",
    "rarity": "Rare",
    "legalities": {
      "unlimited": "Legal",

      "expanded": "Legal"
    },
    "images": {
      "small": "https://images.pokemontcg.io/sm115/52.png",
      "large": "https://images.pokemontcg.io/sm115/52_hires.png"
    }
  },
  {
    "id": "sm115-53",
    "name": "Brock's Grit",
    "supertype": "Trainer",
    "subtypes": [
      "Supporter"
    ],
    "rules": [
      "Shuffle 6 in any combination of Pokémon and basic Energy cards from your discard pile into your deck.",
      "You may play only 1 Supporter card during your turn (before your attack)."
    ],
    "number": "53",
    "artist": "Megumi Mizutani",
    "rarity": "Uncommon",
    "legalities": {
      "unlimited": "Legal",

      "expanded": "Legal"
    },
    "images": {
      "small": "https://images.pokemontcg.io/sm115/53.png",
      "large": "https://images.pokemontcg.io/sm115/53_hires.png"
    }
  },
  {
    "id": "sm115-54",
    "name": "Brock's Pewter City Gym",
    "supertype": "Trainer",
    "subtypes": [
      "Stadium"
    ],
    "rules": [
      "Onix-GX (both yours and your opponent's) take 40 less damage from the opponent's attacks (after applying Weakness and Resistance).",
      "This card stays in play when you play it. Discard this card if another Stadium card comes into play. If another card with the same name is in play, you can't play this card."
    ],
    "number": "54",
    "artist": "5ban Graphics",
    "rarity": "Uncommon",
    "legalities": {
      "unlimited": "Legal",

      "expanded": "Legal"
    },
    "images": {
      "small": "https://images.pokemontcg.io/sm115/54.png",
      "large": "https://images.pokemontcg.io/sm115/54_hires.png"
    }
  },
  {
    "id": "sm115-55",
    "name": "Brock's Training",
    "supertype": "Trainer",
    "subtypes": [
      "Supporter"
    ],
    "rules": [
      "Attach an Energy card from your hand to 1 of your Geodude, Graveler, Golem, Onix-GX, Cubone, Rhyhorn, Rhydon, or Sudowoodo.",
      "You may play only 1 Supporter card during your turn (before your attack)."
    ],
    "number": "55",
    "artist": "TOKIYA",
    "rarity": "Rare Holo",
    "legalities": {
      "unlimited": "Legal",

      "expanded": "Legal"
    },
    "images": {
      "small": "https://images.pokemontcg.io/sm115/55.png",
      "large": "https://images.pokemontcg.io/sm115/55_hires.png"
    }
  },
  {
    "id": "sm115-56",
    "name": "Erika's Hospitality",
    "supertype": "Trainer",
    "subtypes": [
      "Supporter"
    ],
    "rules": [
      "You can play this card only if you have 4 or fewer other cards in your hand.",
      "Draw a card for each of your opponent's Pokémon in play.",
      "You may play only 1 Supporter card during your turn (before your attack)."
    ],
    "number": "56",
    "artist": "Sanosuke Sakuma",
    "rarity": "Rare",
    "legalities": {
      "unlimited": "Legal",

      "expanded": "Legal"
    },
    "images": {
      "small": "https://images.pokemontcg.io/sm115/56.png",
      "large": "https://images.pokemontcg.io/sm115/56_hires.png"
    }
  },
  {
    "id": "sm115-57",
    "name": "Giovanni's Exile",
    "supertype": "Trainer",
    "subtypes": [
      "Supporter"
    ],
    "rules": [
      "Discard up to 2 of your Benched Pokémon that have no damage counters on them and all cards attached to them.",
      "You may play only 1 Supporter card during your turn (before your attack)."
    ],
    "number": "57",
    "artist": "Megumi Mizutani",
    "rarity": "Uncommon",
    "legalities": {
      "unlimited": "Legal",

      "expanded": "Legal"
    },
    "images": {
      "small": "https://images.pokemontcg.io/sm115/57.png",
      "large": "https://images.pokemontcg.io/sm115/57_hires.png"
    }
  },
  {
    "id": "sm115-58",
    "name": "Jessie & James",
    "supertype": "Trainer",
    "subtypes": [
      "Supporter"
    ],
    "rules": [
      "Each player discards 2 cards from their hand. Your opponent discards first.",
      "You may play only 1 Supporter card during your turn (before your attack)."
    ],
    "number": "58",
    "artist": "Megumi Mizutani",
    "rarity": "Rare Holo",
    "legalities": {
      "unlimited": "Legal",

      "expanded": "Banned"
    },
    "images": {
      "small": "https://images.pokemontcg.io/sm115/58.png",
      "large": "https://images.pokemontcg.io/sm115/58_hires.png"
    }
  },
  {
    "id": "sm115-59",
    "name": "Koga's Trap",
    "supertype": "Trainer",
    "subtypes": [
      "Supporter"
    ],
    "rules": [
      "Your opponent's Active Pokémon is now Confused and Poisoned.",
      "You may play only 1 Supporter card during your turn (before your attack)."
    ],
    "number": "59",
    "artist": "Megumi Mizutani",
    "rarity": "Uncommon",
    "legalities": {
      "unlimited": "Legal",

      "expanded": "Legal"
    },
    "images": {
      "small": "https://images.pokemontcg.io/sm115/59.png",
      "large": "https://images.pokemontcg.io/sm115/59_hires.png"
    }
  },
  {
    "id": "sm115-60",
    "name": "Lt. Surge's Strategy",
    "supertype": "Trainer",
    "subtypes": [
      "Supporter"
    ],
    "rules": [
      "You can play this card only if you have more Prize cards remaining than your opponent.",
      "During this turn, you can play 3 Supporter cards (including this card).",
      "You may play only 1 Supporter card during your turn (before your attack)."
    ],
    "number": "60",
    "artist": "Megumi Mizutani",
    "rarity": "Uncommon",
    "legalities": {
      "unlimited": "Legal",

      "expanded": "Banned"
    },
    "images": {
      "small": "https://images.pokemontcg.io/sm115/60.png",
      "large": "https://images.pokemontcg.io/sm115/60_hires.png"
    }
  },
  {
    "id": "sm115-61",
    "name": "Misty's Cerulean City Gym",
    "supertype": "Trainer",
    "subtypes": [
      "Stadium"
    ],
    "rules": [
      "The attacks of Starmie-GX (both yours and your opponent's) do 40 more damage to the opponent's Active Pokémon (before applying Weakness and Resistance).",
      "This card stays in play when you play it. Discard this card if another Stadium card comes into play. If another card with the same name is in play, you can't play this card."
    ],
    "number": "61",
    "artist": "5ban Graphics",
    "rarity": "Uncommon",
    "legalities": {
      "unlimited": "Legal",

      "expanded": "Legal"
    },
    "images": {
      "small": "https://images.pokemontcg.io/sm115/61.png",
      "large": "https://images.pokemontcg.io/sm115/61_hires.png"
    }
  },
  {
    "id": "sm115-62",
    "name": "Misty's Determination",
    "supertype": "Trainer",
    "subtypes": [
      "Supporter"
    ],
    "rules": [
      "Discard a card from your hand. If you do, look at the top 8 cards of your deck and put 1 of them into your hand. Shuffle the other cards back into your deck.",
      "You may play only 1 Supporter card during your turn (before your attack)."
    ],
    "number": "62",
    "artist": "Megumi Mizutani",
    "rarity": "Uncommon",
    "legalities": {
      "unlimited": "Legal",

      "expanded": "Legal"
    },
    "images": {
      "small": "https://images.pokemontcg.io/sm115/62.png",
      "large": "https://images.pokemontcg.io/sm115/62_hires.png"
    }
  },
  {
    "id": "sm115-63",
    "name": "Misty's Water Command",
    "supertype": "Trainer",
    "subtypes": [
      "Supporter"
    ],
    "rules": [
      "Move any number of Water Energy from your Pokémon to your Psyduck, Horsea, Staryu, Starmie-GX, Magikarp, Gyarados, or Lapras in any way you like.",
      "You may play only 1 Supporter card during your turn (before your attack)."
    ],
    "number": "63",
    "artist": "TOKIYA",
    "rarity": "Rare Holo",
    "legalities": {
      "unlimited": "Legal",

      "expanded": "Legal"
    },
    "images": {
      "small": "https://images.pokemontcg.io/sm115/63.png",
      "large": "https://images.pokemontcg.io/sm115/63_hires.png"
    }
  },
  {
    "id": "sm115-64",
    "name": "Pokémon Center Lady",
    "supertype": "Trainer",
    "subtypes": [
      "Supporter"
    ],
    "rules": [
      "Heal 60 damage and remove all Special Conditions from 1 of your Pokémon.",
      "You may play only 1 Supporter card during your turn (before your attack)."
    ],
    "number": "64",
    "artist": "TOKIYA",
    "rarity": "Uncommon",
    "legalities": {
      "unlimited": "Legal",
      "standard": "Legal",
      "expanded": "Legal"
    },
    "images": {
      "small": "https://images.pokemontcg.io/sm115/64.png",
      "large": "https://images.pokemontcg.io/sm115/64_hires.png"
    }
  },
  {
    "id": "sm115-65",
    "name": "Sabrina's Suggestion",
    "supertype": "Trainer",
    "subtypes": [
      "Supporter"
    ],
    "rules": [
      "Your opponent reveals their hand. You may choose a Supporter card you find there and use the effect of that card as the effect of this card.",
      "You may play only 1 Supporter card during your turn (before your attack)."
    ],
    "number": "65",
    "artist": "Hitoshi Ariga",
    "rarity": "Uncommon",
    "legalities": {
      "unlimited": "Legal",

      "expanded": "Legal"
    },
    "images": {
      "small": "https://images.pokemontcg.io/sm115/65.png",
      "large": "https://images.pokemontcg.io/sm115/65_hires.png"
    }
  },
  {
    "id": "sm115-66",
    "name": "Moltres & Zapdos & Articuno-GX",
    "supertype": "Pokémon",
    "subtypes": [
      "Basic",
      "TAG TEAM",
      "GX"
    ],
    "hp": "300",
    "types": [
      "Colorless"
    ],
    "rules": [
      "TAG TEAM rule: When your TAG TEAM is Knocked Out, your opponent takes 3 Prize cards."
    ],
    "attacks": [
      {
        "name": "Trinity Burn",
        "cost": [
          "Fire",
          "Water",
          "Lightning",
          "Colorless"
        ],
        "convertedEnergyCost": 4,
        "damage": "210",
        "text": ""
      },
      {
        "name": "Sky Legends-GX",
        "cost": [
          "Colorless"
        ],
        "convertedEnergyCost": 1,
        "damage": "",
        "text": "Shuffle this Pokémon and all cards attached to it into your deck. If this Pokémon has at least 1 extra Fire, Water, and Lightning Energy attached to it (in addition to this attack's cost), this attack does 110 damage to 3 of your opponent's Pokémon. (Don't apply Weakness and Resistance for Benched Pokémon.) (You can't use more than 1 GX attack in a game.)"
      }
    ],
    "weaknesses": [
      {
        "type": "Lightning",
        "value": "×2"
      }
    ],
    "resistances": [
      {
        "type": "Fighting",
        "value": "-20"
      }
    ],
    "retreatCost": [
      "Colorless",
      "Colorless",
      "Colorless"
    ],
    "convertedRetreatCost": 3,
    "number": "66",
    "artist": "5ban Graphics",
    "rarity": "Rare Ultra",
    "nationalPokedexNumbers": [
      144,
      145,
      146
    ],
    "legalities": {
      "unlimited": "Legal",

      "expanded": "Legal"
    },
    "images": {
      "small": "https://images.pokemontcg.io/sm115/66.png",
      "large": "https://images.pokemontcg.io/sm115/66_hires.png"
    }
  },
  {
    "id": "sm115-67",
    "name": "Giovanni's Exile",
    "supertype": "Trainer",
    "subtypes": [
      "Supporter"
    ],
    "rules": [
      "Discard up to 2 of your Benched Pokémon that have no damage counters on them and all cards attached to them.",
      "You may play only 1 Supporter card during your turn (before your attack)."
    ],
    "number": "67",
    "artist": "TOKIYA",
    "rarity": "Rare Ultra",
    "legalities": {
      "unlimited": "Legal",

      "expanded": "Legal"
    },
    "images": {
      "small": "https://images.pokemontcg.io/sm115/67.png",
      "large": "https://images.pokemontcg.io/sm115/67_hires.png"
    }
  },
  {
    "id": "sm115-68",
    "name": "Jessie & James",
    "supertype": "Trainer",
    "subtypes": [
      "Supporter"
    ],
    "rules": [
      "Each player discards 2 cards from their hand. Your opponent discards first.",
      "You may play only 1 Supporter card during your turn (before your attack)."
    ],
    "number": "68",
    "artist": "Megumi Mizutani",
    "rarity": "Rare Ultra",
    "legalities": {
      "unlimited": "Legal",

      "expanded": "Banned"
    },
    "images": {
      "small": "https://images.pokemontcg.io/sm115/68.png",
      "large": "https://images.pokemontcg.io/sm115/68_hires.png"
    }
  },
  {
    "id": "sm115-69",
    "name": "Moltres & Zapdos & Articuno-GX",
    "supertype": "Pokémon",
    "subtypes": [
      "Basic",
      "TAG TEAM",
      "GX"
    ],
    "hp": "300",
    "types": [
      "Colorless"
    ],
    "rules": [
      "TAG TEAM rule: When your TAG TEAM is Knocked Out, your opponent takes 3 Prize cards."
    ],
    "attacks": [
      {
        "name": "Trinity Burn",
        "cost": [
          "Fire",
          "Water",
          "Lightning",
          "Colorless"
        ],
        "convertedEnergyCost": 4,
        "damage": "210",
        "text": ""
      },
      {
        "name": "Sky Legends-GX",
        "cost": [
          "Colorless"
        ],
        "convertedEnergyCost": 1,
        "damage": "",
        "text": "Shuffle this Pokémon and all cards attached to it into your deck. If this Pokémon has at least 1 extra Fire, Water, and Lightning Energy attached to it (in addition to this attack's cost), this attack does 110 damage to 3 of your opponent's Pokémon. (Don't apply Weakness and Resistance for Benched Pokémon.) (You can't use more than 1 GX attack in a game.)"
      }
    ],
    "weaknesses": [
      {
        "type": "Lightning",
        "value": "×2"
      }
    ],
    "resistances": [
      {
        "type": "Fighting",
        "value": "-20"
      }
    ],
    "retreatCost": [
      "Colorless",
      "Colorless",
      "Colorless"
    ],
    "convertedRetreatCost": 3,
    "number": "69",
    "artist": "5ban Graphics",
    "rarity": "Rare Rainbow",
    "nationalPokedexNumbers": [
      144,
      145,
      146
    ],
    "legalities": {
      "unlimited": "Legal",

      "expanded": "Legal"
    },
    "images": {
      "small": "https://images.pokemontcg.io/sm115/69.png",
      "large": "https://images.pokemontcg.io/sm115/69_hires.png"
    }
  }
]